battery_id,cycle_number,SOH,RUL_cycles,health_class,PC1,PC2,PC3,PC4,PC5,PC6,PC7,PC8,PC9,PC10,PC11,PC12,PC13,PC14,PC15,PC16
B0005,1,0.9282437104090786,167,Healthy,-3.231000333631588,0.8857506843443598,1.3571748439782199,-6.982016141966178,0.7681137434717066,1.6936228932462332,-0.6353791186217336,0.8198925597047616,0.9190166577993197,0.09672388299334723,0.08531081901345774,0.898857714011883,0.20706420273751222,-1.5809543955816165,0.3245079167865482,-0.1926756569532944
B0005,2,0.9231636248599636,166,Healthy,-3.3527617624007906,1.2881734992598055,1.330301671983389,-6.656422742143508,1.0053393744855332,2.7529308499670906,-1.0428765169885654,0.12593154458775088,0.3100450958096502,0.18875519213743994,-0.06759272931770507,1.001976976079383,0.9683489459644705,-0.28473993186024166,-0.1974449735310141,-0.17825436527814936
B0005,3,0.917674597111704,165,Healthy,-3.361312357600714,1.0940055206304005,1.3500293069046505,-6.771523760571905,1.0862972570622553,2.269616842252934,-0.8737854325965668,0.4055727217811919,0.5852160602845486,0.09860167859021098,0.025864259716187287,0.9762573585317563,0.6219103956374377,-0.842152936222456,-0.23097814395962166,-0.20559963008003598
B0005,4,0.9176312637910564,164,Healthy,-3.285214586829557,1.048204580887804,1.347363134242478,-6.86225525874529,0.9436783954974811,2.0922441218818313,-0.7952314484622958,0.5080316739876723,0.6730830661323361,0.09714231920152101,0.008247337010149876,0.9328432072714884,0.4860230725353314,-0.9663575760649681,0.0853332557597945,-0.18775372347030495
B0005,5,0.9173227541060208,163,Healthy,-3.06653664686755,0.8995743526727653,1.440660794551205,-7.12610131383061,0.6201686870504969,1.2172656337043817,-0.4202968609802953,1.1501702424771028,1.1536028019822342,-0.056927498004325595,0.009196025110164452,1.0195931512993643,0.03292826669191973,-2.083936686643011,1.3629668668560138,-0.14064475416618957
B0005,6,0.9178308300337746,162,Healthy,-3.125521938340718,1.1016583495921657,1.389285827762895,-6.951875447729192,0.6663460947281221,1.8027306520162378,-0.6461942545147095,0.7626494145838764,0.831154571025682,0.06151600357508116,-0.00012678549771663226,1.0640228834945207,0.3968169894424498,-1.330986476981587,0.9140730849399936,-0.14116301975762544
B0005,7,0.9175730714613302,161,Healthy,-3.1830588649616502,1.1655552657129984,1.3063862480601098,-6.862521377567234,0.7254629614413508,2.2038492798718474,-0.8166335801355705,0.47836281328716956,0.6170259912638301,0.13808063660193448,-0.03297877499481964,0.9477014317167093,0.5321055023521658,-0.7138183319598064,0.3440134805339526,-0.1575362096849801
B0005,8,0.9128783952832767,160,Healthy,-3.50815895003757,1.218214738614025,1.309343249767889,-6.578445463351422,1.3849977390484132,2.958906309176261,-1.1708419426848689,-0.14285799214235784,0.21565474889526817,0.23557731599513115,-0.13077923929346716,0.9164979359234183,1.103698158276167,0.17769390872665866,-0.9306691374217104,-0.21651815821045287
B0005,9,0.9123869264945668,159,Healthy,-3.27106086096565,1.3606449119235173,1.5058963706266295,-6.687615290053271,1.0562769719560086,2.518074492295547,-0.9274783623144132,0.24009049137647548,0.43141489937668254,0.09230217086751308,-0.257247703230613,1.3062656181622128,1.2279010807997806,-0.5874403145029088,0.9911220592133875,-0.10696955694609957
B0005,10,0.912306634248468,158,Healthy,-3.1350683778176727,1.0102393847009112,1.4756838873866411,-7.005143459554846,0.7763606386618047,1.6177547137702628,-0.5839730609200297,0.788209529627425,0.9336798702049037,0.04194331909402876,-0.09022338085416952,1.1179488077016488,0.4359925852823029,-1.482298917638369,1.2770072946755715,-0.12278645976555483
B0005,11,0.9123097763432252,157,Healthy,-3.168290064135794,1.0263281677727976,1.3682617382634639,-6.966066734295054,0.7548333566813612,1.9956712549370867,-0.746615389771424,0.47563131283381577,0.7230230676889071,0.14395413649301325,-0.11265634128756298,0.9223978112513304,0.48656253459396315,-0.78672892056319,0.6948585192085297,-0.13629252941362485
B0005,12,0.907100967883696,156,Healthy,-3.405853402268796,1.0400352367147765,1.407878781886405,-6.766926757355682,1.2547620241373514,2.3843147850577866,-0.9406914266126619,0.1316024362164074,0.5258017504337715,0.2086538426942775,-0.10618356370047337,0.9995744320270631,0.8549161409432656,-0.4051050327012151,-0.16248498789451227,-0.18512743480158086
B0005,13,0.9068760788774526,155,Healthy,-3.4589805360014227,1.0474985986980232,1.3035764865801018,-6.723012126172986,1.2245416117322692,2.76597740330596,-1.1059834151216834,-0.22784622617164554,0.3029687608874212,0.3333621252280038,-0.05616501035838234,0.8466392920888169,0.8882307091208719,0.3208262084212223,-0.8103323496327816,-0.20106723945126387
B0005,14,0.9067202457367912,154,Healthy,-3.311008492541935,0.9986967893976391,1.3563660277802694,-6.866918985926173,0.9935810077520981,2.311977905284637,-0.904335815848005,0.11123002228494655,0.5570369271915111,0.2439615615269301,-0.0617284413683284,0.9236974970242303,0.6753641127210854,-0.24993115099720303,0.00278282270545653,-0.16531590578241367
B0005,15,0.9012990018153252,153,Healthy,-3.3994499390578405,0.8545081982336123,1.4347458823685255,-6.881903969196587,1.2886968767597942,1.936773249767949,-0.7848930277143689,0.3407251014945748,0.7936832049714406,0.15985300523986673,-0.017087103678364406,1.0118032411567965,0.5775396484275941,-0.863169431319844,-0.09321428603788366,-0.2003323319507026
B0005,16,0.901053450123075,152,Healthy,-3.5127115580178025,1.1566005841884552,1.3712078070897944,-6.610696270744686,1.4157669757287594,2.954883735061702,-1.1826232673962584,-0.3811048268810959,0.21873336325432732,0.3210523846382816,-0.13308263154275723,1.032165658284886,1.245365836866398,0.46710087472432266,-0.7036656813723123,-0.1888291021823193
B0005,17,0.9012897504131046,151,Healthy,-3.412870238015833,0.8141767319777977,1.327375600537851,-6.893986075452266,1.182176720847078,2.257492735823981,-0.9241519981756857,-0.003742561492283147,0.5964680859942881,0.28944695305071744,-0.017468555883973554,0.7909648257221875,0.5609164928871183,-0.11657668771699113,-0.59280520966892,-0.20423117753359818
B0005,18,0.9015341571417048,150,Healthy,-3.2415675984028476,0.5010403999908087,1.3429496131017933,-7.217241051785788,0.8593046252314157,1.3906187005069657,-0.5789750677368787,0.538736154516514,1.0632616132379582,0.20169429528742944,0.0425690747600021,0.6424277810091373,-0.11545667714417873,-0.9960798873896108,0.10059939503223433,-0.18966555722288342
B0005,19,0.901388812359802,149,Healthy,-3.2703920482196134,0.8782709689255179,1.3692332517309518,-6.966851884436212,0.9075093905453273,2.1796872739130513,-0.8603572035916527,0.05980607304845897,0.6204673593792248,0.28786315890558,-0.10285831268735729,0.8521015782988334,0.5878540904777343,-0.12961067131573287,0.20055103581277425,-0.14562345153377837
B0005,20,0.9235129974664598,148,Healthy,-3.2395876176575173,1.3571973059859042,1.5858725082258958,-6.702947815858027,0.8681251013837237,2.2025529976430227,-0.7932021511252926,0.2743098345457879,0.6363008638600449,0.14503677508659052,0.015098322664462835,1.7758364017009847,1.2128227078702603,-0.804147338728157,1.4256703717928954,-0.07941765901052873
B0005,21,0.923708655641822,147,Healthy,-3.216267236417825,0.8617709019257098,1.3530249957764462,-6.993173587411291,0.8074210933899443,1.8424728944733406,-0.7208111288815438,0.5049529239566741,0.8762283069353949,0.1511957311457986,-0.132268408650757,0.886471395482004,0.3569067711115912,-0.6990969374066378,0.36227379448568925,-0.15705111078959783
B0005,22,0.9180887106739474,146,Healthy,-3.3508966234261726,1.0161667716149463,1.4032575286585733,-6.796525535547237,1.1183832945467127,2.2135931623041722,-0.8769703881736034,0.23387889700778408,0.6890606170236055,0.16724942488571737,-0.13838479014344776,1.0978631214994474,0.7979420237316255,-0.4051269545903163,0.06440380111596238,-0.16803371318431845
B0005,23,0.912890373788812,145,Healthy,-3.3121306515228492,1.034125389347898,1.54887083708975,-6.819344558637626,1.2125007283547806,1.915346567637221,-0.7469709371494885,0.46720631623342584,0.86423974788681,0.03440625093076969,-0.24237411583905366,1.3161248187094012,0.9236582576399207,-0.9816412979641602,0.8634330534884441,-0.13573335517769033
B0005,24,0.9125568217539184,144,Healthy,-3.426353411282423,1.2196981262441853,1.3798183656484884,-6.6114704463796885,1.2526045623343618,2.770040166371595,-1.099617630358179,-0.18644923175282088,0.3955305233704922,0.2672353563274534,-0.12721603830277411,1.2107738750969377,1.2187455730034167,0.29949422463082254,-0.36453101733211907,-0.1705919646921288
B0005,25,0.912790752110188,143,Healthy,-3.213490350848223,0.6473319989024301,1.4031630480496573,-7.129674376095452,0.8769917665795818,1.4991818272178454,-0.609089448256518,0.574718845446324,1.0630865273292112,0.11736354082295893,-0.19525690450150074,0.7951266130264216,0.20853012155311137,-0.9084295622598153,0.5824102371452312,-0.15148366485098547
B0005,26,0.9070155637541956,142,Healthy,-3.327771907842594,0.9086148788686947,1.549639882498358,-6.883036593555939,1.2235220132145075,1.791361818035926,-0.7170109706499712,0.39135552205205737,0.927556518845709,0.10736286554663697,-0.1555940535724269,1.2749236884760802,0.8086284569284774,-0.9260543532744816,0.6944682735117892,-0.14587976570398192
B0005,27,0.9073845970579468,141,Healthy,-3.355589202118592,0.7569943255865442,1.3499371108365583,-6.945761620336285,1.0954393778454852,2.039765302051759,-0.8463826828274175,0.09773652652786599,0.7796118212572202,0.24961606081202872,-0.07777933270612003,0.8626680283191115,0.5183486607928586,-0.15976539742395107,-0.31064026331311245,-0.1859707935562749
B0005,28,0.906984694355176,140,Healthy,-3.3380693886647905,0.6810607238014315,1.2581362808278647,-7.003463650095384,0.9751038220977039,2.047242345038369,-0.8616091236443446,0.030917059656390716,0.7768326202358754,0.3336871016036588,0.008937864163707057,0.6861706429975805,0.29992093384204327,0.08141817386342436,-0.7079814863866338,-0.2043559266072242
B0005,29,0.9013828325839116,139,Healthy,-3.4627580161977396,1.1582407537871864,1.4434731328180015,-6.611205507189564,1.4274686552360183,2.7477357650851797,-1.1121338400823406,-0.3003768761913426,0.4258475405998997,0.2823816991983975,-0.1951999536003254,1.2463064937912567,1.355241604814086,0.3900653227285954,-0.3315922726334363,-0.167495390626978
B0005,30,0.902038520058676,138,Healthy,-3.3494094925815316,0.7395948314967329,1.3278371219748422,-6.947973748204806,1.119557940814023,2.0353757173540084,-0.8582382489089012,0.06791749933501871,0.8132744843871214,0.2844697866392718,-0.058981617299719805,0.8273030116544603,0.4851634025593989,-0.06158819290516604,-0.5042994486562656,-0.1980439778929028
B0005,31,0.9259012758352244,137,Healthy,-1.1508749427668838,-0.0361869255480328,1.5557252387372216,1.0345048837366553,0.7022722753244096,0.3047329898591085,-0.3392251068947592,-0.7056267520646622,-0.30747844956879045,0.39503143188607576,0.10804982420002476,-0.13683957604155092,-0.2157395924183485,-0.15727199546270565,-0.6956462565535051,-0.06346771018836533
B0005,32,0.9153519228369714,136,Healthy,-1.1231433524963461,-0.07706671048470949,1.5659467624358205,1.000786472233756,0.8322936865420192,0.2096134825405127,-0.31019188018796173,-0.5781092127070027,-0.24317089333105718,0.2734913266188546,-0.12589221257466143,-0.2643477087494602,-0.2256122810620518,-0.2896847766265089,-0.40959312112774765,-0.052395210686505836
B0005,33,0.9099520544750634,135,Healthy,-1.0863661423219493,-0.017793420515181284,1.623110545295663,1.0039771500495367,0.8333282820029697,0.10738438339290673,-0.2584373064661173,-0.5160271206480694,-0.1821087785965581,0.24961263518721433,-0.1110373113054876,-0.0952947581816974,-0.137849350234421,-0.50390433217628,-0.010595921748949426,-0.03288385439026598
B0005,34,0.904653981851426,134,Healthy,-0.9868866905657175,0.008176732367622957,1.596686882142963,1.5042660301816535,0.899365808921008,-0.07336962376502355,-0.21088595513194683,-0.5438587547465448,-0.18791362078685006,0.26654521961386723,-0.11731721832788006,-0.08383189244556467,-0.21895483033328283,-0.4189719338014593,-0.014691794485223906,-0.04873955393594438
B0005,35,0.90230495229026,133,Healthy,-0.9521204242734352,0.5440062896250891,1.7885926996772603,1.2397425081716706,0.787816099076536,0.6752511561160564,-0.4052003050050677,-0.7079606216491486,-0.49039140621383503,0.17228799238583412,-0.45765293822501557,0.4209966327081348,0.8231870663606179,-0.20148744972770424,1.5047260178108512,0.08851962573661368
B0005,36,0.8996885325986096,132,Healthy,-1.0108174364677343,0.01593841596199116,1.548105861466964,1.5424720243414671,0.9436601310518848,0.12599357878670744,-0.30509802932389435,-0.7249698031109783,-0.2797398586398497,0.3559567739851598,-0.07985631497905024,-0.1510456812803318,-0.18521725890882593,-0.041349870737888025,-0.4626202361143222,-0.06699505345132173
B0005,37,0.8942216167685231,131,Healthy,-1.1110008092274735,0.17842966104419444,1.5939545355000462,1.152703800656945,1.0222499121657826,0.46765083644026045,-0.4118274298358835,-0.7371006391439413,-0.30859452977188645,0.2809505525009243,-0.12503706387749436,0.039631220063310026,0.1976605909651844,-0.1006129540198522,-0.3255442302335564,-0.0446133145948364
B0005,38,0.8914615242126362,130,Healthy,-1.067150708686849,-0.008876315417349043,1.5417298624487232,1.0208992074529812,0.9321544462905544,0.17733982883818178,-0.3150558150094084,-0.6002816819645123,-0.13658388005714286,0.30723079337872194,-0.06434051698421019,-0.14279333755843862,-0.14330101825773678,-0.2803876557911661,-0.4739891512031692,-0.06317917681204296
B0005,39,0.8865168579009144,129,Healthy,-1.030071385251115,0.11604479292291044,1.6072188621724572,1.0686775968057232,0.9723146568493768,0.18232565413754548,-0.30241094616513087,-0.544436451399003,-0.11356045571300087,0.23761383316081194,-0.11562414892167751,0.061631852655404475,0.062350607291190796,-0.4387717616032917,-0.045116030334708776,-0.04052613516791876
B0005,40,0.8865188775394685,128,Healthy,-1.0849937424179488,0.18325735822836034,1.4898553623590656,1.1695740061162103,0.9640400805877776,0.7640757353718688,-0.5471271102375743,-1.0045019365381203,-0.4336054143752027,0.39504388596893836,-0.11528464123987128,-0.1203373734033206,0.21939558454664984,0.5194342371395367,-0.831046779177625,-0.05685806641480434
B0005,41,0.8839360553331027,127,Healthy,-0.8777865990770215,-0.006673619878782823,1.5875925533922592,1.455892231756191,0.893906421912647,-0.21869707458112647,-0.17317471048222824,-0.45433792229347153,-0.004348980258750264,0.29314635959088914,-0.0993859445390428,-0.056858425295327024,-0.29541226188692077,-0.4619508311613593,0.011982725182498242,-0.05504519634828722
B0005,42,0.8811575352046545,126,Healthy,-1.012499271503163,0.1591308372449742,1.505824078312159,1.6655275704905093,1.0947124075932642,0.5007234313924684,-0.4736010293611692,-0.9701603252370302,-0.39259022476266764,0.4227291095778098,-0.13034827766309737,-0.10113253655932826,0.09617002878559358,0.4936864767300687,-0.8350894924713225,-0.07777704011767773
B0005,43,0.8838086462469223,125,Healthy,-3.3497747916741782,0.726024998883076,1.4337017609284888,-6.889244460933016,1.3817829240737292,1.8042089138412583,-0.8064828360336114,0.15822388019890266,1.0928045260967225,0.4240494597176609,-0.02826836683831844,1.0431525145328038,0.6499128107916078,-0.32372984048867415,-0.5846823292801039,-0.22256314084586662
B0005,44,0.8813341798715735,124,Healthy,-1.0006222247688337,0.1614135362333144,1.566566091994535,1.093234982055883,0.9371478810471375,0.33004466932105303,-0.3684351054521911,-0.6501452046895793,-0.15502737563198027,0.3350091007327243,-0.15383891774402536,0.0037642125715428186,0.10525436474587094,-0.0941110430683117,-0.19283768417519015,-0.03874920144581118
B0005,45,0.8758652435332072,123,Healthy,-0.9706542452138528,-0.06157666458311412,1.5173287372044566,0.9470937499650403,0.9114927257709072,-0.09797831999290332,-0.22666994870382962,-0.4200407154597096,0.11678345769143628,0.27531027924464746,-0.047159631241268964,-0.12200407426041068,-0.3104499388011871,-0.49606287091348267,-0.3808812755307975,-0.0708894032836022
B0005,46,0.8709248023980004,122,Healthy,-1.024821940346489,0.0015100194190510812,1.5026890545400315,1.0341308406151641,1.042494379159557,0.13835471294054139,-0.329794923505205,-0.5985890100407524,0.0034218531488786753,0.3184217070594375,-0.052331048220178485,-0.08851908358510856,-0.12426850820179255,-0.21655650169120302,-0.6714675174456796,-0.08148900358539765
B0005,47,0.8680456755923569,121,Healthy,-0.8802600248741611,-0.029344413973665672,1.5754919025742617,0.908436190586465,0.8653003079231132,-0.30588503530902716,-0.13181983143920958,-0.24682011713238625,0.2596032966077253,0.21134871742009345,-0.09305628737104187,0.024917479555456163,-0.2705000332967877,-0.8390186272214527,0.22018768676436642,-0.04288032501320959
B0005,48,0.8968120074286804,120,Healthy,-1.012904552757314,-0.059687040185318264,1.6419176563761664,1.0007830338830637,0.7600449923473517,0.09672536757885519,-0.27878953884211194,-0.6617087707790784,-0.07769508701170406,0.1439548491323792,-0.07182928627358924,0.15270270710356898,-0.16263142877121656,-0.1050848134038177,0.16644419886090234,-0.00663167005310966
B0005,49,0.8915945111636638,119,Healthy,-1.0665371746222985,0.2082952062898826,1.5755764648224593,1.7676056744525714,1.1448718955665496,0.7178521392445926,-0.5591627031535112,-1.157989903152342,-0.5110985930931394,0.48270692413407545,-0.21951914659047142,0.02416417305970205,0.355107362402882,0.877915097530179,-0.7838719997540503,-0.055926305314625085
B0005,50,0.8836821038139479,118,Healthy,-1.0838679542378677,-0.009551841713634046,1.5452236732341356,1.096330631421241,1.0595208764337778,0.33591391483062844,-0.4093893214038056,-0.7665677273179414,-0.13064316465472522,0.36990849200530374,-0.128164617775484,-0.08779703884165509,-0.0008185902874321552,0.1700279109794417,-0.7721817171677354,-0.06984675187191336
B0005,51,0.8785088925176533,117,Healthy,-1.0273906245820448,0.1637575063857116,1.5503898192116674,1.1610547475219155,1.0002351932046107,0.5723879675912528,-0.4834463214689879,-0.8914278095645163,-0.24752635013269586,0.3712261181871065,-0.2078325319385406,0.02320531976592598,0.2654201799132952,0.41660730652751926,-0.4542435372169847,-0.036899730131166535
B0005,52,0.8734353089918954,116,Healthy,-1.0894020862466574,0.3053347137991842,1.5220605884825407,1.296968628184111,1.1438034873369318,0.9503295341099224,-0.6394542161648117,-1.1426825385876607,-0.4282462502966,0.43382058735882995,-0.2091960700984269,0.08755495911465348,0.5554391513906661,0.8402151432886424,-0.8433645582507592,-0.04934468073910506
B0005,53,0.8708586253728572,115,Healthy,-0.9908122538893286,0.05709270692729208,1.4697107902595188,1.0829072354325233,0.9587609655280839,0.4157124569403554,-0.44268726294635635,-0.8234811023434703,-0.11849423053950543,0.4185939961672069,-0.10996103652253653,-0.10659731268495669,0.018359163286352807,0.3779738324489547,-0.8209699456432398,-0.0674933686403198
B0005,54,0.8682112528239093,114,Healthy,-0.8631670474717118,-0.053118945965657825,1.5396158231408468,0.9225629810472583,0.8134301780690055,-0.15888627527174162,-0.206510670383172,-0.3865193578800402,0.2220318155407861,0.31124692273016147,-0.08521935292511301,-0.04137060930338227,-0.2924090181880233,-0.3783056399751766,-0.1543996193631331,-0.0518289165644709
B0005,55,0.8631608619617913,113,Healthy,-0.8283392591994339,0.07505626666579819,1.5697454310648729,0.9633140695338891,0.8285585662874191,-0.13996954539204673,-0.19840441841862294,-0.32549340206762234,0.231208029819471,0.2574789618869937,-0.1650439344802006,0.09649579269058615,-0.12416277750770612,-0.4895702725899721,0.25617887462192274,-0.027996835868807062
B0005,56,0.8579032694665066,112,Healthy,-0.8536310388553867,0.07649272001161575,1.5509165352352967,0.9864117393554679,0.9200970907795148,-0.11971415411006721,-0.21855633403399402,-0.3430808297352616,0.24653673867567036,0.2497261287241897,-0.13612473478528056,0.11013315983826484,-0.11236716023628555,-0.4701475898900985,0.02683680288405783,-0.04580655327587292
B0005,57,0.855266675567596,111,Healthy,-0.7984160369263519,0.012833143742422285,1.5500407381919932,0.9150243574969689,0.8499154555750209,-0.31963421239807227,-0.14175373322356616,-0.20746278073783198,0.3749278500014122,0.24510880612585792,-0.12371889158728246,0.07751841071502118,-0.2581153304986377,-0.6778197315282117,0.16967937390402574,-0.04473572981329148
B0005,58,0.8530072498242605,110,Healthy,-1.0060886375222604,0.6453424028138984,1.495800956619125,1.4659333820716565,1.183245162386743,1.449602439221462,-0.8260780845866871,-1.3530563522673855,-0.5915567947483708,0.4725168328463954,-0.3096934605761013,0.2978792162240212,1.0443468764854702,1.3890416035489057,-0.7972999824283231,-0.02994914901647029
B0005,59,0.8501555136321294,109,Healthy,-0.8330539092370901,0.20777518124276553,1.4601354752861664,1.6306569352080371,1.0815333639128115,0.2754210409386636,-0.41200067892426107,-0.7783913053050776,-0.06343753140056428,0.4299117631080885,-0.17980992446198898,0.03238915715463856,0.07202237978981811,0.45148854737787747,-0.6565681365050458,-0.07662923272147834
B0005,60,0.8472899300898948,108,Healthy,-0.9806237751704945,0.6758177942855986,1.4688147057412926,1.4641503425737767,1.160649057055943,1.4502896727832675,-0.8267165616087352,-1.3337226652546523,-0.5712546831292044,0.48690773779715363,-0.3187274398195336,0.2960630046542882,1.0277186713455195,1.426785527266759,-0.7823700291781688,-0.028467796064514588
B0005,61,0.8424514543304643,107,Healthy,-0.7770616228309095,0.1984944561423775,1.539073653247451,1.026845922766619,0.9308430789788797,-0.021955607740001607,-0.2565989589170466,-0.33742864356811436,0.27014123174871935,0.28366359755111886,-0.2031710537631409,0.1917641241889113,0.04864049863088267,-0.3562406308923238,0.1536378624301533,-0.0360965044368958
B0005,62,0.8372370795579858,106,Healthy,-0.7594094568023216,0.11247645618773093,1.5318453521509194,0.9541519240323577,0.9368301088008406,-0.32818132184472715,-0.14620739686753523,-0.13415096514817354,0.46555765314123504,0.25224240131876285,-0.10851907993536075,0.20008413974693903,-0.17089093870309013,-0.7269066768324833,0.1071369088978964,-0.05664465216715094
B0005,63,0.8372846239939551,105,Healthy,-0.958191544257543,0.8302021926264062,1.4742323428339874,1.5644032493276183,1.2401869199104854,1.7295623719523945,-0.9362985148269859,-1.474048888001589,-0.6682214386877938,0.49147249591674824,-0.4010577591497747,0.4093694013719603,1.334182353141208,1.7176185973280198,-0.7701767569451065,-0.018495114703826282
B0005,64,0.8318581879907025,104,Healthy,-0.8040224046682026,0.3945094063404948,1.5211730494647884,1.160710653979438,1.0506037062805609,0.2945679472012215,-0.37913844575640426,-0.5125461752157755,0.13336006467950404,0.27224271219846286,-0.24778343965987976,0.35352913813267267,0.35801273194191086,-0.03131705607627685,0.09385781955143058,-0.029763881040464474
B0005,65,0.829506934374123,103,Healthy,-0.6970255516226115,0.07777585860476778,1.541237385433721,0.9032438923590731,0.8920198974831842,-0.49793193968595334,-0.08330469908492122,0.009216180292227559,0.6038167988827192,0.28220880283668087,-0.11003268233521128,0.20037749913315786,-0.2619226416748695,-0.8992746020989321,0.23851235481150235,-0.056074275809228406
B0005,66,0.8269270286667507,102,Healthy,-0.7766233696618617,0.15247849776827124,1.3917531957718878,1.0255511518430958,0.9631317936485063,0.10185487774169023,-0.3440143251176211,-0.45709500973349654,0.2940252627390756,0.3832944394705973,-0.09063372114138898,0.03507571008524143,-0.10108335820413791,0.04679109655694434,-0.734826741911681,-0.08853900695443653
B0005,67,0.8213268910650655,101,Healthy,-0.7449320711814091,0.23972005825030873,1.4660471940991606,1.0506338466345986,1.017593483713684,0.008492843080559918,-0.2935879091609881,-0.3314066457136737,0.36457097296399255,0.3003262253753088,-0.15213967267842618,0.2261256752344358,0.053310912824261036,-0.24056048678728892,-0.25105040765140285,-0.06668176089716887
B0005,68,0.8189289215111849,100,Healthy,-0.7268622453895514,0.1598300997056096,1.4077984940211563,0.9989814946237198,0.9631070186080104,-0.05218007019466614,-0.2821180997214203,-0.3240277459317102,0.41429452552597146,0.3238183157520958,-0.104639768291877,0.11839765689714916,-0.11509303339474619,-0.18451604431589247,-0.4805460716245575,-0.08167271576957905
B0005,69,0.8163675203549554,99,Healthy,-0.7449037377135261,0.4671018719110955,1.4564297186760846,1.1973172079369088,1.0451844946140945,0.48427287019955534,-0.4680105893599052,-0.6072281114948892,0.12363442267883276,0.35418448391886914,-0.23338436657366796,0.34751384770797433,0.45870882318908657,0.3086460087342998,-0.26769288164838867,-0.04608639955420386
B0005,70,0.8138764457766808,98,Healthy,-0.6450479235743443,0.30066214242734596,1.4597574472566501,1.0270829829978738,0.9014156186300635,-0.01976145559952626,-0.2716512527660619,-0.26314003718749757,0.4183550170934921,0.3087387510248723,-0.20362117244024797,0.2674191265415857,0.0849037214581554,-0.2476713092075033,0.0724342902396446,-0.04504636815756274
B0005,71,0.8110627427605795,97,Healthy,-0.6522126525849292,0.4747013541893143,1.4622710355136088,1.1445642088141483,0.9414702777739548,0.34864062909951143,-0.4071626786405724,-0.48258833296580567,0.2289564842097017,0.31819388091085465,-0.28887662337859993,0.3688528394697058,0.416905288108077,0.15385293232852168,0.11933348742409737,-0.025513565898814622
B0005,72,0.8056628301882924,96,Healthy,-0.766838973595272,0.4500204751649579,1.4012741893930405,1.2127066576365524,1.1360842487156078,0.5051410578711047,-0.49707209982137274,-0.6285576084957718,0.16184200014064265,0.38912210995079416,-0.18376664301154816,0.32041533866029287,0.4245679589137017,0.40310548930789303,-0.681561581202954,-0.07476794385288169
B0005,73,0.8032815698744192,95,Healthy,-0.46602712091436665,0.1314515471254282,1.528173713708768,0.7918108739582471,0.7392202069955862,-0.9007900403891952,0.08298882063414116,0.3985714600062163,0.9580107342657462,0.12610681190727835,-0.18175090160818055,0.3664006592828467,-0.36553675807699143,-1.3955100771285798,1.0038958854849638,-0.027657320905465032
B0005,74,0.8007571116958797,94,Healthy,-0.5963251044206265,0.35135786591295703,1.422967930531741,1.0354119064770206,0.9020877027149535,-0.005391368032413308,-0.28409472867814434,-0.24004178647691274,0.47742041733668206,0.2966315286618797,-0.21670739990968266,0.31472189441247256,0.11826251742670023,-0.1935950641512956,0.06295206897024427,-0.046446170161577115
B0005,75,0.795184615700164,93,Healthy,-0.6983935059436918,0.5527072424550101,1.4257169211667176,1.23431528129803,1.1283242887912732,0.5050149265067712,-0.4869582033811392,-0.5602295102975505,0.2096986378898862,0.34356848582195026,-0.27231468863289265,0.4521668668985044,0.5785348395455313,0.32650482215008564,-0.2689453800306795,-0.05022540490689883
B0005,76,0.7928944984121106,92,Healthy,-0.5615859501999587,0.4179503659737082,1.4484684256509446,1.047994676087944,0.9210779381139607,-0.07297776913931654,-0.24976636481240685,-0.14217683729293787,0.5438046934365226,0.26262057993871857,-0.23382207558172738,0.44542487958745336,0.20117273625746118,-0.3597286376726771,0.3147517552999416,-0.03675457187012746
B0005,77,0.7924715353687058,91,Healthy,-0.5288693254385513,0.26947116081700695,1.4096810532086081,0.9333350503210726,0.8294900250203261,-0.39157423588599094,-0.13540050056170613,0.04568596716728757,0.7308632131028885,0.2940201372066762,-0.1701107945578973,0.31612159490638564,-0.12178818012291662,-0.6433429253246237,0.2694238640777968,-0.05159910803183173
B0005,78,0.7977631946247968,90,Healthy,-0.584608008519521,0.3876731857410395,1.4880778344941177,1.0588949211529575,0.9351880749587299,-0.09256307470450134,-0.24378356234380372,-0.15431740214587003,0.5489734901197887,0.32462925041609686,-0.2672547946986427,0.45446465793830687,0.2351545685048547,-0.3573347057303547,0.4105213437788666,-0.02794621752038342
B0005,79,0.7873650873900518,89,Healthy,-0.608751309314611,0.46704766489221256,1.3156100461975992,1.687766622782763,1.1648537441715259,0.2778315012119889,-0.44183987516837975,-0.5986296797200594,0.2523999350552088,0.41031131312289504,-0.25410075610914096,0.30548010691055544,0.3074344649089535,0.5538464151788909,-0.6493096353771421,-0.08724291561940957
B0005,80,0.7824509975468973,88,Healthy,-0.6383371154692279,0.51185525735217,1.3511424776616843,1.1819818406000486,1.0918927928201951,0.36048361217316166,-0.44629582795716327,-0.46440009272365995,0.3631802754385753,0.3490469739120665,-0.2377975266071557,0.41843899255767375,0.4419109819811629,0.27452476299283696,-0.41394555590558113,-0.06547977919670427
B0005,81,0.7798829736685181,87,Healthy,-0.5939473075369699,0.49772684539030304,1.35457062270838,1.1425136013577426,1.0266019608844905,0.24826036848715474,-0.39922569262604896,-0.37259235488326964,0.4391000011231389,0.34694760923870804,-0.22230379594883135,0.42712840743434805,0.3676773565752728,0.15808046548371354,-0.2964104261687854,-0.06225340809171068
B0005,82,0.7797407834092117,86,Healthy,-0.5140555736118388,0.319758757720782,1.3505136764790298,0.9850665426766668,0.8828867676755672,-0.1790233138976318,-0.23762041704921907,-0.09762829428369965,0.6883271498744846,0.29753476681650587,-0.1718511412992746,0.33006676778603183,-0.018915241932147706,-0.25464964736062456,-0.11882900879562013,-0.06697152095443218
B0005,83,0.777344676795305,85,Healthy,-0.6035445410368226,0.8239117567982402,1.412999765742746,1.3582648676819522,1.0999665339398086,0.8753754081442138,-0.6192243419121574,-0.7086192202314979,0.10025849974231613,0.36364476459397166,-0.41540196019445297,0.6556728898115325,0.9996048763518691,0.7909994454920282,0.013542318531997844,-0.01413090559126812
B0005,84,0.7744370539945209,84,Healthy,-0.5001016877001205,0.32807842110636726,1.3158115924543499,0.9817053401193455,0.8726154083425154,-0.16886383576088765,-0.24587999187032158,-0.09901540744988277,0.701559029943326,0.31666575904813915,-0.16301492809048698,0.3116590335345379,-0.04967592836902828,-0.1806641927943086,-0.21575320686388502,-0.07173048279550044
B0005,85,0.769118299471279,83,Healthy,-0.4801984199618622,0.5584819008427812,1.4046042873033706,1.1055354199276581,0.9550430870397403,0.055320305363648195,-0.30757105358547354,-0.15395346887876682,0.5909672529304945,0.2814086437626004,-0.3357980072361647,0.5542110825445595,0.41119248398836084,-0.14347787736762066,0.39871963608278976,-0.026553916199340628
B0005,86,0.763957129125514,82,Healthy,-0.5535035376680021,0.3954053982593374,1.2823633429121706,1.0675548143770313,1.039127023569353,0.018604341974731098,-0.3336468781403569,-0.2253580559909276,0.6376479662047034,0.32686062151728934,-0.17300850220945604,0.36552945907716966,0.1318704909196203,0.01977906194917673,-0.5164661937071694,-0.08756618432155186
B0005,87,0.7642626314878223,81,Healthy,-0.2832715330579182,0.3392425892160651,1.3640938329742567,1.3949059533549588,0.816386611029813,-0.680127288297286,-0.05075402414266868,0.15479674300913449,0.9048861601057577,0.24842826333073617,-0.2521124109897351,0.43631877538883795,-0.1783329963368913,-0.5767229974107093,0.5770094805943516,-0.05001118317607737
B0005,88,0.761323662642189,80,Healthy,-0.5611655454063489,0.50688890395718,1.3212271514023783,1.1496881450773848,1.0855269802920433,0.21971016993254697,-0.40696771153558714,-0.3260806083618247,0.5448646478354293,0.3485897996412071,-0.21864594385761163,0.47948719532623635,0.35915316479625875,0.22661595124933315,-0.46392451245803307,-0.07599346929698086
B0005,89,0.7587429969244934,79,Healthy,-0.35418314098191545,0.396629911451563,1.4636519094884413,0.9253843627831115,0.8625204810942404,-0.6360865392625598,-0.03809583412433523,0.3478629945683884,1.0295058553191323,0.15423554893620806,-0.2909960482866681,0.6408055462833252,0.04710531330563466,-0.9946118547019237,0.9783121083396421,-0.022603165402062312
B0005,90,0.8029094495653295,78,Healthy,-0.4706191032556266,0.26369371656313645,1.5610508381689956,0.9411368108292252,0.7123189179651548,-0.6559203236102042,-0.027541997615748454,0.18970519636938568,0.9531577169531941,0.8841388619000344,-0.04274772342317905,0.4512917177705267,0.0314904947789406,-0.8547393127463703,0.29992608540369536,-0.05575866965003373
B0005,91,0.7819245723372212,77,Healthy,-0.4546129957692741,0.3803098533003993,1.426551999356753,1.0216614760312224,0.9003797837458165,-0.18992433214863172,-0.229408660446954,0.014761278843929422,0.7631513726347027,0.2921845116244777,-0.4603152320833894,0.37810155689568026,0.1963743483639199,-0.23507300992782962,0.44698679171600797,-0.026711831371921152
B0005,92,0.7740457623883893,76,Healthy,-0.40476299424914597,0.25405323946274344,1.399723812503354,0.8964703052744513,0.7923645440059879,-0.5821149202707256,-0.08204994016876513,0.19920054837619705,0.9862604322565411,0.26006818292387684,-0.24081051519210056,0.4253630928550432,-0.15708470271466626,-0.6116199776724252,0.4249024008720305,-0.04425292205273628
B0005,93,0.7661877815934296,75,Healthy,-0.5881343669425271,0.4425815387351615,1.319498851342179,1.1463284500046576,1.1168025807071709,0.15439140157895925,-0.3966132093162055,-0.3208627862969854,0.6023020254162871,0.38257487674037655,-0.22436092455038786,0.44598688098400124,0.2971156473519997,0.29535542891578576,-0.6402084742113117,-0.08562168464258076
B0005,94,0.7634764134244852,74,Healthy,-0.4365716845179202,0.5326847062599721,1.3622380922429136,1.0915817876953005,0.91220427133912,0.011379974817747485,-0.30835094221712767,-0.14795330320362637,0.6939877966427883,0.3045119334924847,-0.33015214628259165,0.560102057254572,0.3499142476588169,0.04623286718510078,0.22136632916410742,-0.03388174929446501
B0005,95,0.7584786508568163,73,Healthy,-0.558615937357456,0.43025450186687564,1.2490595931654096,1.1273577607927647,1.0837712207647594,0.1788530069265398,-0.4168253719099237,-0.3498472380108617,0.6251924728152469,0.405863510486928,-0.1976546476813765,0.38067451708126887,0.23381061335825978,0.4313179726812878,-0.8654486524741464,-0.09803228551456518
B0005,96,0.7559487980071345,72,Healthy,-0.3792628666491895,0.44940029411277066,1.375631438237978,1.0042203001737704,0.8848266372196092,-0.32030316922444935,-0.1833634361460753,0.09029619185715806,0.9139171289262619,0.2569656155804662,-0.3037988308879649,0.5816952476108741,0.16623248926454626,-0.3598016713050277,0.43377785361615595,-0.03693228859719162
B0005,97,0.7532819480340552,71,Healthy,-0.34447514594441014,0.5571370934343227,1.3241496647637507,1.602491236220827,0.9971572523819204,-0.1310844024011605,-0.28170856261629895,-0.1982924837879377,0.6850854729587356,0.35506118209775517,-0.3379914496696795,0.5683737009926262,0.28456434062876546,0.2263615837123432,0.10128246394802452,-0.054285586233124176
B0005,98,0.7507726763335681,70,Healthy,-0.47587158156572656,0.5062900489226274,1.2523412970721275,1.1221794799743714,0.997389226361957,0.1740804154354021,-0.4048261022318236,-0.29360899147316993,0.6690965090128828,0.39091577042380615,-0.258559933515498,0.45192176595490846,0.3022866632918949,0.4276320943026917,-0.5245826639913045,-0.07501617549570659
B0005,99,0.7454222025200119,69,Healthy,-0.4374910104473368,0.5294526618844735,1.3429942476702987,1.102463833865911,1.0469520622277853,-0.08457810532394651,-0.29016435809252833,-0.060859366038690084,0.822941438249723,0.2825242771750973,-0.30142069635111224,0.641973145025456,0.35116750035522487,-0.060664178092748954,0.04301234723845301,-0.05526554043678099
B0005,100,0.7429341922806005,68,Healthy,-0.38811130668308746,0.27522684341559955,1.3070385380100433,0.9099361204805294,0.9441152659153161,-0.6552323053065736,-0.08558863142546393,0.27732983571411446,1.1560908082291559,0.26204414174058094,-0.16174953897902827,0.4926347770697738,-0.1869464023571137,-0.614002293541006,-0.053649380702603486,-0.08574845715589578
B0005,101,0.740206838988053,67,Healthy,-0.5216643531452807,0.6360585190853387,1.2542498964822988,1.2402497868435531,1.1654553869925532,0.4258172469200695,-0.5094219949996756,-0.43293288358924825,0.5689064703756053,0.398069415498805,-0.29421157565279965,0.5824808251317379,0.58491721021184,0.6792380087801683,-0.7073033476985809,-0.08015205832230134
B0005,102,0.7376047934515816,66,Healthy,-0.321202816042087,0.4240743876615833,1.3618883524272911,0.9593438884615603,0.9219982312248222,-0.5652805282083332,-0.09993218902216966,0.28877643891164223,1.1296521379894384,0.22339146840358978,-0.2907926487813658,0.6549948213898351,0.0772148499583805,-0.6197806591737043,0.5082189691572472,-0.04624006043032727
B0005,103,0.7429517994152012,65,Healthy,-0.440747106390172,0.4445947961888732,1.2076181608660006,1.0745045831891684,0.9711064666015472,0.0072184519039686056,-0.35666677365253535,-0.21591733981199104,0.8241005871436792,0.27648446836372087,-0.20432065416256417,0.5028210507587341,0.13737961777736266,0.3608131959413619,-0.5753936447075565,-0.08373583733077493
B0005,104,0.7480459149068348,64,Healthy,-0.32913462871484295,0.5474332595165181,1.4436974050219331,1.055701321015473,0.8802828794644632,-0.30020632817990606,-0.184193806229635,0.13030385986656245,0.9640222854802982,0.3773142418842221,-0.38060447225798966,0.7443940272834847,0.3864939205201318,-0.3202599920482446,0.7732758550298091,-0.011733727757496537
B0005,105,0.7404002973464492,63,Healthy,-0.3147285789627189,0.4929361466281196,1.354966279579719,1.0177618563227036,0.8902877477214086,-0.3230872460895222,-0.19430292526657858,0.12964493119851916,1.0130809241201626,0.27633963318701726,-0.3623796975207121,0.6495876734932142,0.22833635369374308,-0.23308696683969854,0.46984908464516234,-0.03287219212485901
B0005,106,0.7348771634233412,62,Healthy,-0.3816191816828558,0.33137870265536695,1.2589191813622864,0.9727318721013644,0.9765132872372242,-0.4151553368972108,-0.19427790300662068,0.10597288109487397,1.082939201449629,0.33912227112676896,-0.21217375828121426,0.47781257535874877,-0.04316247785171508,-0.16837225336841033,-0.32066472994968814,-0.08864324970599731
B0005,107,0.7269506137422964,61,Healthy,-0.35486889007364686,0.8547757178044201,1.337121725293846,1.2708370447998294,1.0757198123249658,0.4161445834764084,-0.47203979937060625,-0.3099386262811758,0.6372387187734206,0.18088487263996364,-0.5206865850784803,0.9137736880016498,0.9094182209302146,0.5398159751482071,0.4787895607528356,-0.002678587769490195
B0005,108,0.7270731033617845,60,Healthy,-0.4288588732426297,0.5147544640878936,1.228715312848012,1.1176454086498404,1.0802001913083517,0.005159696413551836,-0.36004152049806587,-0.17621147725676528,0.875780348246419,0.37987859631643284,-0.2101913748133979,0.6035545524184452,0.2925335536287429,0.3331217919850865,-0.6199522366406696,-0.09066081290957578
B0005,109,0.7275118759533415,59,Healthy,-0.36607698237257463,0.60195650515897,1.2514881423756,1.1383408973879272,1.0006757036241236,0.12428568073296907,-0.391768319313807,-0.1988896663846514,0.8219220608212012,0.37936143616345347,-0.33658610510788106,0.6239583959570436,0.43998776309787596,0.45637626849825513,-0.2504210963176032,-0.05908865292177743
B0005,110,0.724521081880618,58,Healthy,-0.3708399105674238,0.6793405064388879,1.2588662601497043,1.1858828535056958,1.0287447763534976,0.2364906858099191,-0.4310648295863644,-0.2575055141464866,0.7662624541265542,0.3575403037147079,-0.3552834953259099,0.7066049719517256,0.5659970991615701,0.5678603633643294,-0.2122233606877237,-0.052295937459307204
B0005,111,0.7193354685740283,57,Healthy,-0.3155787857421338,0.6849859353070671,1.3366319266607,1.1410194099956017,1.0488160727705824,-0.08098819527433815,-0.2924150347928258,0.01904631008642802,0.9512113985680741,0.2714899061680005,-0.4028529737065057,0.8528793850426443,0.5652317748766769,0.02012864753251387,0.3746888325799232,-0.03323030482530819
B0005,112,0.7167227160784895,56,Healthy,-0.42514850336123505,0.5279514080209978,1.1780111415573138,1.1442516160310523,1.1510112966087567,0.1020258923897836,-0.4138563466812249,-0.22724029685371708,0.8754895390737432,0.39953832951134105,-0.2505045414948891,0.5662406471202868,0.3441871523333368,0.5347425527192993,-0.8782274809081071,-0.10375648635698018
B0005,113,0.7166979450419048,55,Healthy,-0.265604569902563,0.45664137181346,1.2520126019980409,0.9811596523575498,0.9096436505931782,-0.4286595845347302,-0.18145793302443583,0.18285706908261104,1.176861561034843,0.30469062816822184,-0.2772509013632641,0.6372899551267446,0.0919069564512607,-0.15425361824902548,0.0555343993790558,-0.06454222458725274
B0005,114,0.71403243672388,54,Healthy,-0.35423803670203063,0.5902910013058971,1.2444044748834866,1.1266839320629192,1.072011081839077,-0.030449899999208982,-0.34304357545484054,-0.07878238613369762,0.9624585532016503,0.3356952047502717,-0.30588114036813546,0.7130699359984602,0.39114195441485045,0.30547144412748695,-0.2998310941767872,-0.071912170408553
B0005,115,0.7114601590870593,53,Healthy,-0.30113194893900047,0.4507938284245473,1.2379283756900896,1.0093384583365612,1.012775495669706,-0.39582689933710047,-0.2066049025150979,0.1599753893447651,1.1794866730242086,0.3076485630501945,-0.2715332925266232,0.6451867852737068,0.1179452715985531,-0.09257138531185434,-0.18054520623989873,-0.08045593101910489
B0005,116,0.708714516365654,52,Healthy,-0.21380178536593408,0.6041191781358327,1.3089823978398203,1.0351024769810817,0.939476541034155,-0.3912430608583317,-0.1788501788774667,0.23119996966163278,1.1873689488832462,0.2297375776111171,-0.39370574888839965,0.8412541772915005,0.3491708683474989,-0.23547119267254882,0.5845241615757412,-0.031178308393950315
B0005,117,0.706204614397223,51,Healthy,-0.12974436873678635,0.4702048858759406,1.321756128905499,0.8964475722971802,0.8326664240113377,-0.8325288487842667,-0.006797934493413291,0.5269436561808966,1.4496684294385846,0.17876838656324345,-0.3595511359589832,0.810955100339647,0.05867435440482911,-0.7473608348176816,0.902734260761189,-0.029725312705350428
B0005,118,0.7062893964700965,50,Healthy,-0.33077820992957974,0.5078449155314719,1.1253196302317459,1.0898847917599266,1.0283207851927323,0.022893460696685616,-0.3911196277658278,-0.18326518132087746,0.985952631959556,0.43116911708881384,-0.24658887312258498,0.5358045490430808,0.24505026853883635,0.6276014450780777,-0.8654671712665291,-0.10129545252595742
B0005,119,0.7037991865734948,49,Healthy,-0.3131332965809768,0.5983994847829106,1.2306424985811604,1.1215034015354832,1.0773960936962474,-0.07290615016439878,-0.33484049060719023,-0.043671665400512524,1.0422783323436327,0.35626997460273585,-0.3204304583766979,0.748848106885437,0.4079142910608974,0.3285437321846539,-0.29114079668373777,-0.07238192422387744
B0005,120,0.7166960242610738,48,Healthy,-0.29937017908942065,0.6489747071480176,1.282188553999155,1.1381289749950791,0.9965062047418473,-0.09915398284915929,-0.30798860958919355,-0.039801657574790116,1.0428724725742495,0.15290677836108932,-0.38341130529931816,0.9346837207877463,0.4700008011117322,0.26506422620446585,0.30951764996904957,-0.029400606459705117
B0005,121,0.7191275088396454,47,Healthy,-0.12655625857465375,0.4430081831003878,1.3176208787944064,1.4562781725793406,0.8920299486865749,-0.7938213242860429,-0.05389836126185583,0.2902543465612042,1.2891518954546497,0.41967878065177355,-0.37399125530771654,0.7105314932486416,0.03283557771061084,-0.20590543767539463,0.5204860529767836,-0.04924419363897419
B0005,122,0.7086773587242763,46,Healthy,-0.2392311921509611,0.6157071450430193,1.3296438751912827,1.0766534701179833,1.008820176607239,-0.3909667024628484,-0.18865170944522078,0.2393992278648188,1.229474309153154,0.25552628982407166,-0.43902013657802796,0.9033291247724256,0.4273654686323878,-0.1693593802764762,0.5612956778798802,-0.03066244961488637
B0005,123,0.7034908318388216,45,Healthy,-0.3121821063090994,0.6326224841250724,1.2327286152929207,1.1453100812846344,1.1061525663907934,-0.09874173537387276,-0.3259065712168066,-0.014960698493868814,1.085526653721899,0.3472969025085357,-0.36881879510239457,0.8097052108293047,0.4856079646750717,0.31620659557198627,-0.18992936383569678,-0.0659050370440155
B0005,124,0.7006018891793812,44,Healthy,-0.267141458759212,0.5509822728380348,1.2106779678870212,1.070781953326133,1.0423345913074606,-0.2887911897951214,-0.2577040528956862,0.09993382968127225,1.2102043956842377,0.33166960153348035,-0.34199980207853625,0.7525241906689553,0.3095381857965808,0.15078459979872538,-0.16106994334496766,-0.07140086276547422
B0005,125,0.6983504116363164,43,Degraded,-0.2051559362832824,0.8234195424161816,1.2999759648266052,1.1814010427415604,1.0051381239097887,-0.048098758812109024,-0.3130360644967794,0.03978855872952807,1.0794486215066166,0.28091761884907246,-0.4893613265536823,1.0330992674320998,0.7546118638221009,0.24344971958492492,0.588818624340326,-0.013140988482113118
B0005,126,0.695642394426363,42,Degraded,-0.31248503708463743,0.6518368985534081,1.15331099922955,1.1811752647744918,1.1310541887216399,0.11057361583958931,-0.426266028492107,-0.17999808722513375,1.020853441135563,0.3912823113426546,-0.3761311003647766,0.7385525340803508,0.5401373973933579,0.7047904760766023,-0.5823154047710533,-0.08030613532953271
B0005,127,0.6931143838989174,41,Degraded,-0.24728383915904387,0.6213265968010542,1.172772599860663,1.1077693780212536,1.0348319798589776,-0.14440089983633828,-0.31717026888855576,0.0016599592998880858,1.1656958625080664,0.34695824964980315,-0.34761224300990484,0.7920194253120699,0.40901181660933317,0.39285848872115076,-0.2509762011867416,-0.0692772565709765
B0005,128,0.6902183380987069,40,Degraded,-0.28386352002386306,0.6101698797728419,1.123327741143864,1.1270437390746362,1.0833869116163837,-0.06519207804398347,-0.3615875243385922,-0.07124566276476142,1.1366687061643324,0.37646463608927927,-0.3117504558320489,0.7377114196475895,0.38574977071818517,0.5610492686033206,-0.619528486699738,-0.08972801637474352
B0005,129,0.6876182075128112,39,Degraded,-0.34702273885208035,0.7282394816424438,1.1056576608815283,1.2553551908976681,1.2104261280591584,0.3265515538762546,-0.5204513288337456,-0.33048468136923065,0.9320278121196257,0.45205713161500455,-0.3606204337912694,0.7626497575757437,0.6830499078823754,1.028284590879839,-0.9442319499472086,-0.0946021988303148
B0005,130,0.6852564012447504,38,Degraded,-0.14482420579069172,0.8635909211755894,1.2634868253473555,1.1803219598651007,0.9991609606645031,-0.05434652691168732,-0.3169888875328228,0.0620477169473118,1.1498819700872132,0.23278002882306253,-0.5348868522440434,1.087911839299469,0.8010416229001248,0.3026331033022796,0.6809456375784095,-0.007053914210025806
B0005,131,0.68525427831352,37,Degraded,-0.13426333800054832,0.4585994735935121,1.1477869903011417,0.9379031697187299,0.8912820507273004,-0.6558931520220298,-0.1256351083412528,0.3423882804246035,1.5004201380852278,0.30546704047677903,-0.29976968850045893,0.7271469237310096,0.02797233079130049,-0.10426170453664657,-0.015906520542208404,-0.0747022043000852
B0005,132,0.6823677554340759,36,Degraded,-0.15791258992873422,0.6430287191745914,1.1706506768668814,1.063685676564052,0.9674215528128252,-0.3324843332972503,-0.24034542149460408,0.17313783311693118,1.329534015525518,0.30865376220463175,-0.3826734916358472,0.8687524814834066,0.3792556468905046,0.19472589742711036,0.06990674040415296,-0.05668029025967575
B0005,133,0.687696008447881,35,Degraded,-0.3796604937756861,0.7517928165154196,1.0782865310199439,1.3026343319465405,1.2381348383431792,0.45506339673285073,-0.5829629983193639,-0.4572389273987072,0.8906412833483814,0.3113862361941748,-0.34474659155900483,0.8623037757244331,0.7016135406826053,1.3129648147419775,-1.0840833171755762,-0.09395759116475144
B0005,134,0.6930557575767696,34,Degraded,-0.22783907061239939,0.5529918378808422,1.2442214239511413,1.0753041819388367,1.0455765801422163,-0.4213941588316764,-0.21552816896891494,0.19689469912038246,1.3655609959219728,0.4335677569955095,-0.3588410859565572,0.8590644729635742,0.35538417935609806,0.11459912425449953,-0.0496032018908168,-0.0664276711791106
B0005,135,0.684925001791947,33,Degraded,-0.30162696938986927,0.6112542826516604,1.1356147479679797,1.1670553379030237,1.1751650137377805,-0.045906661027540076,-0.3852244515503584,-0.07584259495655626,1.183976807192006,0.4632864169169237,-0.34277400432988864,0.7648722586493388,0.46658808511733796,0.6852720928007,-0.8146419955099145,-0.10045681618858283
B0005,136,0.6823913974630379,32,Degraded,-0.2310437849441443,0.6061357775052317,1.090728499690217,1.118635575621942,1.053367619631661,-0.09209292714554619,-0.36517798653363537,-0.04876830883877904,1.2311360180710436,0.41047515783320876,-0.34686512696016336,0.7355631668231325,0.378494655486187,0.7094421006847074,-0.6989193096662568,-0.09197587526711332
B0005,137,0.6771610233129982,31,Degraded,-0.03641709948283758,0.5721056929847663,1.2886826085714678,0.9375866666537211,0.9107701203007116,-0.9613160843086369,0.01951162724903206,0.6680314160188544,1.7202992921728848,0.16956921929996846,-0.4448015462289361,1.0537224911612284,0.2245761801629374,-0.6714305422395852,0.9925066957901559,-0.027386767309072125
B0005,138,0.6773208509189481,30,Degraded,-0.0557548438253792,0.4409158481349957,1.2265748828738114,0.8843602347161397,0.8816734332599555,-1.0221646468176473,0.02110517315070828,0.6478746438108188,1.7666125159029107,0.23148548700979515,-0.34621047002142646,0.8992963024198802,-0.013075209556124685,-0.5636399055853536,0.5107647490413509,-0.05823318565096061
B0005,139,0.6773519606596204,29,Degraded,-0.276464745370039,0.8576539294226301,1.0958613926114198,1.3122868010448399,1.1616617774459195,0.47543310177127457,-0.5805836212953677,-0.39688516456341477,0.939735731121409,0.4791889041644951,-0.43782443258903797,0.8869370391047984,0.8722833023881444,1.3716099715291028,-0.8343823514955951,-0.07517350662947826
B0005,140,0.674657498751729,28,Degraded,-0.12003916039145777,1.011851607023157,1.2499259855466005,1.2835617074038885,1.0386284613802221,0.2003757366537222,-0.4241137591295167,-0.07481928695864946,1.0995715828878523,0.33293775587670144,-0.6222408639014009,1.1897622443093068,1.0876307524885724,0.749635710941013,0.5799410740025264,0.001331692611261697
B0005,141,0.6720945968985277,27,Degraded,-0.05240719725998545,0.6903820770961269,1.1880107186623574,1.0452428222633392,0.9079042656281944,-0.46747352136485526,-0.18780726731167088,0.30807468331239546,1.4934051934525867,0.3107013979768062,-0.4743412869836631,0.9690018397001458,0.4414368557707863,0.12240164366915993,0.4458191170108824,-0.035097912158607796
B0005,142,0.6694956895347878,26,Degraded,-0.19512831619349563,0.6926531704441122,1.0487810672507847,1.1616295063709745,1.0741164048270528,0.020299134079071055,-0.4163642361976817,-0.11731337017855455,1.2369223084069612,0.4448643324133559,-0.365284374136225,0.8060008677643931,0.5200821771947828,0.9321559083699753,-0.8007507086811639,-0.09279551640475234
B0005,143,0.6694572615103486,25,Degraded,0.034150269135353344,0.9232796615666311,1.2215903574616653,1.68458401184621,0.9952767198487008,-0.2380921339759444,-0.2787082856311148,0.052977724487928195,1.247435223932982,0.34706620377373104,-0.6121531840640456,1.139502138949403,0.7951595413297892,0.6286369648795148,0.697044420782734,-0.013663172932139884
B0005,144,0.6670033379880828,24,Degraded,-0.13645659465681506,0.6980720808165172,1.1393282056929994,1.1232138116180697,1.0637579901433718,-0.2464855255497282,-0.29802355467705216,0.1178548215311143,1.39629217129718,0.3696875978085978,-0.43542081996493115,0.946031435753719,0.5286038378298961,0.4971395285953129,-0.17362805552256966,-0.06592596867616224
B0005,145,0.6643222154587457,23,Degraded,-0.12400081124589403,0.7674462175737866,1.1160612215585972,1.1513731717918203,1.035500534974166,-0.1412069345008186,-0.3347471867513471,0.05934648961995523,1.3499559742621676,0.37091678778008763,-0.4463238252057308,0.9791877098800347,0.6093505678189819,0.6405705757592965,-0.16598687628644934,-0.05986034956102361
B0005,146,0.661585449613811,22,Degraded,-0.021068364036455272,0.8284122981314281,1.2130540945061614,1.1118733217431345,0.9702803092255764,-0.3996713804731623,-0.2072982385991824,0.3155425755008055,1.507693672283308,0.26442997726156725,-0.5535690824521147,1.1626248311284146,0.6930070399434727,0.14637873988005895,0.7190846830520231,-0.016837879749497717
B0005,147,0.6590845794222598,21,Degraded,-0.21166485858141462,0.797516350540576,1.052977963404559,1.2448329827389841,1.1993884040976714,0.14345825618347058,-0.47009686039550747,-0.174508949457319,1.2217628493136545,0.4487179062492817,-0.4092554936656352,0.9433124923788376,0.7492434816837221,1.064814750278964,-0.8526917867331006,-0.09349373055055786
B0005,148,0.6592332218320167,20,Degraded,-0.07364348701089335,0.8686811749080274,1.2027323250849908,1.1825443119792616,1.0657207326191886,-0.20282891957727045,-0.2958121403817577,0.1628353442497416,1.415225850103792,0.30299294414918426,-0.531699503450971,1.1904813944071435,0.8110488898275323,0.43864000898254996,0.36146083483199654,-0.03135476313451518
B0005,149,0.659146520051351,19,Degraded,-0.07389373720665157,0.7915876210683478,1.1360941157239832,1.1500728220618603,1.0314480722134076,-0.19250915521953665,-0.3150279933766258,0.11704434372096076,1.4227556709533253,0.3628544092013177,-0.505497004349994,1.040570844846908,0.6772524352862037,0.5935212255296201,0.0436200129978865,-0.048138499676731415
B0005,150,0.661936211122134,18,Degraded,-0.17517792849944824,0.7165080048773927,1.0275814864666855,1.171493753177279,1.1144627793528787,-0.10328259164121699,-0.3805171942916278,-0.051425826648821706,1.3857669919256723,0.1600280288002598,-0.3847355342102481,1.0351087004127875,0.513903545431504,0.8788559114616721,-0.5815288407930576,-0.08209535434590175
B0005,151,0.6800608383277392,17,Degraded,-0.17901877217956289,0.7348886084676881,1.15101291662079,1.216042664395354,1.052338583964876,0.0029195994427189667,-0.404551057244356,-0.12282516843625595,1.284344799385676,0.5858565862964503,-0.4449276872848382,0.9603365813394772,0.7357155649062227,0.9861424903582904,-0.426697855111222,-0.06126167809576048
B0005,152,0.6697653433973677,16,Degraded,-0.15577412284355643,0.6817826839282101,1.1272951038501022,1.1604427016381083,1.1169240288747055,-0.21543022027015113,-0.3290527849800622,0.06306178515871812,1.4379509452807928,0.39191863121767156,-0.47590792810123844,0.9685233093560419,0.5867171928340849,0.7064726528731248,-0.3553259716571775,-0.07130294627236798
B0005,153,0.6645143282560348,15,Degraded,-0.09158046847361284,0.8169615301173032,1.210959451055863,1.184270226141823,1.1022329002957991,-0.2832556308333737,-0.2758864834452707,0.17913820833627966,1.4813090193591818,0.32053640504060543,-0.5591711606368285,1.192955974313826,0.7933958716697846,0.44631167174464587,0.33867682543945204,-0.032216573112297156
B0005,154,0.6618370637499478,14,Degraded,-0.10577428799071507,0.8171023194329565,1.1740398022270901,1.19490270608438,1.1133569699254031,-0.22187764073509122,-0.3067952658003025,0.11915670474403993,1.4555852174858228,0.3688874587384735,-0.5236217760981121,1.1570387299930656,0.7859964582737502,0.585959878047322,0.08374601638064104,-0.04543317066988493
B0005,155,0.6593169483766465,13,Degraded,-0.1673353252818194,0.8118220848230107,1.0837696766546459,1.249406122343188,1.189186299700032,0.05200897585174386,-0.4371728963854202,-0.11576214622027708,1.323013538461022,0.4384995530931317,-0.4897288691118207,1.033203344563926,0.8162297466777034,1.062485657086862,-0.5894866631336931,-0.07541998531272567
B0005,156,0.6567375660662136,12,Degraded,-0.05047254283947184,0.5351547369686666,1.1209169399324106,0.9873908533835363,1.02746163615657,-0.8359792208926757,-0.09109914085217229,0.4795055818128314,1.8258303508385998,0.32514157397756127,-0.3880785823311124,0.9903461041233282,0.2127369912777733,0.010537596338846085,-0.06283462244870223,-0.08144958574922856
B0005,157,0.6566010317221102,11,Degraded,-0.1439604392562526,0.9795162663953448,1.106183540603467,1.3428735738778699,1.1929803223903241,0.3228934635981751,-0.5293632462791338,-0.2543497555645453,1.1918540146896255,0.4601258931918093,-0.5903348493450932,1.1496228661919392,1.13018265015325,1.3390941210484164,-0.3662148099727658,-0.048276113487508925
B0005,158,0.6538979973472177,10,Degraded,-0.042568687470346055,0.6309571122678759,1.1079098813056405,1.049290213111822,1.0335886822367455,-0.6284169081892214,-0.16975159888342461,0.3498535417847017,1.7312090890513545,0.3476218329907616,-0.4361572366285369,1.0370484973135667,0.39237600940914474,0.28182594239853137,-0.06586871695221942,-0.07110596577537534
B0005,159,0.6515164593202959,9,Degraded,-0.06800112579269436,0.6377413569289021,1.0987959006323915,1.0796631007183826,1.107020468515234,-0.5545033636115404,-0.2068495531844923,0.2926099311557884,1.7030414445646302,0.3516875961429187,-0.4459351453320989,1.0393078856749833,0.4494209590625862,0.3832641270721803,-0.22689945771152004,-0.07943261157915572
B0005,160,0.6516786779519101,8,Degraded,-0.06650008554916907,0.7261611249100935,1.080959779975326,1.1369024298750963,1.080809793398369,-0.3233693692756281,-0.2935040034004323,0.1376463047694293,1.581652114201106,0.39565292814401687,-0.46879426928600654,1.0559939340218973,0.596144268224111,0.7044238941361711,-0.2967526782936296,-0.07091832308565313
B0005,161,0.6517050219327821,7,Degraded,-0.01745924776852447,0.91292729678929,1.1262496654481602,1.2250669641451017,1.041877553436049,-0.05101586368488705,-0.3775691401537986,0.017822907904098656,1.4424080008479574,0.39107426027271336,-0.6111717014456215,1.1866898814845481,0.9394599642328951,0.9423538662652268,0.15684848220445585,-0.028267045627922278
B0005,162,0.6489435403247853,6,Degraded,-0.09107886903144452,0.7211910957371821,1.0556358135109323,1.1617779980906382,1.1308289604946984,-0.2473973716224111,-0.3351012568740937,0.0676966129795345,1.5614463536999055,0.4304027327425478,-0.4596762771433069,1.0350144400128043,0.6180941411964344,0.8606873265896081,-0.5325099930528271,-0.08239597646962618
B0005,163,0.6490367528459451,5,Degraded,0.0017570614893398704,0.6033897519725874,1.0500143304433853,1.0252990667059234,0.9696083227484549,-0.6178685163767785,-0.1885682552670206,0.31317821927201617,1.7792802860305825,0.4062778759584356,-0.42977649257653594,0.9615928787220563,0.3230914547249526,0.48605521498603704,-0.26570356699136466,-0.07843396210396274
B0005,164,0.6467318069221215,4,Degraded,0.011069691619569971,0.5896134815902702,1.0889463278069476,1.0131559169282482,1.0144210452493327,-0.7514977345065171,-0.13473678753610188,0.4254710761456452,1.8630552898619483,0.3775294587736763,-0.4565989893407154,1.0231135455346145,0.33261647024960445,0.2591475636941808,-0.06124394876466738,-0.07378547326074758
B0005,165,0.644001696309559,3,Degraded,0.07764230596382232,0.6350585081540333,1.1795617120148305,0.9800259661062648,0.9776546523613354,-1.0070191463679838,-0.012224982829675636,0.658045098161494,2.0043858321751657,0.26531347953533,-0.5076466647433808,1.2178871855010873,0.36814221978556655,-0.19736478660053577,0.6517431397360256,-0.0413874815619235
B0005,166,0.6437262610689704,2,Degraded,-0.06318333268983554,0.7915242276144165,1.0702136421710928,1.1934953335662037,1.1482669417931817,-0.21109364872690264,-0.3468802290029964,0.06729660599402384,1.5742309128802217,0.43408338198074714,-0.507700851237524,1.1231425620401754,0.7443237488103309,0.9171075336684315,-0.40637243755536023,-0.07196984637454498
B0005,167,0.6545076821153677,1,Degraded,-0.05416767175339284,0.4979194896742508,1.0821720504292507,0.992320160255095,1.0466187459728684,-0.9217565019851551,-0.08052839069783925,0.4625521104560952,1.9414986689494949,0.11471123102272801,-0.40705422015370657,1.1342734547811335,0.10851001898701353,0.1804644131167127,0.021430730717071907,-0.06993214088289226
B0005,168,0.6625396643214678,0,Degraded,-0.12170220230405056,0.7915709119715585,1.1377227886930437,1.2245648113675807,1.1097296864334392,-0.23151670161977933,-0.3231137017596905,0.04892918040779626,1.5151448061717963,0.6094191852818164,-0.5426571999827292,1.1358611394284823,0.7865054352491925,0.9229622126637721,-0.11282983693593612,-0.044747558394694964
B0006,1,1.017668795502799,167,Healthy,-4.330378930793109,-1.0010836630259916,1.139886406722084,-7.770526857385525,0.422023468415633,1.3268685678068601,-0.35447077470626986,0.5603047057232847,0.1209414998312247,-0.23225902987069752,-0.0407511561361764,0.5521553069551549,0.6197081250527212,0.023205597782294876,-0.041559450674543,0.1486889325185941
B0006,2,1.012570123015706,166,Healthy,-4.230855727084375,-1.1006590489676589,1.0897193469640194,-7.906874744579958,0.1710358387535579,1.1544272133810345,-0.28474047131359054,0.6904219864238618,0.2091253772691794,-0.25882804606715804,-0.05792016025456729,0.3972605927228938,0.2361196548156694,0.001395421682441228,0.14725239640305393,0.1534833823797843
B0006,3,1.006663185672732,165,Healthy,-4.383712615330174,-1.0912980787345214,1.0626911921887037,-7.793962053027872,0.46717096988275786,1.3624888554024253,-0.38572114377890804,0.49272849495148974,0.07554112849638338,-0.20725719224031555,-0.011659702276481426,0.40093816434055163,0.45543146830936704,0.301521526600423,-0.5090575750385611,0.12792483749389155
B0006,4,1.0066423327703706,164,Healthy,-4.375506976229496,-1.0287801241890933,1.1149910260508362,-7.765615449417853,0.5339908544716697,1.3140025521670509,-0.35533364759493025,0.5522342449762969,0.100777670721746,-0.24453086705327937,-0.05861016824231455,0.5358606072684642,0.6162621251094801,0.14586594872474723,-0.18016913427437772,0.14840446771136873
B0006,5,1.0002641688123854,163,Healthy,-4.269501972066747,-1.122819791687739,0.970773979503789,-7.88180578287981,0.14193259903398886,1.435052630913698,-0.415155176523347,0.43045553630723554,0.058110018394230245,-0.0917962525833014,0.00301043363436279,0.23692376704520896,0.16261902238917927,0.6123208929292797,-0.5223453467208106,0.12715838254855816
B0006,6,1.0069495379965825,162,Healthy,-4.272521280102125,-1.2716342925231825,1.1558007331029159,-7.9745449001999065,0.290901055684565,0.7214513759698944,-0.12257185753636052,0.9263915986317887,0.4261792753897708,0.0962330631427386,0.07755174313664369,0.3313082279586945,0.17371252141026117,-0.44395309145589307,-0.08417001831625365,0.13125989278180436
B0006,7,1.0065505528134835,161,Healthy,-4.134603102799073,-1.4653186007589383,1.0640315879028341,-8.175941332958576,-0.07152573255028012,0.46486694542746604,-0.032442096417989855,1.1057111823616306,0.5952878160431021,0.16313019829894326,0.09336645590661828,0.018063751773347847,-0.4124000623405624,-0.5030328775806425,-0.09828486940031939,0.11539173163255666
B0006,8,0.98439491313642,160,Healthy,-4.381902083573282,-1.1488162425935013,1.0181753027490057,-8.361016113826153,0.3457125480183467,1.4263878881553125,-0.3998194249793738,0.6485926604984698,0.21942876550777898,-0.2701107951131666,-0.08918063020347376,0.3283276306333488,0.3876789806703694,0.22503544955093066,-0.4051682575270732,0.14468890668630602
B0006,9,0.9840830882167122,159,Healthy,-4.3708164840665615,-1.1246118756318109,1.002852972971523,-7.7991165612699795,0.5352082954145747,1.3539455926682729,-0.4006975318936968,0.4572825816614421,0.12299702669870129,-0.20492025740449032,-0.009681320738763289,0.4138314706773725,0.43727078255334395,0.4707433798119289,-0.6754254647090783,0.12309498719353522
B0006,10,0.9786153958780268,158,Healthy,-3.980672939477617,-1.1736187539300118,1.067107412903725,-8.107289976542223,-0.22589243589505578,0.7520696967799733,-0.11160240576970423,0.99130013449506,0.47924451212103897,-0.24832479798715337,-0.11604798430738486,0.4107996049157887,-0.13684113718890348,-0.25021615479730297,1.0421858452022372,0.19861944615797103
B0006,11,0.9727995757064676,157,Healthy,-4.239360837493384,-1.3043849660773992,0.9614954159767474,-7.99112720506335,0.2560069776081971,0.9459810436951677,-0.24415767677472552,0.7292108203757701,0.37228997120031676,-0.1729866084014758,0.02817009873388048,0.2530517015103454,-0.03801778990217277,0.14283590336840826,-0.43845448604898396,0.12113401587203594
B0006,12,0.9673752522420564,156,Healthy,-4.265892563764677,-1.2017870570966505,1.0264088328294079,-7.9040177219300904,0.46038882434853895,1.0077554007242526,-0.2632835821087272,0.7238634606271003,0.35033537873938053,-0.22289255320968396,-0.05459399917997342,0.4220892271396221,0.2747704667492052,0.05904928638383096,-0.21544031936483524,0.13790064865693047
B0006,13,0.9616399769684014,155,Healthy,-4.3711293259081705,-1.0594661003064936,1.004855160561523,-7.740887382352625,0.6659925521023434,1.428455891103631,-0.43495986703077477,0.40119217737020724,0.11554897903425947,-0.20229554517715742,-0.05127004172997448,0.535179502176444,0.631948433159,0.5575472705172819,-0.6087516799254298,0.13322012819701348
B0006,14,0.9559449654742436,154,Healthy,-4.216587976733896,-1.126533113143547,0.9923485498708627,-7.884597020585853,0.3028166762586346,1.216279546999137,-0.33639794202306267,0.571856383606583,0.24247845064051118,-0.14289578952056514,-0.051588326267201196,0.4511742969095357,0.32199795339392334,0.40824521931789776,-0.14514633346599398,0.15360067586787995
B0006,15,0.9505333570989652,153,Healthy,-4.13297360382696,-1.1477416152344266,0.8752951308044163,-7.934886933354735,0.04685916595622112,1.4440170274713247,-0.43654126772440593,0.4235547589029921,0.15314003276823696,-0.04060703646766228,-0.08226950516178803,0.2146276040179425,0.08985465655187634,0.9005229117599424,-0.414099503111889,0.1414745950429863
B0006,16,0.9445994974030728,152,Healthy,-3.9927250239583536,-1.5315531031140182,0.8107274002497932,-8.25991561322144,-0.23931595384826798,0.6141032083125118,-0.13308085908596443,0.9304088202332199,0.6415765566636469,-0.11859491991190413,0.06064440712034695,-0.03638460511675269,-0.778165098936588,0.11879213791687127,-0.28238050194490877,0.1133793299250553
B0006,17,0.9391391861244244,151,Healthy,-4.182145959153752,-1.004528310695324,1.023292786355942,-7.81629986319576,0.38628172472657146,1.3204344320762709,-0.36931969580733587,0.5546975903516312,0.22481071640300213,-0.1921778685814971,-0.17197519656638455,0.6106908445796991,0.613455198199583,0.4392149080300565,0.21098623482946505,0.18235749545508384
B0006,18,0.9337848580760104,150,Healthy,-4.01331841881694,-1.1575673129569017,0.9979735814588523,-8.021916699405589,0.03472246189754666,0.9092268237572456,-0.2003703033952734,0.8555601670311188,0.46841029983868976,-0.23432078376822635,-0.16708448363276512,0.4976676497111084,0.13400883610159683,0.06891234696872184,0.7274933933392099,0.19751524374890123
B0006,19,0.9337946287226884,149,Healthy,-3.481681876293405,-0.15900044515754133,1.3188820243139627,-7.45663205618035,0.6799198347845236,1.1462089471015404,-0.5246316521662413,0.2657991266571859,1.0566928029292666,0.02114846910547407,0.12026812160309519,0.38410146703248993,-0.6012784471424125,-0.6211832005531281,-0.31617892631648026,-0.1851790031711536
B0006,20,0.989813274125409,148,Healthy,-4.161845274453676,-1.022988780601944,1.0875970786587852,-8.476983983981931,-0.2705054538788702,1.0049888706308068,-0.1788624313556604,0.7782786193013176,0.43583141550370696,-0.19741364088686955,0.1669766342716021,0.8607748624143284,0.1836596995949996,-0.049615988674744295,0.96993399125227,0.22760202245155725
B0006,21,0.9787749540442012,147,Healthy,-4.352895746933587,-1.0321124318106645,0.948254372615419,-7.747860927886967,0.4596679159152308,1.4798869562119503,-0.44991580207284687,0.38438193169259155,0.09551216521924452,-0.1625160368537875,-0.13690062094762795,0.4578548714215509,0.5308596353367159,0.8979783014148522,-0.5791412013838791,0.14567610853424062
B0006,22,0.9729075085393776,146,Healthy,-4.184861062150596,-1.1866698412067729,0.9034077588241527,-7.95553536301479,0.06939310834449829,1.1039922703932508,-0.2961042696569646,0.6410791031183815,0.3164210362016606,-0.09324104066353155,-0.09295443730972534,0.2947130028337231,0.026887334126786486,0.6028259656154108,-0.19445984339599173,0.15298485315236016
B0006,23,0.9621230560840046,145,Healthy,-4.26786098851732,-0.9841846584872532,0.9594235353994367,-7.770108078807616,0.3919129959599086,1.394821109442181,-0.4038660764052142,0.48020246949909495,0.1672482703244999,-0.15998005707296595,-0.20021388464185672,0.5444482879157366,0.594948401018302,0.7421240407345967,-0.10377732480428059,0.17300071455498162
B0006,24,0.972990566571082,144,Healthy,-4.289037298670642,-1.2976417362272294,0.9625107517319657,-7.936551193216811,0.3842852638052048,0.8047624656518394,-0.19993691618866613,0.7629845643827203,0.4911831294586318,0.1779089674098846,0.05997535258688817,0.3148918950152978,0.1391103216283153,0.16478689571447938,-0.6487011515713478,0.1143608215701955
B0006,25,0.9507039652765396,143,Healthy,-4.346396037620854,-1.2147522317993245,0.9165441997714998,-7.834696729584854,0.7126856050912623,0.9720431090991727,-0.28588875552220555,0.6903088422764274,0.4529109499813886,-0.21324841308214418,-0.10605841972289189,0.4402862712088624,0.36211348123189885,0.26133674349654185,-0.6731490098881704,0.11583198909932943
B0006,26,0.9393371068400423,142,Healthy,-3.4198866215961106,0.027216517656551205,1.1180107041867484,-7.420159318719473,0.2863597851561566,1.6438461256938883,-0.6882518666449585,-0.04921618742374211,0.7328609295663582,0.09311816949101913,0.011085136894623973,0.23524219343193203,-0.5321514571954459,0.47188769064899844,-0.35556571577634627,-0.1347542322214386
B0006,27,0.9341530664132108,141,Healthy,-3.539883411313121,0.14436252140337386,1.2481401377251873,-7.240277298096596,0.7048686192956278,1.7825660918235582,-0.7560608561086166,-0.11953636784960311,0.7068779923639873,0.08744634220236247,-0.06735971327482695,0.5045508757368856,-0.05846462037316056,0.2832275027900315,-0.3621686993545947,-0.147213428601108
B0006,28,0.92801220350415,140,Healthy,-3.425556826504232,0.2904021982356143,1.2444137880980997,-7.229438709936517,0.6356867707245816,1.753908851739875,-0.734707985170184,-0.024294166104848375,0.7816201525912367,0.06958453194898426,-0.062226909157182146,0.5897560604031489,-0.038378761734178375,0.15257307266595868,-0.09106983644241932,-0.13912862298542675
B0006,29,0.9225998980927888,139,Healthy,-3.384407644020903,0.5011041472100323,1.3188723126459319,-7.109198718580186,0.8714654815403756,1.6812633583063414,-0.7081755061319709,0.16859178776662556,0.942296088911077,-0.11610075188469188,-0.08482344610060799,0.9341581607665903,0.19096360319711878,-0.36303895636416633,0.26075315038162583,-0.14527777439753145
B0006,30,0.9286144454426584,138,Healthy,-3.4032896612053287,0.316908241975328,1.3476546448585383,-7.215130082926704,0.5435947945264142,1.8401029614119628,-0.7401639899326978,-0.038697920119725726,0.6952221982941061,0.32663788577913333,-0.22983839126165626,0.598383399528312,0.26833845681622714,0.2325808695589382,0.42706934682893355,-0.09082036858990337
B0006,31,0.962388044454532,137,Healthy,-1.931063479315496,-3.6599857183552436,0.3517019817845153,0.4976826439320404,-0.23822802399409568,-1.1883698510966954,0.5999582646000454,0.6679615082631195,-0.9905055955347452,-0.05381874029869454,0.47148891345384497,-0.34252690415429954,-0.10314075225351914,-0.04523779000547427,-0.3598856225276125,0.0646539733789458
B0006,32,0.9411158763046276,136,Healthy,-1.1583447129431728,-0.7756278429949393,1.5620851036828318,0.6154691818566012,0.35850480545528185,-0.6748071001693947,0.03538851294658011,-0.3458354128456883,0.06537372882529448,-0.08201372740741246,-0.1287983498536941,-0.4783534251563442,-1.028620373477582,-0.8298093005206971,0.5173505284548002,0.015048115662696487
B0006,33,0.9276383439427937,135,Healthy,-1.171894358397959,-0.7164302970293402,1.3613082450353162,0.6668372284727598,0.3389509041914784,-0.27402453357799245,-0.15129800527920048,-0.656972732943366,-0.0982209282847178,0.0821182615926654,0.03803755396137892,-0.6762054750130192,-1.1273737981166054,-0.10284638926159524,-0.569772425818641,-0.03803824715450611
B0006,34,0.919625445859094,134,Healthy,-1.000101993112913,-0.42976495518199,1.4569203173366088,0.7046224695835762,0.23083922630138107,-0.323108450118965,-0.08661494667227465,-0.44243513640104254,-0.017306785875549922,0.005255678379860823,-0.10268251166450412,-0.3653133400362876,-0.8211300612763434,-0.48697236555861073,0.5476125810499046,0.023362205697326915
B0006,35,0.9092698036997214,133,Healthy,-1.014086304967501,-0.22604576389932182,1.2873858615409246,0.8367653207111355,0.24145686285344733,0.3029316259384694,-0.34099288452428417,-0.8329757949209092,-0.3253468242346541,0.05707710875647205,-0.11195482086814514,-0.459085239138469,-0.6316837215987688,0.4152283680966214,-0.13999841193678486,0.007471348148941967
B0006,36,0.9067385029783528,132,Healthy,-0.8944308864182334,-0.26275199712572134,1.2955744747888824,1.2978975278469373,0.2670162128278247,0.017970333688408453,-0.2547781579420209,-0.7856756235325938,-0.26899888422369517,0.15472099590579164,-0.09102889625924429,-0.49290018901310373,-0.8078302993013633,0.3859989203961776,-0.1556076718878579,-0.013984110217628824
B0006,37,0.8985509225152718,131,Healthy,-0.9646489501894567,-0.16615243740124244,1.3029045219410813,0.8540368543569948,0.31647817150285285,0.22240074270141816,-0.31857944267348026,-0.6986139173849318,-0.19108332553886126,0.08522760726043525,-0.08018683016483907,-0.37393062691385565,-0.6088857470702963,0.1826127898953803,-0.1791029438855514,-0.011256184895198145
B0006,38,0.8905023147060238,130,Healthy,-0.8305106618584952,-0.2172715467119135,1.3026294064767037,0.7235658872004674,0.16433915185396747,-0.17155641122827792,-0.15487388165328786,-0.37687678850545625,0.06184262829996501,-0.029880747329899343,-0.09480587654618873,-0.3575289436914313,-0.8491258376718258,-0.31724208406661203,0.3665525315897917,0.0055875293246279555
B0006,39,0.8855065211341164,129,Healthy,-0.8560596018483798,-0.1862797249252567,1.2418506146877704,0.7758689911156063,0.21892355876152947,0.044083163508033874,-0.25540675424495235,-0.5398454154699025,-0.021091112811446214,0.06705331809122092,-0.04332823475777622,-0.4143472835012425,-0.7869715545115303,0.008079207999488493,-0.1403614394155055,-0.02004032043242348
B0006,40,0.8802356224085472,128,Healthy,-0.5855103612010151,-0.2700412220290652,1.3626185759854876,1.0808513026257818,0.10629901187211016,-0.9045343466257976,0.12219581548009086,0.044754388288180715,0.4057375965517196,-0.07777176037709238,-0.11893289667499585,-0.2590581749057509,-1.1400498345513836,-1.0451167388955478,1.1327309698775638,0.009567591932819607
B0006,41,0.8751456894003294,127,Healthy,-0.7987037363840573,-0.060966689776282786,1.3424117483454945,0.8201379118468942,0.3135503949096709,-0.06084643576360392,-0.20507836334870375,-0.35336675490165836,0.1076990291055009,-0.02525590907855792,-0.08745671417982868,-0.14560225483448277,-0.6082761017841111,-0.37658624776357896,0.335561569509524,-0.006230372792225389
B0006,42,0.8697462518866289,126,Healthy,-0.7987439610113727,-0.25401846620971863,1.1997059863625628,0.7096687997686699,0.2520458763049763,-0.20317742520319668,-0.18309516110619461,-0.31977793052710324,0.21159305020634733,0.030628160564699962,0.04174347408452547,-0.44098724035673015,-1.0518001400068937,-0.27258292664314165,-0.3923348953218952,-0.05617581066065101
B0006,43,0.8773383276818602,125,Healthy,-3.0816590557511465,0.6953059354910723,1.100953991011437,-7.0894204146432385,0.5939509372705276,1.9425989589186141,-0.8419606264448297,0.08456079075229697,1.0713818733469442,0.09392062614447039,-0.0669525469403323,0.7920288148638882,0.13667240789151178,0.29285353052869567,-0.1962787729045835,-0.16427337120490645
B0006,44,0.8829695470921088,124,Healthy,-0.7824717833017877,-0.2774278482915824,1.3658452102725933,0.7042346305142366,0.2336025311704796,-0.37334507962608104,-0.09587296537019555,-0.24629542642906274,0.2683775218704287,0.11190933243662231,-0.09473960971144207,-0.3260740520501911,-0.8329497659250584,-0.5650391448783106,0.3847068961793348,-0.0077778275585027035
B0006,45,0.8668943709812419,123,Healthy,-0.7199628132004139,-0.17245751525862318,1.3164783132502242,0.7187254003566905,0.2776426415175004,-0.4141088829227785,-0.08366993245477777,-0.12250796370570464,0.37985591277514114,-0.07894153612085235,-0.085639089428132,-0.1832788432135865,-0.8248598082141368,-0.7488797102779426,0.46967750586557233,-0.01534071367156852
B0006,46,0.856662956020367,122,Healthy,-0.750442322613589,-0.08656807405257191,1.2588147318363119,0.8017454042706224,0.3823907074030872,-0.1469783442609159,-0.2023197627137855,-0.28531183235201507,0.2786505221286336,-0.06232766699372207,-0.06715323727456293,-0.16753323694460126,-0.6912492093532454,-0.42545451368656445,0.05236350153585843,-0.03505649000274918
B0006,47,0.8512038906836733,121,Healthy,-0.7962880234456893,0.09459059542061787,1.2225262291891308,0.9569778686489647,0.4799471445305689,0.364477422401047,-0.40555186624567474,-0.614184181910003,0.021927943900321364,0.05118004315165143,-0.0990326148984347,-0.127906826446784,-0.32866667254612464,0.18379816880906996,-0.3402459245548542,-0.039396076682735835
B0006,48,0.911859730890915,120,Healthy,-1.0020630672973083,-0.6316937353880938,1.4628646798073563,1.2229863925438016,0.37943343755344866,-0.4640282892035048,-0.10202374509427989,-0.7665854083464687,-0.008240921464223247,-0.18232294751684103,-0.05292226129892298,-0.16044546655762779,-0.9747531533500382,0.13068737462851626,0.30167023761106376,0.014655383923275719
B0006,49,0.9040642025157354,119,Healthy,-0.8641496753961695,-0.48070360007070756,1.485972486772704,0.6603386763460773,0.14137931331264553,-0.483229723871383,-0.04523771460710446,-0.3436305771413778,0.21279381221408863,0.025908308130005404,-0.16868634821249412,-0.26502793105662736,-0.8703336370725979,-0.380736698386029,0.8086500209891726,0.04211486130813064
B0006,50,0.8878805472517142,118,Healthy,-0.8639680892164903,-0.27157662490605966,1.3587290440082778,0.7948529042686124,0.2763045124393232,-0.03058056248380067,-0.24022456896932148,-0.5658707983033413,0.06149459080225537,0.07389949993559237,-0.19307823918741307,-0.29754799361541967,-0.6364036168057254,0.11389315573494238,0.21180755358429906,0.012098971493727155
B0006,51,0.8723704920918399,117,Healthy,-0.7520303240002039,-0.16605315071474672,1.2799783646378702,0.7710558525731289,0.20662092320709896,-0.08289194564426282,-0.21959225787947234,-0.43705426824471694,0.17680682478940174,-0.038633809865642646,-0.15236230315693217,-0.2367923049774733,-0.7239241601609224,-0.0033290920372597574,0.26978761515312866,0.005284824658597466
B0006,52,0.8646035170661865,116,Healthy,-0.8008719807641748,0.029178228605645177,1.3454486804810786,0.9358241982825788,0.44561904582339545,0.16340195457091558,-0.3156745322378087,-0.5307881658205456,0.09961812518796698,0.01854661336081076,-0.19460701645629352,-0.004474369183116516,-0.2813935469576914,0.011783300026730954,0.2619366398769111,0.0014005050027443608
B0006,53,0.8540543276276622,115,Healthy,-0.79209826180824,-0.028799641376334457,1.240519697247484,0.9008881512460103,0.45907859891590047,0.1391595071214598,-0.3316529525776127,-0.5085513716148083,0.17151076080390595,0.005778534244094878,-0.09279476616943116,-0.12161547557964467,-0.5012225533621083,0.09227298379083003,-0.3079347966089769,-0.04021184831389506
B0006,54,0.8487977118730884,114,Healthy,-0.6475826959803305,-0.167795682448614,1.2678444780563227,0.7059593174338004,0.2666003945543016,-0.4893884033597094,-0.07687527097050745,-0.03404831900157495,0.5453753502362347,-0.0642240339962187,-0.036388017620324925,-0.13206106404645016,-0.9203464528316069,-0.6804193138212709,0.24370470819880433,-0.03393990540250372
B0006,55,0.8410317262014732,113,Healthy,-0.7084112285481724,0.2730267614766497,1.28529698246514,1.0175149096820701,0.4659229380308645,0.37653230448232816,-0.39574400616720057,-0.5062895173367337,0.09722671494282101,-0.012073242049814702,-0.21593977659712846,0.1262684595294532,-0.09241236742778154,0.14625566014211588,0.2152841779553317,-0.004094179968656741
B0006,56,0.8357384161147543,112,Healthy,-0.6261792000462684,0.017393238998970884,1.2450674536832362,0.8106775067278469,0.3470680014491831,-0.22260395639425332,-0.1801749297077137,-0.12807474868339827,0.46564034203693594,-0.02781266931168737,-0.09442035037686576,-0.03949309564205418,-0.63224573712833,-0.4660062598229191,0.17850103986248284,-0.033898522347422314
B0006,57,0.8303795693523828,111,Healthy,-0.5127112364895412,0.05172450070299226,1.2487635232285317,0.7492066715759593,0.19448717012191039,-0.36450938083196877,-0.1089952022839378,0.021323811325350647,0.5667165895579815,-0.06796900306756709,-0.13427422728534666,-0.01096832359744176,-0.6852791812576224,-0.6487219288852006,0.6295323582613058,-0.009814601726948653
B0006,58,0.8255605075190345,110,Healthy,-0.5396242218289812,0.12327943947863117,1.060563689176725,1.3835194161556708,0.3321515493205435,0.15043555167709702,-0.36544692566136355,-0.5491057524214551,0.1795008124704512,0.1406794908226325,-0.0681341957653324,-0.24822943787372592,-0.6488023572841809,0.5622124340335062,-0.6999921296477597,-0.07474948002372776
B0006,59,0.8200674628095465,109,Healthy,-0.549906821031025,0.19218005034442281,1.1249000554339144,1.4301279891372038,0.4484326808500213,0.113171909537878,-0.3445621492926197,-0.46753180866284294,0.21408645430447684,0.0771834817722082,-0.13046289549603599,-0.08957638097467416,-0.5010744657755501,0.3514932692151504,-0.39230197743095946,-0.06282473867232043
B0006,60,0.814599970808272,108,Healthy,-0.6897879801830066,0.47578236888104464,1.106707744956651,1.1468405940665527,0.5139190398458032,0.9340263014715171,-0.6405793264339849,-0.820415223749098,-0.08250018614958889,0.1169296567825513,-0.16376566358035644,0.05347610239396438,0.09482320962439639,0.975564230961646,-0.7431585366383167,-0.0462069931309977
B0006,61,0.8044248151480833,107,Healthy,-0.5911913321232635,0.42968415364035095,1.18158198490987,1.0444059792267595,0.5107618830447861,0.42991656957519714,-0.4327800636437452,-0.3952745669444849,0.23515603526073925,-0.10705691581365037,-0.20160816544550123,0.2276721599691315,-0.04701145449014664,0.17762310039056836,-0.002024530837058292,-0.028608406114332536
B0006,62,0.8017622449484624,106,Healthy,-0.4623771427816154,0.3428305072796196,1.1125496421550645,0.8919408313352016,0.2281664868947115,0.15135523644781512,-0.3183936189871207,-0.2175587072328941,0.4014480093193156,-0.060262095684597776,-0.13560134210547503,0.07107613996630036,-0.39226550681377026,0.022283718533464374,0.13542454758132744,-0.025110044445711834
B0006,63,0.7994856072013992,105,Healthy,-0.3941387168835177,0.15801597620689073,1.151922616346984,0.751408695445003,0.18234498011529812,-0.3168155941950196,-0.14527887457833147,0.09994091634043119,0.6904824261914763,-0.0949510406606255,-0.09675176962312189,0.017555257581273853,-0.7006199367931553,-0.5349152680421853,0.31925201039559037,-0.036178980881478535
B0006,64,0.7938136561787802,104,Healthy,-0.6003203741168781,0.3205764462888534,0.9883706514554627,0.9742690373756914,0.43743880750018815,0.4040571954311895,-0.45312791056068974,-0.461910969310243,0.2739357249074864,0.03580973152427729,-0.05956323157979461,-0.059202206432958246,-0.40516008222710953,0.4687131168129756,-0.7977362078962198,-0.0757344931443617
B0006,65,0.7914859872343083,103,Healthy,-0.40323902759980634,0.2073701853593255,1.1905329319919824,0.7684825711198742,0.23622719698364683,-0.44397840572611713,-0.08558522888452358,0.2337833783006237,0.7604535002321067,0.03906760810323159,-0.10671314017210075,0.0925495474835382,-0.6256837248323301,-0.804068792328714,0.5486927861155986,-0.030262233179156477
B0006,66,0.7835688183567815,102,Healthy,-0.3708436532240214,0.24980569092343927,1.0827227831628594,0.7642350072754508,0.17958565409486327,-0.31550234472768146,-0.14384383093644076,0.1445919670710385,0.7211947659810997,-0.14102782808741232,-0.09619611148662345,0.06783647749927939,-0.7064239410756333,-0.5145558901520232,0.3486295248928955,-0.03563109010008094
B0006,67,0.7806723069856941,101,Healthy,-0.39362955960879176,0.2681910290500203,1.048832692217354,0.8047883149390916,0.22825951309148787,-0.15636227405621572,-0.21675384158533573,0.016625860191941753,0.6516573902709926,-0.06386432621035672,-0.08645665343896847,0.021908775770007407,-0.630034706130424,-0.27202103038746234,0.0347497860977256,-0.049109484345591564
B0006,68,0.775585594639521,100,Healthy,-0.29272708059663055,0.09518866878045815,1.1178921978273262,0.6239388929918632,0.15013180586021382,-0.8588892886047086,0.06059623347317328,0.5169963938592448,1.0669543256916252,-0.20205735522476304,-0.046828342277233044,0.08378519138072285,-0.9981083673986215,-1.2065410967466157,0.6568201634248612,-0.04411502628351557
B0006,69,0.7703370803147586,99,Healthy,-0.23120250671932752,0.3874394343743797,1.0569244982879173,1.3143057186350997,0.1954085745488949,-0.27791354105779975,-0.17339665901446089,0.00014746501547993642,0.6160393165798995,-0.0669484261146127,-0.16872942383705686,0.10840927908865568,-0.593341268043371,-0.1388026029110312,0.42917201732614046,-0.03342718848279865
B0006,70,0.7626569372312216,98,Healthy,-0.3372193153431898,0.7935342418281917,1.083288092666216,1.0732795560767399,0.2620226663582206,0.634119360376328,-0.4835962521629298,-0.3570535581259816,0.25515866888871325,-0.1933974904427167,-0.3211684244789789,0.4151610307212041,0.1965987949712347,0.49332468901192883,0.6042044169024634,0.021031355897776455
B0006,71,0.7650785159033714,97,Healthy,-0.446720402148564,0.43830891415549905,1.0107545506878237,0.9671076641783033,0.4219590740295862,0.29223212272439497,-0.4099910906055681,-0.2652795398408094,0.4779409439591563,-0.011828525005408127,-0.11251345044360496,0.11407389161542322,-0.26874192445733597,0.26957782645636535,-0.4623323482647685,-0.06666284571603014
B0006,72,0.7623283417237045,96,Healthy,-0.499417723874075,0.7722982544096313,0.9752139259203181,1.2092362828643237,0.4893721990318261,1.1211141675772234,-0.7205963431195176,-0.789144010861868,0.021724079062871826,0.10401376703915986,-0.21480814070622725,0.2151851514270122,0.34261657835686216,1.2679285215529281,-0.7532314022538039,-0.04651262244325875
B0006,73,0.7572746493327714,95,Healthy,-0.5898498159694233,1.0515400481863098,1.0534097022807192,1.4493102253729258,0.7606922155227925,1.6370493123647913,-0.9132163132605747,-1.0655078456534555,-0.24038515205225902,0.08237340282735868,-0.35317340123721574,0.5065078351840273,0.9870157821593585,1.6340382279677392,-0.6729698063618121,-0.027001490019070748
B0006,74,0.754695752301041,94,Healthy,-0.4987267293655394,0.6536614118145424,0.9755557269914249,1.1481399986206269,0.5682130617077115,0.8356491149420348,-0.6288140275449159,-0.6080877248547544,0.22395607947899304,0.06384054558339708,-0.16857031517652607,0.20574641609376926,0.16402359132591204,0.9220764349569732,-0.8499803477271384,-0.07005805912062521
B0006,75,0.7519987166525351,93,Healthy,-0.3440578252202617,0.4417944154939113,0.9955655281239603,0.9062011531893529,0.3373971812382271,0.107620054459022,-0.33799355256605285,-0.1092627569761345,0.6413817930382197,-0.03884504550236383,-0.12277963367855717,0.14233603556450872,-0.3445628863585069,0.09284298922371538,-0.2208265032852521,-0.05940475124395229
B0006,76,0.7467600959020094,92,Healthy,-0.2864604214682603,0.4497507878115347,1.0721853956027405,0.8567134682176997,0.3275362185163232,-0.2232794043869337,-0.19352199362562933,0.17016632627167944,0.8378225308892162,-0.1626101530556357,-0.13832905654525757,0.32454450110673494,-0.3784222775958993,-0.4613723591051702,0.37482585642181476,-0.040212169705406586
B0006,77,0.7438161512248711,91,Healthy,-0.2600688528164675,0.4810047503252674,0.9864072197010546,0.8645026803979485,0.2326954308504158,-0.007116743711918444,-0.28448115422832826,-0.0041069530773947755,0.7327916840120666,-0.07809651037322304,-0.1261534838196628,0.18066433713324426,-0.3867765739898343,-0.021667405252889498,0.01900227806238729,-0.0485360737889755
B0006,78,0.7651438107200852,90,Healthy,-0.23997649949809477,0.19451758938924843,1.1056678596258236,0.7266313401696047,0.15271615599024888,-0.46749554551043254,-0.11536151079095364,0.2125109557144233,0.971889503449541,0.06875210993264362,-0.1180091840436489,0.05687073216892415,-0.6682687341436693,-0.505682084806312,0.3246277133427347,-0.04275213572400253
B0006,79,0.7520380044180056,89,Healthy,-0.3012803570071173,0.41136439069500513,1.0485262989011854,0.8912955784813578,0.3700874108910051,-0.053427199321933766,-0.28449646178320026,-0.011815332356591168,0.7968758870420725,-0.13259254283051872,-0.17146197477482486,0.25437319149374527,-0.3125462306755773,-0.11978928807215529,0.06632437017855128,-0.04999738521997762
B0006,80,0.7443796804365447,88,Healthy,-0.2701755083624214,0.532097954141242,0.9692116847037768,0.95089695183812,0.2843657934076208,0.3274981846469367,-0.43252856984514965,-0.2681567291369763,0.607329987889578,-0.02812516302420649,-0.1823180529051034,0.17656323034006915,-0.1526494341023925,0.4718622491708015,-0.24528115952677293,-0.048470560434008485
B0006,81,0.7391389642773318,87,Healthy,-0.23303969415527478,1.0339696691955509,1.2207924153353038,1.2080351063576003,0.45459493891054986,0.6704521912287315,-0.4991602112822019,-0.2766467278430797,0.4251780813242007,-0.2306669637818122,-0.47421540249650534,0.8727376982400916,0.7953008317404493,0.2888008859801223,1.247915561044607,0.050993341123461565
B0006,82,0.739229991107842,86,Healthy,-0.28278220063594006,0.35665105013859444,1.0084182262923007,0.8590945129903204,0.38503823304908824,-0.1285559268749832,-0.2736176999843659,0.03782182745524741,0.891267245031449,-0.07103937117562148,-0.08058136031541671,0.202385722395081,-0.43161386603467244,-0.1070830027660371,-0.34695115645363983,-0.08195210706741549
B0006,83,0.7366074224499864,85,Healthy,-0.33266869580039193,0.4742331025507905,1.0127447962814844,0.9703772128361569,0.49370991321825564,0.17544989856076312,-0.3929743176721704,-0.15200900356989608,0.7302846059743294,-0.036104492029681856,-0.13655762025441498,0.26917256955832236,-0.16798521196698996,0.22418452756467927,-0.4701412075830644,-0.07780975211989914
B0006,84,0.7337582467533948,84,Healthy,-0.29317537935005805,0.6203293132533956,0.9937477233196347,1.0267256712312767,0.41915481948058586,0.42514821525751006,-0.4764031837725316,-0.28861489570979787,0.5981572138804776,-0.016135382127214506,-0.18927368750798085,0.3112853511035395,0.022474169313107095,0.5498900712514216,-0.366054738205072,-0.05687466224210337
B0006,85,0.7258146328760668,83,Healthy,-0.10316666292159758,0.5346387402755114,1.0635622853827438,0.8261339058579014,0.19994878398103869,-0.2646932218723101,-0.1801635835883637,0.25100225850908137,0.995418109034493,-0.22423717741093488,-0.25680433128131896,0.4064448256121766,-0.2824341314708148,-0.38612176350845745,0.8024001816360311,-0.011911833579767599
B0006,86,0.7259618860483588,82,Healthy,-0.07558927803733179,0.37041642706254335,1.046426095542654,0.7172687112695957,0.16972616644087382,-0.6076161534475992,-0.06206932826528958,0.4383507227839605,1.2095278254312933,-0.19110173398714547,-0.1648890685626904,0.3161759774593389,-0.5661154998477708,-0.7338267145640138,0.6846132138511227,-0.03571595658109133
B0006,87,0.7235742347388872,81,Healthy,-0.23010358994604513,0.38466918719321197,1.0088075558066751,0.8548070490182612,0.4308567558539019,-0.23359997650643202,-0.24073537925055905,0.12715891869298518,1.0225873704637092,-0.10090064826328979,-0.0935277885339578,0.30270651531308024,-0.38435668453502625,-0.23174754795683852,-0.23474332199896836,-0.08273316079725887
B0006,88,0.7234269052829942,80,Healthy,-0.0775582161852688,0.4535884766330829,1.023002240782688,1.3421857706434528,0.3623645183641118,-0.3762587815906241,-0.18685366795002686,0.10926494804537912,0.9671392822878355,-0.07481669537235751,-0.19100356941527327,0.3169935212280344,-0.4113273993808088,-0.08418016982080212,0.1819600138842407,-0.06347728866259367
B0006,89,0.7208370965142339,79,Healthy,-0.15070230914935231,0.4142483079993409,0.9829814383780168,1.3827231718050643,0.49721182102899464,-0.26321183427085354,-0.25472686756298135,-0.006160006913171296,0.9243303595402032,-0.022460390423920985,-0.1545341098046579,0.2504533526767567,-0.4064958225910047,0.11165831184424659,-0.3407591213950225,-0.0942097832847673
B0006,90,0.7967933296550064,78,Healthy,-0.3339096457948677,0.18301526632607445,1.3141618651127083,0.8897619006886248,0.27140988592868737,-0.2876765996879357,-0.2104935552880567,-0.0900780794642471,0.9413833002059303,0.9754678855250692,0.011362803072892906,0.06434349651461503,-0.15974363233135339,-0.1633747838900455,-0.3634373957955126,-0.0757593998160496
B0006,91,0.7731951188457818,77,Healthy,-0.3999513405268701,0.1312949662769905,1.1170290331933823,0.9019950727976065,0.5662342444738082,-0.13036214544209662,-0.31383394192609043,-0.11281409437147699,0.9097366318350869,0.15288063522333079,-0.2957174664929758,0.002567414963080979,-0.3396969273596174,0.13780877461747099,-0.47094245630175086,-0.07769677255809976
B0006,92,0.757352795878305,76,Healthy,-0.3019187691531964,0.38825676913270507,1.1266113495585917,0.946637280332245,0.44585760204003605,-0.04391182359182218,-0.31208866099188,-0.11372107191914496,0.8716234134680751,-0.04007860644501146,-0.2495469070609001,0.3597446990781388,-0.1531137437460908,0.13655943374837312,0.13767878945549042,-0.035328843768524285
B0006,93,0.7494893041667702,75,Healthy,-0.10949940683696169,0.13535153479287465,1.1370191558166987,0.6440811107913251,0.17672636880083686,-0.9737805405454751,0.05888361767551214,0.5482351765247084,1.4121202274631068,-0.146113237863441,-0.16980602638354922,0.27705825554010166,-0.7969483318519647,-0.9548990821900699,0.8306328672361236,-0.03193144222668545
B0006,94,0.7415555372705246,74,Healthy,-0.24368772273231246,0.3086281900633169,1.067279390551856,0.8519003805158151,0.42527363758072917,-0.3491845704079459,-0.20460818664980251,0.11636410769135576,1.0924045746886908,-0.046749570714693565,-0.17362468643583676,0.30494981435229307,-0.3939678374694657,-0.19926765406675673,0.014415874314716403,-0.06137593613084722
B0006,95,0.7364832412734139,73,Healthy,-0.06204512758599898,0.4639860026652025,1.0722489439498453,1.3676011077435328,0.3414394222975794,-0.38962054743179186,-0.18360337206083352,0.055957928965904576,0.9953364160016814,-0.03488930679197781,-0.2982786356622117,0.3693596464730593,-0.3003750897831898,0.0305060836431353,0.5247661490537349,-0.03245044487891213
B0006,96,0.7313802198049654,72,Healthy,-0.19373732842965424,0.44914032980521024,1.070280229323147,0.9039105445143883,0.41444447147941643,-0.19427563478806736,-0.2547907927149967,0.07080440267544236,1.042266505398897,-0.06678808570042401,-0.23589556458448216,0.41268545574803306,-0.18942456211751846,-0.056538943218088056,0.21306248633719338,-0.04307400317582173
B0006,97,0.7259182340531257,71,Healthy,-0.14808518375407115,0.45537736527039313,1.0316440697294729,0.8715319873151449,0.31241275504368876,-0.1979824393682914,-0.25027801972196245,0.07213369661825517,1.0475353767850557,-0.03755920307783295,-0.2158984045199233,0.35723441189158334,-0.26408121308405097,0.037042103038341795,0.1846390458401339,-0.04145077912335302
B0006,98,0.7234335322015196,70,Healthy,-0.17711355062325912,0.5240317385833583,1.0000054783305221,0.936083260544796,0.3855579515173736,0.00860598466658622,-0.33673090017010754,-0.058340591491830095,0.9493816674573065,-0.053909631859866886,-0.2370903023566867,0.3792695293833309,-0.13632671791454348,0.30275135765721667,-0.0269587273676026,-0.04711127643116428
B0006,99,0.7206901997138895,69,Healthy,-0.22236473684281474,0.5992393594789923,0.9940009694190973,1.0265741196273337,0.4885957874930293,0.26781380191793885,-0.4447609749930915,-0.23840554536595748,0.821633704177991,0.01763943051457233,-0.2583394087133678,0.4040750686527551,0.07604357985314683,0.6059076233395119,-0.2807909657015346,-0.053649423863273614
B0006,100,0.715605372480387,68,Healthy,-0.049252530426031976,0.5914206883937791,0.9989694173937159,1.444971939720757,0.390906343629668,-0.11294206846671571,-0.30225542609505773,-0.10873281733075271,0.9076162309440815,0.014956481072353691,-0.29449954322917443,0.40413257770161926,-0.129664952211281,0.473166272273769,0.1554043032991985,-0.045007917367923526
B0006,101,0.7130123589762858,67,Healthy,-0.15259307006363354,0.4428743436221762,0.9313343297310873,0.8839457057651972,0.354989757584634,-0.06235568182879261,-0.32950031350566344,-0.046455011535666765,1.0315880928735874,0.01985914073819624,-0.17802151057395804,0.24431124441654808,-0.3091219439050302,0.3926479705622019,-0.40053271729691636,-0.0724883332588349
B0006,102,0.7102438249830975,66,Healthy,-0.020588257458117466,0.5131070156919526,1.029433967967883,1.379754723240326,0.44531754825588904,-0.4540084370442064,-0.17543027573668757,0.13849782793095647,1.130756797339848,-0.09181698056200761,-0.29061395963047604,0.48067267731416435,-0.26489634747438356,-0.002493256060930105,0.40226685259600925,-0.04899854865031779
B0006,103,0.7103503115177503,65,Healthy,-0.0083833964052531,0.5916965060569028,0.9903366384971328,1.4298182079870891,0.39065459610998976,-0.1639651971208763,-0.2938611562334874,-0.09376403764701698,0.9931674440382681,-0.25607420600656106,-0.2790563242190734,0.5347661757654009,-0.1884410766959754,0.49057021144071983,0.2143626043676526,-0.043670588162167574
B0006,104,0.7261279021654194,64,Healthy,-0.21023786263176544,1.1960159755711175,1.282822903966167,1.4024301744819383,0.629815308477333,1.071873736377448,-0.693578393834375,-0.6043751192442645,0.3898893157826555,0.09295152443734946,-0.6340380931977677,1.0358254469424664,1.3423265317952733,1.147688916675843,1.0188724644527454,0.06416663431684579
B0006,105,0.7157788163862855,63,Healthy,-0.136978329417504,0.2989735694783742,1.0295006799303836,0.8082827285149103,0.4412216328087062,-0.5197018674042615,-0.16354804614379764,0.2566308289573202,1.326233725887458,-0.10076205670741806,-0.18025291447295208,0.35967748840101343,-0.47848262693242916,-0.20095720618016955,-0.06335882426665307,-0.0747563514421813
B0006,106,0.7075078755794715,62,Healthy,-0.05822182663844119,0.5640358764719938,0.9178479178571607,1.4665139917702865,0.4408248562432178,0.04606266595124014,-0.3965542266274372,-0.27500499851680094,0.8871797400747913,0.015043378514796014,-0.27646813314401397,0.31944171826039214,-0.17146960671094172,0.9304498679377058,-0.40168932203909163,-0.06975390423563924
B0006,107,0.7048655753258726,61,Healthy,-0.10824597259927236,0.8906931439258724,1.1081818923721185,1.1569174550539463,0.5534835743073188,0.4810967334656508,-0.5059738914947827,-0.27159404188369785,0.7976904201935363,-0.10318937353358097,-0.5036416115189111,0.7826083653410718,0.6434929105392703,0.7091791556314111,0.6286958720563741,0.011943973606988335
B0006,108,0.7024586590646545,60,Healthy,0.0870115719631007,0.37120650064181154,1.148578113704668,0.6757017915334833,0.21676761067911685,-1.0934174306382285,0.10486089422006657,0.7496218161193732,1.677223465744109,-0.22515013748395166,-0.23199322370582515,0.6516461549350979,-0.5158952411370303,-1.092014743878908,1.310178654126917,-0.013637145630811328
B0006,109,0.6975821482857815,59,Degraded,0.0005675379075305437,0.2844600710191284,1.0757672231609203,0.6915950736731892,0.3683352540912577,-1.0274028205958015,0.04787866167541401,0.6705967348614702,1.660667786431169,-0.247371855402869,-0.18587875563928086,0.5382807307299278,-0.6284880816549555,-0.9008749506796644,0.6459060481361786,-0.055882883787249815
B0006,110,0.6972671916307038,58,Degraded,-0.10174907917662251,0.40821978674070347,0.9931105641992485,0.8531901262158756,0.47526722364984564,-0.4059172075743822,-0.21174413100438785,0.20564107258318678,1.3218210190455217,-0.05183123812263846,-0.17386881541610388,0.4422711060469407,-0.33951156983983716,-0.011200793918777591,-0.19141502252042045,-0.07963709408349132
B0006,111,0.6946585589656322,57,Degraded,-0.11069743626084891,0.7374810436702687,0.9870929028650827,1.06481970540576,0.5196767525251075,0.3000771228724214,-0.4671998239611672,-0.2107374747383923,0.9378110668106555,0.022062744077328195,-0.3332114011968745,0.567372500602746,0.2697649477868539,0.7766893783597426,-0.15455962961992034,-0.04434777852561747
B0006,112,0.6919189736163904,56,Degraded,0.2567018306682382,0.33710814918562537,1.0925732521773146,1.1045553895317606,0.1951590549054278,-1.3905844090187989,0.19438252520537813,0.8170857680997595,1.759334994206522,-0.20230887569401293,-0.30267138200745036,0.5505533413837584,-0.72506497305082,-1.0171149008443687,1.3952966885410767,-0.02442116378436853
B0006,113,0.6868407119097562,55,Degraded,0.09524781722542108,0.8093583735023193,1.00047519186171,1.5096072543517922,0.39613733402631285,0.012418907418530658,-0.35211965076407636,-0.12373398863219533,0.9813088266563699,-0.06434189283033699,-0.4237268956626976,0.6550895192790799,0.17768749931780864,0.7491613289953095,0.5172002459367996,-0.015202131353713101
B0006,114,0.6893029945931838,54,Degraded,-0.17421128891643473,0.6778628178694129,0.9007958604705522,1.089113170869231,0.5968759565214621,0.4523706731246679,-0.5578636369687172,-0.3842478142630339,0.884287531045758,0.10546726553550627,-0.24339960846755457,0.44429159907973853,0.1885705859982407,1.1766933657903333,-0.9218815150811938,-0.08531830412163273
B0006,115,0.6868800149554287,53,Degraded,0.08882747656343773,0.3795621362073733,1.0376208301451415,0.704593967361025,0.27732789025225457,-0.9034080673973377,7.673042619063373e-05,0.6049785609158208,1.6497763172483606,-0.13624014607932697,-0.2416117679715817,0.5166837892829907,-0.5238553098324219,-0.6002547270234458,0.6776697958137794,-0.04362345632168775
B0006,116,0.6841290291971356,52,Degraded,0.0770694378469359,0.6573757273631559,0.9658883780083259,1.4482920367295893,0.4719492697798667,-0.2223930728219955,-0.2880870255826106,-0.01292991716772492,1.1509316406046612,0.010310102252068281,-0.35721483938128257,0.5454741982549505,-0.03415834064949894,0.5625798085131698,0.1536737948170618,-0.05111779595943148
B0006,117,0.6816512018658752,51,Degraded,-0.03900909243686888,0.7720366134476399,0.9658010043087968,1.0542189247846108,0.5064492559368099,0.24281984498357215,-0.45180060277040485,-0.16726126307714947,1.0425288563580901,0.009144222867875598,-0.36409564418026336,0.6292521393798841,0.3076357856144797,0.7922168720680538,-0.03951804987980078,-0.039240216599916486
B0006,118,0.67904830700863,50,Degraded,-0.09168337417366348,0.6519615407061651,0.9582456924471321,1.0213088011269127,0.6099070499937069,0.06198459501179333,-0.401278982106694,-0.08755252532018039,1.1509337327107954,-0.01571688780945903,-0.2753469603394669,0.6147726899513971,0.13411473485658085,0.6140164979198441,-0.3512810059740994,-0.07019986711074709
B0006,119,0.6766345454997655,49,Degraded,0.11856858719319364,0.5037310812803334,0.9431191624191547,1.3307092426375942,0.41263311162178534,-0.566932900591314,-0.16914896714836897,0.182175334858771,1.368630886182507,-0.036293502311015545,-0.2708908588731987,0.4822249878732094,-0.373622372110877,0.3011057862275591,0.07726184425085246,-0.06911370982033288
B0006,120,0.6920802869118744,48,Degraded,0.11924262945583103,0.4187967265664427,1.083995598638535,0.6944059319375432,0.2600378428904117,-1.116966656547064,0.09007901801964009,0.7034764283941767,1.78538849590886,-0.6402272083213536,-0.2750844343330485,0.8748007390474383,-0.5834863217391009,-0.8187403402798115,1.430700462509807,0.00043228538756673443
B0006,121,0.7025733895325736,47,Healthy,0.022781975567126283,0.3431501322762551,1.1084034783320917,0.7730086999104916,0.35297418733097036,-0.8089888027775456,-0.05198735820406915,0.45995727624583055,1.610850168091945,0.09788227668716924,-0.25268954259318505,0.5082681912478633,-0.38194129254618087,-0.3536033070724909,0.47906738247791913,-0.04561919755299984
B0006,122,0.6893595113136765,46,Degraded,-0.03869031039956453,0.6526876801402339,0.9787513511447351,1.000287209477261,0.4759623051790882,0.04027738014263445,-0.38747187317542264,-0.08866022658473874,1.1693410091689467,0.02638052583850934,-0.36451331296269474,0.5573858243871489,0.11695112804232177,0.7366937113324871,-0.06006430914693583,-0.0429329217887317
B0006,123,0.6841328891599533,45,Degraded,-0.014818381296157077,0.5855486349228641,0.9846310128757265,0.934731698013526,0.5007243953191236,-0.2673063114715759,-0.2708600834212183,0.12472238602663772,1.3604996133621579,-0.03120895698050125,-0.31385125452675516,0.6139080358559255,-0.028383133171032793,0.31396408058840164,0.06099094309214575,-0.05311565191971306
B0006,124,0.6786575648309008,44,Degraded,0.20897699074697357,0.6133563356565302,0.9977137542444048,1.3450767229572684,0.3419823030862873,-0.6239299219539901,-0.12948972604782383,0.2570950662510261,1.4375332596902723,-0.02790222821643182,-0.4072846976364057,0.6063178997546705,-0.18282284285129896,0.19919313914658723,0.7202783886221065,-0.0273603511977045
B0006,125,0.6762467319400798,43,Degraded,0.06808301087905096,0.49018934658972996,0.9767847345127996,0.8112447846102102,0.4018511096936565,-0.6623858540118158,-0.11602222598701484,0.3989726744901383,1.602092036722394,-0.06763025197411697,-0.26237545754289143,0.6039817672158473,-0.2943307880256728,-0.1194855730949135,0.2879490875774956,-0.05616618285221354
B0006,126,0.6737049575830618,42,Degraded,-0.10823093124088874,0.7432025683335668,0.8535384147307341,1.119643385308891,0.6638741201272389,0.4499877093747325,-0.5780660184017204,-0.39759933792217184,1.0080200656840186,0.12645561587634543,-0.3296150262816523,0.5192000330445365,0.31930070535176786,1.3561814623121877,-0.9305836665091862,-0.08415107068803
B0006,127,0.6685037565421159,41,Degraded,0.0318132844343477,0.688028448679616,0.9227758410769539,0.9688639037425869,0.47114475958108376,-0.09007972653319093,-0.34223354658940763,0.011124741178452078,1.3073185574108162,0.018510044492510074,-0.3268715813692839,0.6290789260824123,0.08360803464769997,0.6357170787129074,-0.06260815514714758,-0.0512002069218325
B0006,128,0.6656176483359263,40,Degraded,0.17350262141252926,1.2536828606043997,1.1598259285188386,1.1896202734259387,0.41930917941734563,0.31489239916371925,-0.4106584104276126,-0.017636365130914603,1.0746190397916677,-0.12342830362756033,-0.7055008838024706,1.2470614301408713,1.0565835631170222,0.6031797394000113,1.8212684385125395,0.08416018843514375
B0006,129,0.6629651890863822,39,Degraded,0.07604869992040879,0.5465441136353822,0.9162927468207837,0.8441255355211925,0.4672804032360044,-0.5683470270394216,-0.16389274610399868,0.34225396521750884,1.6001338365413573,-0.10649741856945615,-0.28342577914680095,0.6390637562211404,-0.2262810301496315,0.06434677814766816,0.1118861669370724,-0.0645625065055939
B0006,130,0.6607893719337645,38,Degraded,0.13896987502008018,0.6552332511415092,0.8380200983042984,1.4367347378531539,0.5005848531337244,-0.25860130760277245,-0.31094318850486624,-0.05149837286175899,1.30588916152974,0.07361194471712983,-0.3408254535926423,0.5144944706820544,-0.10078212120419336,0.8931227084702731,-0.30507641255733514,-0.07730554665435631
B0006,131,0.6606125370330544,37,Degraded,-0.021234524871024642,0.7582007169098074,0.871017029088943,1.0591138778584746,0.6202967213219627,0.14124435385052092,-0.44955928171200416,-0.15639963738282658,1.2219668539212243,0.0728504423779982,-0.3249455869399983,0.6638026934942988,0.256278083515296,0.9763221344634075,-0.5136229859417295,-0.0725098745421631
B0006,132,0.6578242650931341,36,Degraded,-0.009996746850668259,1.0800299980984585,0.9655616609700063,1.2379379491414548,0.6916736073170406,0.5413419889361627,-0.5707318518872371,-0.31774705799416575,1.002882371978494,0.03714819488667776,-0.5064399573461543,0.9735329203935486,0.8532349198356195,1.2154048372342694,0.09608527217688029,-0.0187603057832998
B0006,133,0.6604512848751194,35,Degraded,-0.10395150997819728,0.7885173918700221,0.8011135405521534,1.1159759784287202,0.7168362652408778,0.3015468881727093,-0.5266627223453104,-0.3233089631864375,1.124897548175903,-0.18418966019026103,-0.28367436948089114,0.7530766872056857,0.21183929177009647,1.3107873719592555,-0.8364922465826564,-0.08363208703715115
B0006,134,0.6737164383636953,34,Degraded,0.12372223452181563,0.4452731489938213,1.0339096207027576,0.7516873442253754,0.35716299232338616,-1.024638241248577,0.029583235295289608,0.6441511728124493,1.8254588082191723,0.10508759725993533,-0.29927889751192494,0.6410883604886498,-0.38079381187152056,-0.4481536133745798,0.7221614274023526,-0.038278834627350426
B0006,135,0.6630064036176808,33,Degraded,0.01120761026389207,0.62305971752666,0.9647534905914492,0.9338372831667489,0.5972686618375457,-0.4974055963776049,-0.18958522810347525,0.30798286122669094,1.5554070503188315,0.09813632339732127,-0.3418848858110583,0.7068235226991043,-0.019869024374165507,0.16201660764542813,0.1174779750821394,-0.05933596396921071
B0006,136,0.6550593392415532,32,Degraded,0.07002561863624937,0.7665139045811364,0.831959591093588,1.5348171457734023,0.6463852603514216,-0.14280899598382307,-0.35542365389462155,-0.11777042314736244,1.24010030194836,0.12720941873942315,-0.3850039516913661,0.6323855795730129,0.08619567383822166,1.0673663128127617,-0.3749699969163097,-0.07619097631484055
B0006,137,0.652608101146965,31,Degraded,0.0032200564883285774,0.6606572863541647,0.8575169959909614,0.961213444110105,0.6355438269271995,-0.332902595191902,-0.2683123436415061,0.16557025942935558,1.4962260057898034,0.03465167004532393,-0.3117833228845647,0.6886950358105768,-0.011065970740048628,0.4797643368489774,-0.28398086560267916,-0.07801103015489451
B0006,138,0.6502030975677887,30,Degraded,0.09988926693898459,0.6436305839561897,0.8471661561010715,0.8795968126064593,0.4395798805283435,-0.4525126650237325,-0.2115019050525931,0.24925768151379132,1.5625378277830708,0.019973535591313554,-0.30671077857032797,0.635165942227167,-0.16858433183087923,0.4564722962417043,-0.034505131358862205,-0.06078183791586355
B0006,139,0.650117867920558,29,Degraded,0.019009528571786026,0.9571058326860642,0.9149708096993607,1.1240159416758446,0.6400011532200137,0.14446444351280704,-0.42565051700922774,-0.0794539752258414,1.2273016715477902,0.056427383613503454,-0.4521882111378482,0.8978199909732253,0.49048468441815907,0.9772308647572403,0.07370382262585848,-0.031602341671391365
B0006,140,0.6447533361240378,28,Degraded,0.0363013832682376,0.6906373377151748,0.7668848498745756,0.9567158834488502,0.5374912379328185,-0.15979125208638673,-0.3432128284087224,0.02740390910958497,1.417644682802162,0.09349543532954943,-0.29908028352597454,0.5629285666555883,-0.07209392710598425,0.9269990130335916,-0.6082895239321952,-0.08416923009647184
B0006,141,0.6396265286923974,27,Degraded,0.10139313850689506,0.7804178681740347,0.8421488517356828,0.9542895004103354,0.526921519992269,-0.3251650855024663,-0.2551833346766143,0.21301789955955544,1.5218401258083654,-0.020701738365975064,-0.38474668761792913,0.7795039585290513,0.061942708745293125,0.5391909399662168,0.11581663048594742,-0.048745296278507114
B0006,142,0.6396039085857309,26,Degraded,0.1127774453340536,0.6595516891323139,0.8527408036162906,0.8720590128913538,0.5361201495232117,-0.6613240506926193,-0.13163239783948918,0.42229934027852656,1.7186371796590465,-0.02003834668004402,-0.3162849338465465,0.7729896576290451,-0.14659094351938623,0.13106562456474954,0.13257111153317433,-0.06491301939485405
B0006,143,0.6370183804514615,25,Degraded,0.04000169335997667,0.8429294004187112,0.8155824513876524,1.0470009626796148,0.629800983910607,-0.03222035405130444,-0.3819322097440917,-0.007635505333483016,1.3745886106806768,0.08794533592881443,-0.3677577177475218,0.7717467130267197,0.23599673569794832,0.962656421631905,-0.36732923617463764,-0.06682008042288354
B0006,144,0.6370636961500734,24,Degraded,0.14304760534684915,0.9707344890987112,0.9391784339582768,1.0406959370126838,0.5688675375637707,-0.22097023247252973,-0.2709202019230548,0.22651678435982828,1.480648341773652,-0.03234916761460234,-0.5151076536061585,1.0271020093958947,0.42455861068205364,0.5020894170191754,0.7129188627891103,-0.007986895894876181
B0006,145,0.631881971322039,23,Degraded,0.16781454835846762,0.6917203387453862,0.8443156226106789,0.839994401045111,0.48900223080720756,-0.7833530649588284,-0.07708816023204672,0.5330797567611383,1.8035137094036024,-0.10673216557465436,-0.34090525274756067,0.8450194924516026,-0.19350649766334513,0.022307639745164476,0.38895896950500847,-0.0526343133627022
B0006,146,0.6290686844477617,22,Degraded,0.14895223496368384,0.9572119735769674,0.9100303967432312,1.0211688833302528,0.6115647891197133,-0.35060528439871796,-0.22559562844672668,0.3188644546489364,1.577529693114059,-0.062309944457033424,-0.5009504020410833,1.0629577734397935,0.37821318693049283,0.3384485964599575,0.6885319628610462,-0.018167955560283795
B0006,147,0.6266299320276505,21,Degraded,0.23872713211807053,0.7054317619998943,0.8101775915867016,0.8092453468383667,0.3776527401798247,-0.7791659875911223,-0.07617394116224051,0.5309606131674773,1.8252431567373837,-0.028926706080453002,-0.3567387715686249,0.7789875848815957,-0.20654787924305568,0.11900893931767628,0.42200763126420915,-0.04697020210685825
B0006,148,0.6266156657746713,20,Degraded,0.27622090406203825,1.491914439978647,1.0593718965865933,1.2503929205785214,0.483060364000866,0.3178060455602322,-0.4147774534148816,0.038993470161877715,1.2018344011079092,-0.06678845929056648,-0.8129761692970701,1.474918213534908,1.2735823951638972,0.8952966015609719,1.931584134344016,0.09548319325952749
B0006,149,0.6240437480156787,19,Degraded,0.1038002490287758,0.839598573346386,0.788443563098034,0.99113029678461,0.6379075600222042,-0.2985963814419334,-0.2801398090025603,0.19986999478010148,1.570533710823268,0.0009571691943723773,-0.3928398723434201,0.8575877698577478,0.13725081376856332,0.6974859621357901,-0.13823745674612634,-0.06474354597444727
B0006,150,0.6267177142472422,18,Degraded,0.1420845542355172,0.6385171979470782,0.7618273163782705,0.8368148201818627,0.5794285404738665,-0.8312577469242592,-0.08976898185091906,0.48552674013362707,1.8988185468844618,-0.41830313433746125,-0.2731987712722306,0.9543916959117267,-0.33408570028713047,0.14178538751152786,0.04490021601411729,-0.07711424969941509
B0006,151,0.644902438663345,17,Degraded,0.09080895929650615,0.690650832828057,0.8998531042235445,0.9621086924903238,0.5976674385318185,-0.4532100468738474,-0.2322223854029987,0.24844491739113292,1.6752446664016754,0.24893320242471537,-0.3196654997636306,0.7871811637470362,0.07895081483960578,0.5775683283092801,-0.2905673491258277,-0.0781909328455032
B0006,152,0.6317701010879418,16,Degraded,0.18156321071397727,0.6225753900166988,0.8401545695183533,0.8354142153132562,0.5277339801397958,-0.8000124748078039,-0.09700885228193727,0.5278851231766974,1.8920210616237465,-0.020594703328295303,-0.3532902337842478,0.7726888187211431,-0.2185435114467211,0.20200476482683835,0.003451325761380233,-0.07644283314148059
B0006,153,0.6239880853421426,15,Degraded,0.23633124180164314,1.1734904116192837,1.0061581862927178,1.1080761176715328,0.5940978328966583,-0.1956811490175768,-0.2642567096424046,0.30847307396303875,1.5493485715837332,-0.08405516019178799,-0.6550120321540078,1.3186244753301857,0.767672338875371,0.49538824820658284,1.2341923355977753,0.02484510226861615
B0006,154,0.6160601438971667,14,Degraded,0.17939246933059796,0.91693185424208,0.8093052428364322,0.9919877995481999,0.5732416828155015,-0.3172733829635767,-0.2651944741477895,0.25669619986180003,1.6289620574072206,0.005432057621439849,-0.429914182006447,0.952856169165008,0.23053115416325193,0.7369737321676153,0.025670290331333993,-0.05393789581931093
B0006,155,0.6135568833106767,13,Degraded,0.15745143075386367,0.8477005072613691,0.6940850685788843,0.9786389448066968,0.5581951607918855,-0.17429385487557467,-0.3449060617103934,0.10119545078407625,1.5660221364516502,0.11688014565878746,-0.3671424617454662,0.732023555582299,0.0978731779769593,1.1312125725083262,-0.6607293525787226,-0.08839550527486781
B0006,156,0.6108698790688678,12,Degraded,0.16936502913392518,0.7951540761780244,0.7459123350913491,0.925231005877619,0.6007510057990731,-0.5044500664936674,-0.211994808856137,0.3471465318930187,1.752182490236303,0.06400721877649977,-0.3456648737381697,0.8383060125904829,0.001992621352041571,0.6324929469768781,-0.3744972707586096,-0.08890229562125615
B0006,157,0.605551339457587,11,Degraded,0.1976227321822697,0.8550785818271744,0.7138269269109216,0.9434952932450429,0.5575544468395986,-0.3650517037833089,-0.26332752154605893,0.26353934228903353,1.6828686795290644,0.06996925339576278,-0.3875717762425053,0.813600387748383,0.06568326429362545,0.8611595959599609,-0.3759084256971586,-0.08025605510999832
B0006,158,0.6028079882565868,10,Degraded,0.20102457386518457,0.9366434821362438,0.7087025248566517,0.9863016399534419,0.5540184800696937,-0.23100736578147552,-0.3093863916354363,0.18570946773188463,1.6113346156398505,0.11038524566103783,-0.40444766299059975,0.8577540477965558,0.19394867323719572,1.0240529617282834,-0.3707847436877877,-0.07340830470216815
B0006,159,0.6004468131358637,9,Degraded,0.3440949768190147,0.9305745439194553,0.8065986611408396,0.8752900492942037,0.4087174364112551,-0.6726924754471274,-0.10856524890262645,0.564621872811387,1.8657442685669128,-0.002237653983152305,-0.49161112974793564,0.9936525287408415,0.10966900999821211,0.3495464523993681,0.6337629790607336,-0.029111305788350986
B0006,160,0.5952951992779169,8,Degraded,0.20682884333252063,0.9944743589148094,0.7185513304430655,1.007405131774055,0.6010476596769231,-0.24159717278600468,-0.30050915498165603,0.22064898367329258,1.6281334660644806,0.051683440228242596,-0.43238114234551184,0.9681632774593675,0.27172945467622395,0.9780732128211036,-0.23058757191454693,-0.06659209598559954
B0006,161,0.5925896255209705,7,Degraded,0.12532340812571605,1.178849826939364,0.6925096363409672,1.1875838826122336,0.7510914848642055,0.32719608383962956,-0.5263974020032275,-0.15285775515117234,1.3218740895998822,0.14852818864018322,-0.5060387893998349,1.0096279630153044,0.6903312766797807,1.6572659214013874,-0.6249190225027883,-0.06764100842625208
B0006,162,0.5898353409072312,6,Degraded,0.3181571996906485,0.8934048262266296,0.7848329559689076,0.858831041670791,0.4934806656177499,-0.8116749224551824,-0.06423726283814675,0.6502834525555262,1.9561401603424275,-0.008501732207083102,-0.4435835897629364,1.0322602775809326,0.02452595739504679,0.2256160238243264,0.4650597847581887,-0.048200152998605306
B0006,163,0.5872976418376958,5,Degraded,0.32393091801077717,1.1560288469388855,0.7885468273350016,1.0086583288642188,0.5019602119492064,-0.32448908639165513,-0.2324763266001006,0.37655022793441717,1.6836038587859248,0.013128428112595387,-0.5632364761878111,1.1701027609644938,0.4729336417491217,0.7595013644725406,0.6155879105470848,-0.015608253576753427
B0006,164,0.576909165798125,4,Degraded,0.1960984010312125,1.0859690570215481,0.6365038392024586,1.0401440054810407,0.6939598665233725,-0.17307001079013454,-0.3310141546332216,0.1905414082145678,1.6108703060537384,-0.16534967736445566,-0.4524511697416728,1.1026013511074066,0.301318043545651,1.1379781997950515,-0.32669924553809404,-0.07111388363758525
B0006,165,0.5822004778686132,3,Degraded,0.0977313324977712,1.1459487365607786,0.6170767390235498,1.1746126523135738,0.8167315687866104,0.27789101531605725,-0.5229586971491252,-0.1462029996753662,1.36798398498646,0.19031723805529963,-0.43823714472741465,0.9785948418637659,0.5843921761061224,1.7414206018273672,-1.0575840804416439,-0.09783958775873734
B0006,166,0.5793987473958034,2,Degraded,0.37022163928006535,0.7836986866065079,0.6612443785030383,0.7491647317549255,0.3818300361293478,-0.9829129164705954,-0.014141999026229177,0.7234115574554227,2.0745284969500832,0.04752138532383817,-0.36063822035345017,0.83891272339157,-0.310821699001043,0.3101814998219324,0.047505370727604294,-0.07742449896161291
B0006,167,0.5874874417384586,1,Degraded,0.1431432183361408,0.7426073265806249,0.5604671210211744,0.8593204372604067,0.6665000522806933,-0.7621092442978623,-0.14009138060256,0.4274866210139788,1.9272632405420311,-0.42676342143496127,-0.25581682548363777,0.9863950428914966,-0.4356263793540116,0.7405412567354218,-0.6232490951135803,-0.10884795834041071
B0006,168,0.5928376163964678,0,Degraded,0.3035772746866468,1.1656006069512017,0.734314593716102,1.5630527050049898,0.5962716869132498,-0.3435266171099454,-0.25083793133047416,0.18110051183129974,1.51142776266294,0.34910292171777985,-0.5522610347760651,1.0195082383817327,0.38299302592289897,1.2742114588537246,0.14908174796197352,-0.04221168360983206
B0007,1,0.945526147695395,167,Healthy,-2.9356798918067213,0.7909176926189456,1.1262191734876172,-6.717025417692462,-0.05456675222868196,2.0744961598692533,-0.7738347591766046,0.21829616742716001,0.48039255390768737,0.6044838787745148,-0.07518266251821305,0.1883079583369924,-0.08728859433120802,0.04618989548416342,0.23699365119938956,-0.14197810511955153
B0007,2,0.9403185138434296,166,Healthy,-3.0885905190360883,1.1574598197030843,1.2019388971613454,-6.963929548638017,0.06715534264843288,2.9447276604495563,-1.0679663396147046,-0.1426199368943507,0.08811159420298496,0.5835008453290691,-0.22308175136883376,0.40962078914689226,0.6728001658692583,0.7079348111737509,0.33056055469137596,-0.09025893931624271
B0007,3,0.9403313358505694,165,Healthy,-2.9067321131592783,0.5733481260740385,1.069010710966563,-6.9037981422124854,-0.17625071252680755,1.7260902684509691,-0.6516270057979867,0.35847844197809525,0.615281580675896,0.6177198448567478,0.005535847538500683,-0.11495768128587823,-0.6087541424826978,0.033535108415407966,-0.0027829643460456047,-0.1594654654639289
B0007,4,0.9403854504916722,164,Healthy,-2.955713522406318,0.604232482595339,1.044707111281317,-7.415789454439686,-0.34094395785680204,2.0324736698781254,-0.7442140749867613,0.272125668477709,0.5522711171068033,0.637444019055321,0.00587940328541286,-0.17255575182718277,-0.5100030457164875,0.2629480135484703,-0.018881125947783694,-0.13315766347323021
B0007,5,0.9397254364142528,163,Healthy,-2.876815860525416,0.7267963791095776,1.091428537868323,-7.40854645445823,-0.4592508846795626,2.0566244718184015,-0.7276248203951287,0.29459153413907874,0.5299393910466274,0.6242376392021637,-0.05346149867864974,-0.0585194489621544,-0.3772343321584777,0.2597469548884018,0.5113639811165681,-0.09448313563051909
B0007,6,0.9403501758558702,162,Healthy,-3.164495569551931,0.7417279606315785,1.1459091481016461,-7.160550919278976,0.1769323097745472,2.251832777562326,-0.8569999408818382,0.12896612848414304,0.4905718524189064,0.6048271076168623,0.0958588106147672,0.1952187911240336,-0.054804622646926086,0.19968742176115292,-0.5445518946873031,-0.1763023251479916
B0007,7,0.9399676261783038,161,Healthy,-3.0057340588166244,0.7541455184772611,1.2126380661090936,-7.278477168105301,-0.0367706675383464,1.889442238425967,-0.683572399471782,0.46606252393829073,0.6878647722003027,0.5068558070911903,-0.018372251708131473,0.24648535165113822,-0.17386656327620342,-0.29196583675486815,0.40832222936239027,-0.12795773865886875
B0007,8,0.94075440620194,160,Healthy,-2.9968888781030403,0.4726802052220356,1.220343518255053,-7.469287660623231,-0.10933278663521001,1.6071540620950697,-0.5874171322544818,0.529027388796535,0.784043983755265,0.5301332313319659,-0.11789921648756918,-0.06484975042284012,-0.48635484043450017,-0.3154974143737161,0.4968383688837066,-0.1211614606010474
B0007,9,0.9348453935192922,159,Healthy,-3.1089858118011713,0.6748521109652772,1.1429699546628544,-7.268937486478712,-0.0629873498118239,2.4541569281671967,-0.9222789295444664,-0.16093678234818146,0.27667096578441075,0.7267578238699742,-0.08958004435058359,-0.06891741886601557,-0.042306699784144364,0.9323612012300139,-0.2315504636854552,-0.11958393241410555
B0007,10,0.9350261900695996,158,Healthy,-3.1043710491793357,1.0736297587546157,1.1438015108259645,-7.033820845012256,-0.09654142536765198,3.2720860338755022,-1.2071368332867771,-0.6528916445553925,-0.1918261396494196,0.811563962753056,-0.24212410335603385,0.121085662093211,0.6386835187052856,1.880791941840705,-0.05260614752740193,-0.06661095420814016
B0007,11,0.9350221197094288,157,Healthy,-2.9018213350548105,0.4665245736244287,1.120028793581455,-7.558720311934359,-0.49042756702142365,1.8283616895693233,-0.6583526354573332,0.2328114283279702,0.5966198360140059,0.6832188650706102,-0.08247179211845346,-0.24455776464060602,-0.6015419362668628,0.44580664202144477,0.4995027401637376,-0.08522020255372906
B0007,12,0.9298259493883182,156,Healthy,-3.0409743818119233,0.20431322576911276,1.1504432312411148,-7.602593631927012,-0.22321710044697424,1.5704226638867265,-0.6004147843797523,0.28396737122876203,0.7397382765368583,0.6686418195566187,7.129565328011718e-05,-0.3171420585112225,-0.7915722495215501,0.19585475898938415,-0.024578739406748727,-0.1338584989152069
B0007,13,0.9295373280431104,155,Healthy,-3.20681099521352,0.6748168514191402,1.2157749876054484,-7.202159016437193,0.006156578064404093,2.792602686594655,-1.049337161714429,-0.5346980825828851,0.008919357154824469,0.7842291404839407,-0.22009067936780188,0.002666725721984676,0.3232626388982511,1.5643890850569993,-0.08517180115698329,-0.07659506724223837
B0007,14,0.9295042288854616,154,Healthy,-3.021850846963161,0.3197444706320895,1.1257650306419646,-7.558786991949205,-0.3989185248466366,1.9296534822523297,-0.7181425000544888,-0.011929594779639233,0.48874622123237876,0.7435048166054739,-0.04754932205617425,-0.28223152031895465,-0.5765305014258482,0.8310415926622623,0.1462172294930809,-0.08977351494553101
B0007,15,0.9296811293478524,153,Healthy,-3.29407422891173,0.22094989121895017,1.268079534622465,-7.3933452532539174,0.288345031881664,1.8139633016673455,-0.7255347388768243,0.005557316740544489,0.6130997698772893,0.6662204712408311,-0.0008176295205604006,-0.018950111701906896,-0.2900065271536565,0.3143076372807923,-0.4197127300026446,-0.15602023751714214
B0007,16,0.9293677725300518,152,Healthy,-3.1765594324557482,0.21620831915033134,1.3303857455034889,-7.493618007201705,-0.017566806004691193,1.670919621364205,-0.6249249248257301,0.14096497966143354,0.6268926644834543,0.6139372745500994,-0.14397147544337996,0.04844451327608817,-0.2700783699348241,0.2113856792701568,0.6000836962682791,-0.07840173443918419
B0007,17,0.9239086456610724,151,Healthy,-3.7767487490390925,-1.1987912005113361,0.8445059586877401,-8.182073935187466,-0.6939222997934881,1.3965714312231636,-0.4050930124885699,0.5398155532787647,0.23701029344865604,0.6339972912054207,-0.14932848526503142,-0.2980721114330284,-0.4864443283930841,1.105796673916131,-0.10699590326647787,0.13618265986987552
B0007,18,0.9242626458068524,150,Healthy,-4.066868790050997,-0.9049414348899919,0.9849853635574565,-7.810348427511523,0.0744543061128567,1.8465719255246615,-0.577850878177205,0.22744110269727966,-0.04514374728927293,0.5149497507046963,-0.21700610488349517,0.18912025316218922,0.5821289002641454,1.290962345485164,-0.3468036164150931,0.15265312691003766
B0007,19,0.924189475925017,149,Healthy,-3.9015577631296714,-1.2791179546940323,0.8977177165539038,-8.147657082326747,-0.35384540605553094,1.1271322776095882,-0.31485945523158243,0.650042237235163,0.374788800967027,0.5393737814727299,-0.05116631665455835,-0.13648715761199998,-0.3678803756069698,0.7303159060155218,-0.30176830383156156,0.12232549465143977
B0007,20,0.9403902718804884,148,Healthy,-3.0230372255241615,0.5474957195665909,1.0757007386566169,-7.397877693251031,-0.39210485493923186,1.9721085896631523,-0.7380212688540281,-0.02939299617106933,0.5824254381652457,0.8048071894821237,0.30477023251174407,0.15843755189536818,-0.4962661481751132,0.7320986651359712,-0.2506962343205985,-0.12576569903037946
B0007,21,0.94073607987218,147,Healthy,-2.9680472870520775,0.5839681608332535,1.1126915119574483,-7.412938492982561,-0.38621010872721273,2.1655458624678725,-0.7997488903889631,0.016736212702150994,0.4600319669866261,0.7042905430182125,-0.20672694555574894,-0.1300332376002149,-0.285015352162897,1.0248943005203153,0.2961510665078912,-0.07531658106061867
B0007,22,0.9405477156622392,146,Healthy,-3.27160833590389,0.6864692439293958,1.235774625891507,-7.112311478171718,0.296799346023888,2.5170725373163227,-0.9758986358545997,-0.28642114717327816,0.307301622860017,0.6783470443340698,-0.17487149541384722,0.24286756724424852,0.33683838883506556,1.0782435487049935,-0.34680845043841163,-0.12151926732989654
B0007,23,0.9355044824889998,145,Healthy,-3.0123798179411447,0.35880145510892697,1.2139195126961972,-7.5301727922331905,-0.3210360259993623,1.7046601043673402,-0.6253194337180215,0.20433611900701554,0.6683365094952712,0.6231965179776575,-0.20782097814392966,-0.06903914832770765,-0.42113057791438746,0.5225249256490296,0.714903547298184,-0.06140646214508736
B0007,24,0.9350997575970686,144,Healthy,-2.9150071055760947,0.41229936233769854,1.0885727803966885,-7.5687576023690415,-0.5426050240198269,1.775515580755946,-0.6542605025866821,0.13467526886455858,0.6591100537483441,0.7258157218177894,-0.06505237131792345,-0.18738620359506974,-0.6317314048636956,0.8051227620746905,0.3830233956597782,-0.07661492850437676
B0007,25,0.9353357681400492,143,Healthy,-3.9738075866258766,-1.000754961325335,0.9175995460679754,-7.9205028132649415,-0.16248705246999998,1.6544758303194333,-0.5129672260147358,0.39749246449165265,0.11990892979662623,0.5017844854106092,-0.3195152581288117,-0.004915700547238789,0.23919370872066725,1.3191191549056782,-0.27062895852180857,0.14951993876244973
B0007,26,0.9298062322010084,142,Healthy,-3.766545026656093,-1.125329857085428,0.827012570108329,-8.133789758415446,-0.7375645317861406,1.4708501707241246,-0.43797998428222534,0.46501752787429335,0.24489554792812873,0.6273273042275287,-0.18466166331973644,-0.18989892394948893,-0.39718266321737483,1.379973109704641,-0.07146209928101974,0.14755893715053425
B0007,27,0.930016954859173,141,Healthy,-4.045224467861207,-0.8787543767055309,0.9582821224804071,-7.79515356854463,0.022097273815988618,1.827929822835182,-0.5785318921516183,0.22591348945004247,0.02349158093423388,0.50913799989943,-0.26282442150537394,0.23966387741186249,0.5902459395549223,1.459713924236435,-0.32670252706353814,0.1581590575122983
B0007,28,0.9295826554580384,140,Healthy,-3.733760833700482,-1.1161908370352145,1.0007732636423592,-8.164028964962554,-0.5725183141230424,0.914386094028901,-0.19459828079453761,0.8993061838747112,0.5495464303018546,0.42186105623593034,-0.2505120021002697,0.15252262913919373,-0.2118044710586908,0.42806248892750326,0.9445195782522504,0.19500472909885955
B0007,29,0.9240699089389144,139,Healthy,-3.674146623192762,-1.2580232078610747,0.8402627763039975,-8.269402536239964,-0.8519286046734715,1.031705306428727,-0.27022038036495705,0.7585125807584983,0.5226206804214318,0.5968155271801421,-0.16335578503060932,-0.21121390338775717,-0.6959694951868614,0.9073323825895038,0.2537413713673857,0.14921268360882528
B0007,30,0.924600851063082,138,Healthy,-3.853750708559084,-1.3300334657725237,0.9088185425119736,-8.19285666249291,-0.3489180994238273,0.7722447066787096,-0.1870382731096087,0.8869255685277289,0.6507585504337207,0.44281087740949365,-0.11269712843722779,-0.0340481730352409,-0.44687007705066606,0.45402489067129587,-0.010471405996981955,0.13177351195701265
B0007,31,0.9417338718975424,137,Healthy,-0.9781956866873462,-0.9179918548543791,1.5085797930056775,0.3919902493916224,-0.27998469235797246,-0.7680001724413477,0.09473618504723884,-0.38475331335173124,0.026409317424614553,0.5890093932289495,0.17493345451156167,-0.9763538207425644,-1.5190514019195718,-0.36541173070258665,-0.03625611861775894,-0.0007537404055740488
B0007,32,0.9314105558952922,136,Healthy,-1.73417631041969,-3.0463496349974806,0.3917494270515638,0.7762873749963632,-0.5315683409137408,0.3451799103653099,0.046331914441043606,-0.06403418182448559,-1.803494515098112,0.44323233376464216,-0.10538590570936095,-0.5339284371995195,0.7436131502082485,1.7913446366368773,-0.0043842156584109615,0.1333092232382643
B0007,33,0.926042519826176,135,Healthy,-1.7610947643402766,-3.5154368904391986,0.3773082235322437,-0.05307927673343467,-0.6685010013350224,-0.6194229974200962,0.41506507489355904,0.6195641079166677,-1.1310696754156888,0.3170358938627093,0.19668975729091326,-0.6540107594967044,-0.043498638880649476,0.4678883782114586,0.006475734423278261,0.1010098036743265
B0007,34,0.9234752324104354,134,Healthy,-1.5622018654600536,-3.6058467989759477,0.2947177159065417,0.318098923304947,-0.915165914121399,-0.8854920633643424,0.49527841034742703,0.6326928298233123,-1.08733401094175,0.4072699337174904,0.1951895293083996,-0.8433920951739652,-0.48431938368714184,0.6351343301011516,0.08103115769824472,0.08654821222040206
B0007,35,0.918414215584509,133,Healthy,-1.6105496670873052,-3.324098414227831,0.3946385848571085,0.5176089091851476,-0.6761836936908284,-0.5500839022215489,0.39052319968482857,0.4793896288064945,-1.280259877163716,0.3399953557040033,0.035081010677638434,-0.512580446977137,0.1801964414486179,0.7761420753711757,0.5556262409341826,0.13363757907461368
B0007,36,0.9185809809836138,132,Healthy,-1.4500389825130138,-3.3190003313905763,0.5492241286464591,-0.14935781562018208,-1.0893796672643603,-0.8975563510364973,0.5884677714817844,0.9755557743550923,-0.9387140439772084,0.18560455581844043,-0.02805725708080737,-0.3127551326851202,0.05426891781140834,-0.09442449764130621,1.95595566020949,0.2079432287438406
B0007,37,0.9158361291859426,131,Healthy,-1.5742276782791387,-3.1749504895339773,0.29534330651017493,0.6098179138074878,-0.8667256801484776,0.11599140991930251,0.12320282830054803,0.030219519752581265,-1.6106892373612332,0.5266948439817823,-0.018556355898693033,-0.6448525710517097,0.29092371057101696,1.7865740682286406,0.11022887029690634,0.1294843911132075
B0007,38,0.9105735475658892,130,Healthy,-1.6347525359161208,-3.285552534114808,0.3759060425861659,0.5795390171643968,-0.5693139106964319,-0.3861193484047474,0.31280780125514285,0.3484710261537011,-1.3325635076687068,0.38342344262327865,0.022391381202400022,-0.48583862818595275,0.33354579822533,1.0238038974883406,0.30926157887442973,0.12618156428867378
B0007,39,0.9082530457557576,129,Healthy,-1.5043167350832372,-3.386372119618389,0.38484597910881174,0.4313749898268552,-0.806260573221332,-0.7443028517129933,0.4598861592498543,0.6055514773972335,-1.1121354336301323,0.34832684060277597,0.035699565811726834,-0.5155927742654393,0.015317685681257404,0.6369956914301532,0.7816981379685283,0.13935253498926062
B0007,40,0.905690780075228,128,Healthy,-1.4146778076980646,-3.4381471039366667,0.5032634221957929,0.33291113520428467,-0.815903791357648,-1.270408994170218,0.6836246012124443,1.0087434464691547,-0.8126062519638214,0.2015599218142599,-0.0006702727439293888,-0.3392886332466952,-0.056276519119046506,-0.16435657055377723,1.624406633942004,0.17055437923275496
B0007,41,0.9058028166969792,127,Healthy,-1.589103183986728,-3.2118171182772532,0.3220979625221175,0.625128430047857,-0.7071992254194713,0.01031071054048339,0.14933174360480622,0.06637879790398606,-1.5099462551467429,0.5168342468722876,0.007422634294818344,-0.548961656226187,0.3788844115495855,1.6816557878227607,0.02991092442454716,0.1232373466733494
B0007,42,0.9030274477778704,126,Healthy,-1.3829904783979183,-3.3201777292179075,0.4953686912751613,0.3951752605315816,-0.9009713653607355,-0.9436982147517748,0.5623113448492331,0.8165073175910754,-0.980947915249959,0.2756247090870091,-0.07893079935949142,-0.3295279799322304,0.0848999705843626,0.2917875246657006,1.6665511983857535,0.18648442732769474
B0007,43,0.9066020913497028,125,Healthy,-3.919799235997251,-0.8341802563074877,0.9231265984749658,-7.779263224240531,-0.0808891564802448,1.8735720613736537,-0.6222093160377894,0.15056531175482946,0.16140452072630257,0.5995951009455656,-0.31101970445163496,0.36789331027791644,0.6209664862741253,1.81881909731554,-0.2561560386255948,0.166824901692172
B0007,44,0.9031320969141766,124,Healthy,-1.5817265958422781,-3.3588796926305693,0.2711720623095748,0.526494456451308,-0.714165981297056,-0.3525936984687008,0.2770335230533949,0.2825893627331727,-1.2931442295105688,0.5268586016380012,0.04604497686091213,-0.6491052467277106,0.09127458249553151,1.3403756097557542,-0.022402897419912624,0.10648989110223057
B0007,45,0.8979155124950229,123,Healthy,-1.5192485614369657,-3.441353098319422,0.23753254241761923,0.4438812030444862,-0.8066797198985522,-0.5249233486471143,0.33613328398910114,0.3879624198552371,-1.1648543523734105,0.4668352868507302,0.06402257427286735,-0.6957526691564129,-0.11738381699221438,1.201135634445458,0.04735424740372103,0.10235408935945557
B0007,46,0.8929426300195226,122,Healthy,-1.6294271372692155,-3.22458577445616,0.3013194661212376,0.6550782158398994,-0.4704877123438823,-0.16325527850795465,0.20255156321928658,0.16152769506612558,-1.3672821481974449,0.45152688517141726,-0.013996864614645428,-0.43238487950399396,0.516117227365904,1.4427188226678327,0.033840284560608044,0.12086305879092162
B0007,47,0.8901634302251376,121,Healthy,-1.469006202556641,-3.6576425381123943,0.2615819555640035,0.28417539303026773,-0.781192666674962,-1.1725572175541827,0.5774098153328272,0.785468950676587,-0.7800503531980246,0.36590680082882443,0.15667437231529072,-0.6744165361353858,-0.44914910034599,0.4294526801492838,0.29235071432405774,0.09228929341031174
B0007,48,0.9075378449787788,120,Healthy,-1.6919441010666894,-3.315145894069249,0.3727793473136748,0.6352278089121287,-0.472166825273357,-0.30668779604755064,0.24723941149783824,0.1426692774432529,-1.3209185126609129,0.25130485970983585,0.16188916450444218,-0.2845988012096948,0.25108385451335896,1.43554198826735,-0.09808486650605397,0.10988389772669784
B0007,49,0.907851257742292,119,Healthy,-1.632823818944235,-3.473981650490565,0.3856933861453914,0.5095507102451836,-0.5294765303914428,-0.6919526700261462,0.39460528445047643,0.4676008921598713,-1.0899040470629222,0.4489817097304772,0.10567112578270901,-0.5234393309355151,0.047263027163189766,0.9845587481756817,-0.04300998037359049,0.0971705437534177
B0007,50,0.9001216089028335,118,Healthy,-1.6259249087646892,-3.4103354250031437,0.35331339018677016,0.5496804299978486,-0.4794897941929081,-0.5721450118491744,0.3461938939132189,0.4119720152056776,-1.1288854174392264,0.42507166361967325,0.0313903129588477,-0.5049386184916587,0.18576219880939507,1.0978840397600134,-0.009342005142044897,0.10344793865654871
B0007,51,0.8952238102804654,117,Healthy,-1.5164365470456402,-3.4468259433867283,0.35796785760842653,0.45747336223237584,-0.6539839865602431,-0.7775920479418822,0.43499351287148624,0.5717184689403012,-0.9914351276607398,0.4165494061105929,0.021599999368255098,-0.49913139098098847,0.03011424757469982,0.8606572283385414,0.398123200811348,0.11919251835889726
B0007,52,0.890171516150066,116,Healthy,-0.7785653506972159,-0.8202274905325375,1.5433078770251853,0.40350758686247984,-0.2065393645647274,-0.8702357872774045,0.12522490468018457,-0.2413577172385373,0.2725830102264074,0.4333066966517903,-0.20917457134742576,-0.6663314946105554,-1.1610683984383836,-0.2983760504391235,1.1136370089042442,0.08021977194967553
B0007,53,0.887664384798406,115,Healthy,-0.7515730832075889,-0.8375094275057877,1.4578229010052137,0.38564569619139505,-0.31972939837510944,-0.7034551534588886,0.05367345714695862,-0.37049300499218096,0.18507514073992107,0.5285844376640839,-0.18948650517967558,-0.828927020658617,-1.2397532037295063,0.10901172423559458,0.7706961720189426,0.07297320891448511
B0007,54,0.8851314867366425,114,Healthy,-0.8189135435410422,-0.7181472366420342,1.3481814596571584,0.5113866991572565,-0.1562087458254691,-0.22783495699371478,-0.1668507297022641,-0.7530845514230584,-0.027051587271632895,0.6557157502641466,-0.08900797754386429,-0.9667673468518108,-1.1471843171051073,0.8331746833911695,-0.3095944763726764,0.016285201219568734
B0007,55,0.880040530927102,113,Healthy,-0.6924676661871175,-0.6618809646616267,1.4749394502479625,0.43948747815046146,-0.15098434442601455,-0.7643193335583213,0.06478999387704841,-0.2830230103305985,0.3197848566749749,0.4807203416553147,-0.1604155322198541,-0.7119467379187799,-1.1782089603052595,-0.13912378949624327,0.748158924869191,0.04755815043920545
B0007,56,0.8748237967688445,112,Healthy,-0.7042395093328695,-0.6349455090028144,1.2779898561337804,0.4744309354059735,-0.27370060991418554,-0.24904554319296823,-0.15599016024039578,-0.6944901462544052,0.0375440087233768,0.6348116091892004,-0.10627468552345727,-1.013402960192707,-1.2351976743781308,0.8695688320964963,-0.19519997280212478,0.02095810154937955
B0007,57,0.8748250375296555,111,Healthy,-0.6753103265242426,-0.4595082540354601,1.3824495453502639,0.5672498589710638,-0.21583480881069905,-0.12572169066970315,-0.1816929996034176,-0.703015467652719,-0.013139811999912196,0.6025129971811545,-0.23347499921511747,-0.7713441222080709,-0.8557482983482911,0.7977873068724991,0.3976482087122077,0.060345137108855494
B0007,58,0.8725143696073415,110,Healthy,-0.5221567525986283,-0.4135532885097773,1.455911960161301,0.4788414084623014,-0.35744678221142223,-0.48481551629572245,-0.01917165279727216,-0.3789583413922723,0.2214993855589542,0.5077303658416925,-0.25985172289441594,-0.6403036924519856,-0.9511929721884389,0.23930283246120052,1.163511024916848,0.08924791304288683
B0007,59,0.8698228727643365,109,Healthy,-0.560445508708537,-0.5725214664751217,1.4492180255930718,0.41747870694833794,-0.26441099474701646,-0.7531329628794643,0.06330201735725037,-0.23701583043304084,0.3836917016686368,0.49431502908167596,-0.1997742007362253,-0.7038983392645939,-1.1838629101112843,-0.05450989644992579,0.9476258220695403,0.06040406886772691
B0007,60,0.8642821138858982,108,Healthy,-0.4274301949469713,-0.7955537711319193,1.344907605576823,0.17551177922507202,-0.5209299333709875,-1.330272615798476,0.2769109592788977,0.12378019176991646,0.7284439791871472,0.49264212643651983,-0.04804820988456479,-0.9549155202224532,-1.8528706095171406,-0.52122219406662,0.8774487347715134,0.03310136098911231
B0007,61,0.861950162294209,107,Healthy,-0.6775540443984558,-0.4256716114560324,1.3608668951410012,0.6123977642432632,0.010888441090808276,-0.18196794381570752,-0.1920062999334177,-0.6433780586876402,0.1314420209641096,0.6128950212597605,-0.18338027693707082,-0.7186215358862967,-0.8480125330121914,0.6501122766654021,-0.0007271517026721872,0.016044662382307232
B0007,62,0.8569894388242596,106,Healthy,-0.5082909390467489,-0.3826007991545415,1.309271277224932,0.5027159691213352,-0.29346045854969044,-0.3323232506335432,-0.11321830230780919,-0.49839383590893077,0.23027992458946972,0.6150043082802191,-0.16929615393517178,-0.7889136257550731,-1.0612902201825944,0.5917198672855843,0.37991949444712364,0.03921198461266964
B0007,63,0.8569850998502306,105,Healthy,-0.4309052684459312,-0.5312163582587938,1.466064136495812,0.37078011128244975,-0.25526451620735585,-1.0335822575965503,0.16587729510408347,0.024445352298784508,0.6549940723368078,0.4406751371581613,-0.1938195462248939,-0.5980422751153021,-1.24611538642683,-0.4980381113682787,1.2235173357264304,0.05374110807912399
B0007,64,0.8518260586819383,104,Healthy,-0.656689992072695,-0.27347056774164047,1.2817051725728104,0.12359728829914449,-0.2119862293276203,0.1689122183666153,-0.2970179529141435,-0.6887882513548711,0.09542554830885659,0.6051069937249788,-0.1841471027061255,-0.7214137658458696,-0.7464010261200422,0.9049284614346736,0.0832542242973334,0.04715456537150478
B0007,65,0.8520068737191243,103,Healthy,-0.47936644496273284,-0.31369616055200683,1.381801471537125,0.5404971849039957,-0.19048280403244391,-0.4022664871139182,-0.08751770165759302,-0.39588802731545814,0.3316424932554623,0.6046225314864768,-0.21098379325611052,-0.6306610516468395,-0.9160696494753219,0.36875053194267227,0.6267131270584669,0.04417758794646134
B0007,66,0.8467858078671516,102,Healthy,-0.4688303362511637,-0.1973789067780243,1.4762642200753135,0.6079287079390406,-0.02929699443276384,-0.4845148730317791,-0.04796268541887046,-0.2604067768381503,0.42998313745524813,0.4515444774661929,-0.2919965513234872,-0.34892743501047807,-0.6719308155239385,-0.02904814242697709,1.129190105923914,0.06044230519227914
B0007,67,0.8438288681938828,101,Healthy,-0.5126457105892168,-0.4381008988933328,1.3398905240577486,0.5093692762333951,-0.02367108312183352,-0.6313218722916307,-0.03330867397142831,-0.27118469025622927,0.5337985995544056,0.5279948754929631,-0.127634779384984,-0.6387633749699211,-1.0974322853989955,0.07485027527843988,0.23108396495474648,-0.0016555736234115477
B0007,68,0.8415372178291576,100,Healthy,-0.6041816007560759,0.012096694200388397,1.3640436142408017,0.8586982693753035,0.1727125222087189,0.4166603075803066,-0.4235240901037893,-0.9141361334999417,-0.039367106331117785,0.6318299213800558,-0.31886403216927645,-0.39357967012175255,-0.17177974928515338,1.1910106650507757,0.09889993497833124,0.03495009502353271
B0007,69,0.8389635071012741,99,Healthy,-0.49452527066901003,-0.2795702501476289,1.3646622425448751,0.5989350249291213,0.0252847452661331,-0.43255239866100326,-0.10414191833543603,-0.3544930818521605,0.463715904851113,0.5389901766959796,-0.17803899841366191,-0.49449174423133424,-0.8364604665182558,0.22378374729175232,0.3619496726203076,0.011885673462118683
B0007,70,0.8366030137983086,98,Healthy,-0.4560694001693944,-0.06575134097921209,1.4203877879101128,0.702444142587094,0.022372172902191526,-0.15792614800216048,-0.18601581292111957,-0.4607811918219107,0.3179169410654842,0.5317858831722101,-0.3240956432965007,-0.3250485953153611,-0.4521018817548814,0.42532439868712896,0.8427518675989915,0.05475214550362195
B0007,71,0.8337183604126994,97,Healthy,-0.5178483660079399,-0.28723540096525846,1.3011076260525747,0.6280316718588134,0.07527453029611159,-0.2773352453324817,-0.18312553377945318,-0.48803282032602313,0.40889178758024747,0.5901372624550397,-0.1697367048716533,-0.5738449278022502,-0.823251262625119,0.5219331421251188,-0.045021068704681956,-0.006579231701473832
B0007,72,0.8311331315333763,96,Healthy,-0.47391754198161506,-0.3547601676103382,1.2973622113549401,0.5546073793660229,0.03306727465121095,-0.5407227684631384,-0.08470749258762296,-0.30243575180938603,0.5809509445753479,0.5687844063042959,-0.11167420509898698,-0.5820888227992539,-1.019425208403334,0.21158237484519374,0.016267962822655684,-0.01665141067165475
B0007,73,0.8287121532881532,95,Healthy,-0.49554578214469314,-0.31766372121755787,1.229780007521756,0.6028366621994882,0.045830217036246124,-0.27634561433740146,-0.19851653407243047,-0.498970624534343,0.44747910580562045,0.6288148875166417,-0.11703462586825164,-0.6703302008844451,-0.9530120853514887,0.6504108335681279,-0.3789508542457336,-0.027866702090062374
B0007,74,0.826269342464367,94,Healthy,-0.33779843623564954,-0.41924804634990365,1.3064385611888314,0.42200599136509276,-0.14831403539339172,-0.9034450978313232,0.06831433386615554,-0.024238109126363133,0.8034540823782139,0.49509714027953333,-0.14354026051158517,-0.5904575220148099,-1.243331909452368,-0.18347105247096573,0.5773572700977132,0.006522668840496381
B0007,75,0.8236087313786661,93,Healthy,-0.39551482160767026,-0.23306689173635264,1.3165401594844313,0.5858819628390863,-0.013978557963353387,-0.45422064787050886,-0.10452323359770425,-0.3063935836059726,0.5692308698200783,0.5404917223134375,-0.2221760890958672,-0.4684595129966698,-0.8244174837480619,0.2794482214272957,0.45869410257409043,0.016571364630350863
B0007,76,0.8182068405449036,92,Healthy,-0.51364568958107,0.18918068069380647,1.2286046654888418,0.9324160726500196,0.14953697227032922,0.7466507165098399,-0.5725326222935307,-1.093615463271009,-0.08137820038930696,0.724045300918468,-0.3166189629645403,-0.4040170936954631,-0.046399949492984136,1.7720225871630328,-0.3448615147278889,0.019156876888294996
B0007,77,0.8181277156024248,91,Healthy,-0.38508651240063235,-0.04670586467522163,1.2923808469846252,0.6921835215395215,-0.009948926822208118,-0.11044997522854472,-0.22928161495743618,-0.503198996469155,0.3948478156822456,0.6540310618564266,-0.27123411668237213,-0.420524567357606,-0.5385403404390002,0.6894400866439896,0.3828383767235563,0.027159046674680422
B0007,78,0.820559589609192,90,Healthy,-0.45157696715128715,-0.2488067632527584,1.2027330441510844,0.6245294208051065,-0.02469383026862273,-0.17084909750671257,-0.23560844446306045,-0.5657879917060573,0.41330429279940273,0.7216249628644067,-0.16258066722748754,-0.6569406432085644,-0.8659408221987813,0.8977823426913638,-0.289871239090745,-0.01123180724976846
B0007,79,0.8157850394828483,89,Healthy,-0.3958462581609497,-0.1397540413865013,1.2873777864826697,0.6513392677943777,0.06381087605097868,-0.3348499781797021,-0.15761237443136983,-0.3610547898642709,0.5560473122932569,0.553730313841814,-0.26321422202261063,-0.39739685509594064,-0.674180901659782,0.41480288641215,0.39795155243267955,0.015341718126538671
B0007,80,0.810606641493618,88,Healthy,-0.23290767676294,-0.17903417773601393,1.2962697464573993,0.5121543117725509,-0.19618282755669636,-0.6566119788630412,-0.013563189958224399,-0.1118350249808205,0.7511566697466207,0.503727596233525,-0.2765594252943089,-0.4117514247118131,-0.8843576788950795,0.08196140427151312,0.9965229302345945,0.04446742502470439
B0007,81,0.8082136607381061,87,Healthy,-0.38539176115255225,-0.0702002920720806,1.2151266136740009,0.7075609028367023,0.04354380014983032,-0.020873011305197482,-0.29420159690297304,-0.5871717152066782,0.4326766668982467,0.648877999205482,-0.2215540454474543,-0.46169929749872735,-0.58054607356415,0.9370132952543545,-0.11389840910997852,-0.0022493790706144424
B0007,82,0.8079117550809605,86,Healthy,-0.3350682746788403,-0.1146588524440621,1.1974732434614286,0.6489940126573206,-0.06055462403520128,-0.10605733976850447,-0.26001363383729004,-0.5301383829462426,0.4813167731029599,0.6411810072354818,-0.21649970086158918,-0.5262478321412587,-0.7237714523200249,0.9389068763723829,-0.06189879465988108,0.0012493472732194402
B0007,83,0.808362090148945,85,Healthy,-0.3972653613005338,-0.013370281478626586,1.2540369429122784,0.7595391591391767,0.11230160298949927,0.05992991310305813,-0.32346947058484615,-0.6148601528548799,0.4002574981648359,0.6264311699269524,-0.28440651154698393,-0.3630603020916363,-0.43398502997175237,0.989212283786034,0.0319146421656773,0.009609312538448597
B0007,84,0.8054327931865013,84,Healthy,-0.28537420632491795,-0.16196629655622774,1.2977440823417359,0.581364752198384,-0.010591918112367463,-0.5956126702100883,-0.062325552443739586,-0.14263509784837644,0.7887121547186579,0.5236474548717602,-0.23257921672901638,-0.33437538558317237,-0.8167618710882018,0.14351475021898075,0.5901339999420987,0.013762109953905807
B0007,85,0.8003301687154688,83,Healthy,-0.30420695906971373,0.11842681424941126,1.262300999922336,0.7712429395382783,0.009706405688669898,0.1138274467086611,-0.3234035742842109,-0.590837462389244,0.3890336442368749,0.6260122027158187,-0.3949931911207373,-0.28978941339813075,-0.2779301327271935,1.0165600901002265,0.545116670880437,0.04730860193646989
B0007,86,0.7979587243502833,82,Healthy,-0.2570910774307345,0.024311935910071244,1.1563739349756004,0.6886277329013638,-0.1342364545631206,0.08070654931646336,-0.32505391155857694,-0.6247297416827956,0.4235540961559404,0.670028214868847,-0.3116000847075881,-0.48318844637788166,-0.546214526948949,1.2194048439346326,0.17395705033214745,0.028157087232255032
B0007,87,0.7981089759731121,81,Healthy,-0.3764712889628726,-0.1432959205662213,1.1850211819985597,0.6936068322525129,0.14583786845858232,-0.15065055356983628,-0.274000587233485,-0.5183850921321997,0.5996223923152377,0.6398152182486964,-0.1819002336309835,-0.4358603805710429,-0.6685798470252985,0.8612460034519897,-0.3779964371609858,-0.028897602465452775
B0007,88,0.7979032557316986,80,Healthy,-0.38388029522960027,0.10275491384120763,1.2125952416489254,0.8482361945706453,0.1670902402560662,0.33825956267022034,-0.444941027993889,-0.7945696812501963,0.3230860262559281,0.6822640752171101,-0.3083286779574273,-0.30576102867976923,-0.22389155722374204,1.3966295403066102,-0.21774097134378495,0.0052931301039068224
B0007,89,0.7953253910740352,79,Healthy,-0.21673285229269337,0.2847168120179499,1.2381322368453918,0.8335773840614094,-0.12637930468515887,0.4769754184152257,-0.4544125387953284,-0.8087216017930767,0.22611894596776216,0.6686065783388003,-0.4812928972993047,-0.2518714798431135,-0.04816770241233532,1.596332985405541,0.6614048150838449,0.07843947189454988
B0007,90,0.8444105580927753,78,Healthy,-0.39947431573038256,-0.27624887689939287,1.4680515659973643,0.6483201570445828,-0.20515619163993223,-0.40882715364018646,-0.11622792520532027,-0.4699205184797758,0.5699784032413648,1.4366565406212308,-0.15677832846286874,-0.4641799239522633,-0.473896674771481,0.6245764638226247,0.32500594742075756,0.03086317301089494
B0007,91,0.8129969139866602,77,Healthy,-0.44879368973641537,-0.29228332598773493,1.238341681879722,0.11655327586256577,-0.032428438588791075,-0.14063613660583368,-0.2504022310017132,-0.3673078951413252,0.6695972509494404,0.6403750280339122,-0.369656810255289,-0.6183834344210721,-0.707697018906093,0.7885333098269434,-0.046471273449547504,0.014637761848108348
B0007,92,0.8078716931406449,76,Healthy,-0.14416953632120816,-0.11149287056115667,1.347871685375812,0.5386314028897418,-0.29665504415410526,-0.6112228714229113,-0.026480132169732426,-0.12638448814081008,0.7925655760226155,0.5456827690985615,-0.42159343465447446,-0.2781875420444569,-0.71758557856317,0.35607976805460756,1.4479473621155794,0.0874950750283902
B0007,93,0.8028313382423269,75,Healthy,-0.29102744251545315,-0.16559884186872648,1.168368787304871,0.6264428813448065,-0.10519265256020797,-0.19060080010248936,-0.24550400447656415,-0.5183909127472418,0.6018933443571434,0.6972494634487163,-0.26903917408694217,-0.5362680052291421,-0.7793874897089745,1.1239625507668738,-0.0656360029306562,0.007334844748698796
B0007,94,0.7974873460762174,74,Healthy,-0.23703197819146143,-0.33685909106651796,1.2262681811436689,0.4843118947031209,-0.07668580065001777,-0.8471515639802915,0.0031341300694546314,-0.056004041782796575,1.007893330939078,0.5651923414249391,-0.20894070472595624,-0.45961434918391075,-1.101432118885724,0.19865584886163812,0.33294718591017897,-0.00441824161587457
B0007,95,0.7952051219435972,73,Healthy,-0.17782272335113802,-0.20488174826348493,1.2385507194381207,0.52349711826505,-0.1546368099598724,-0.679170426510044,-0.04487148432993948,-0.12691170790785272,0.9222183226871585,0.5803776738829737,-0.2881870515643112,-0.3931448050606978,-0.9118801487438046,0.3842527967309308,0.6387729887511823,0.02528042848537479
B0007,96,0.7926758531494089,72,Healthy,-0.18466193969122568,-0.10740024021217419,1.2646564798652355,0.5965629834058059,-0.09671810191935867,-0.5042981058359569,-0.1079765925536608,-0.22069800973831277,0.8372082893633003,0.5824092723368838,-0.34414242944444556,-0.29465039882465355,-0.6907157900411116,0.5313803191072337,0.7324710400942633,0.037749297077372464
B0007,97,0.7899868573621188,71,Healthy,-0.2750760957636855,-0.11904003191431617,1.1752561110814375,0.6602436568020995,0.024174845974578967,-0.26825060956998253,-0.2289139584189514,-0.431544591577078,0.733171783376284,0.6589087486388043,-0.2532694169821835,-0.39119383604044755,-0.6965097573984029,0.9370717809054108,-0.07748378020103201,-0.005733456474092165
B0007,98,0.7876092732639034,70,Healthy,-0.35196810349772567,-0.08998141210846025,1.207920188247925,0.18306506776577677,0.0121748757098535,-0.10314075136446493,-0.2721404017357794,-0.36536049910009083,0.788749403448413,0.6177828271864217,-0.26018306481724635,-0.315532155003878,-0.5327910757477484,0.7755050504864329,0.01440368540871617,0.010741845909282777
B0007,99,0.784899242324434,69,Healthy,-0.21470299286774208,-0.019234954379817606,1.2425294613834865,0.6858970501567365,0.022577234269241117,-0.29549323663343546,-0.20199225460009412,-0.34915639944934096,0.7755704135276651,0.5990359816620093,-0.36072406140771124,-0.22339825207396874,-0.506022430781722,0.7752904313726406,0.4975727124868687,0.02807595729345987
B0007,100,0.7851282687975178,68,Healthy,-0.20608992535374526,0.3508854417941307,1.376198752129194,0.8993896052877298,0.13770204147099152,0.12436235964338324,-0.3272075414226041,-0.5021035668526185,0.558284987167222,0.5457662194110862,-0.5479767831960276,0.18482680919199393,0.1956457347571021,0.9401051549375657,1.2317644711348976,0.08734905566616467
B0007,101,0.782624936954719,67,Healthy,-0.03439152351857084,-0.27350295620947757,1.1794696216782237,0.40248230238442817,-0.32025342291753234,-0.9595182435937984,0.05507485422012923,0.07402091406849969,1.1599000821462206,0.5712391755888284,-0.274261116988451,-0.4586176583117516,-1.1785746652928746,0.2334647504774811,0.7904392512075188,0.026148137425051888
B0007,102,0.7798169667805736,66,Healthy,-0.17386385140610114,-0.062460286245012056,1.1754274108948288,0.6462597735070469,-0.05468840006408171,-0.2925032264468603,-0.2152321772763764,-0.3804095203113506,0.8055799129760801,0.6566240462276295,-0.33643043751730833,-0.33584452472119214,-0.6281140009097193,0.9636805836458056,0.27476931097233115,0.018458731635682152
B0007,103,0.7824910266696052,65,Healthy,-0.29187348332461444,0.11097685941498095,1.2052259170998114,0.2728116200483454,-0.04854779871194339,0.17988813583089133,-0.3687794325791493,-0.5361038651785885,0.6729427902483797,0.5153726346465243,-0.3573423781123184,-0.11115546078788033,-0.24066259097795445,1.1642743382010023,0.3809599746711953,0.05221662014606551
B0007,104,0.787489749921135,64,Healthy,-0.05698813502864877,-0.3069902126235337,1.2742904860557098,0.4124747563920555,-0.2914344036114083,-1.0590914864657175,0.09839173590609526,0.12746088580941292,1.2017343005317984,0.6596426969822068,-0.2928346301075822,-0.3726237022445352,-1.1078753739594702,0.10747045267286964,0.9962965592159932,0.03849846836946776
B0007,105,0.7826405584390229,63,Healthy,-0.09293045029902358,-0.11483214527968763,1.182267140767321,0.5686226697745703,-0.22195408978645526,-0.42177030363051293,-0.1571376146338423,-0.293796927064468,0.8728487089491326,0.6648472108693083,-0.38252057808334705,-0.39726398126627926,-0.7648737130171475,0.9661652684781792,0.5494270870094732,0.03970629451503668
B0007,106,0.779877748735063,62,Healthy,-0.16822593663418803,-0.13460460437402072,1.280038297204794,0.6178611776112436,0.05512049392555787,-0.6495328404358897,-0.08089174720023887,-0.12236672665860245,1.044978038586519,0.5805116304777745,-0.35870470551049655,-0.15562970818304697,-0.6459200090328309,0.41202515621896824,0.672601877485757,0.023496850665975396
B0007,107,0.7749488428352495,61,Healthy,-0.046067611658524334,-0.1864450505273335,1.1716090226401967,0.508110594800076,-0.24053882279669858,-0.6082255312386816,-0.09159828926297915,-0.19327829294278476,1.0067956523600865,0.5983282439101619,-0.40060505854881473,-0.38879145667401793,-0.8627579908777036,0.7740750349782525,0.7535909171064845,0.0458305012587092
B0007,108,0.771938576567251,60,Healthy,-0.22331349732357517,-0.09600071512908755,1.1601462738996164,0.6936566883574543,0.103055164456159,-0.28668003239114365,-0.24869482446352772,-0.4343146761770512,0.8827237673411397,0.6829093816001879,-0.2572426757760308,-0.2498569222665144,-0.5975487281719905,1.0453970962421202,-0.16890845714863653,-0.01305855504717983
B0007,109,0.7725093744345036,59,Healthy,-0.14737893058836224,-0.23565658760476005,1.1014887733561716,0.5614769456596931,-0.08051866308662964,-0.479658838230167,-0.1781817467250468,-0.3275793906556579,0.9821719203908063,0.721916119269421,-0.25917813837377557,-0.48233589685109285,-0.9226175340071315,1.0385460748080488,-0.19412822554478038,-0.014615546508675803
B0007,110,0.7722970077051454,58,Healthy,-0.22088889528623032,0.1620948460841671,1.2313944473567224,0.8562814416814871,0.1789626873906074,0.12330158034572616,-0.3863542908060976,-0.6204880903655627,0.6683399012185064,0.6783009873861398,-0.4426810218876116,-0.04119149647175574,-0.08429880474287693,1.3915358864600105,0.23734073706478717,0.030188090836903332
B0007,111,0.7671543360879438,57,Healthy,-0.1476888973272836,0.040091070016762924,1.181701612639787,0.730601013380949,0.04824367151300533,-0.16588903243203787,-0.27920087581371233,-0.4417976014549597,0.8416810947842066,0.6613067738649915,-0.402795382346218,-0.1725107718468656,-0.39670869536097475,1.169730587680562,0.2748732685825311,0.023144615839860227
B0007,112,0.7643801971479242,56,Healthy,-0.11136627304663059,-0.1370572567630717,1.1685805493164043,0.6045276896815934,0.0085294205611642,-0.5681569604835837,-0.1362750628864809,-0.2014975623455301,1.0879864933667462,0.6156419173314591,-0.33161791022405074,-0.24302192503689948,-0.7233190936907304,0.7445623325982362,0.2854012969567041,0.005295352747459218
B0007,113,0.7644630124589922,55,Healthy,-0.14726901560248723,-0.007017587775306268,1.1332305553363828,0.7158876346972761,0.02577715368285973,-0.12604315801590227,-0.3090565916872069,-0.5096302572886625,0.8407002371493882,0.7380197106111077,-0.35531832024845666,-0.2646449888441935,-0.47599400129813557,1.3644829368418205,-0.05610612851856739,0.006559376340423328
B0007,114,0.7645458250665615,54,Healthy,0.03919577949217826,-0.003261336339799977,1.1813191701193375,0.5734835896363424,-0.27098276173142055,-0.49638487418395655,-0.13050918792197053,-0.18984484233030097,1.0401579536716714,0.637047218249745,-0.4259236600026105,-0.21897164065131716,-0.6637093300658006,0.9228316699637624,0.9043072914959003,0.05792673820989571
B0007,115,0.7619529662330624,53,Healthy,-0.1172228553682619,-0.10174793731003924,1.0451785185145255,0.645569779716507,-0.061983340400871556,-0.1833062333486963,-0.30310861894664853,-0.5108153142325665,0.8908818095750922,0.7527942921234873,-0.309153500755544,-0.43680806894977664,-0.7236883332003894,1.517502362351924,-0.3835602503567144,-0.011664941874474524
B0007,116,0.7593337709550309,52,Healthy,-0.1408542145016309,0.04135885252622153,1.0943837087301915,0.7541468249921782,0.044424999336875694,0.020973435726817473,-0.3746804284589038,-0.6131505253817247,0.7958029834131866,0.7442616731876063,-0.3894033186258769,-0.26618106895253063,-0.39207260547509754,1.6192215801645704,-0.1826641853163489,0.006625538727961136
B0007,117,0.7568241133213476,51,Healthy,-0.0632094314605215,-0.037607104751148486,1.1264295359676932,0.6535003555023746,-0.036360142716011914,-0.3399444121017185,-0.22895088638411323,-0.35540997036633376,1.0141177148506362,0.6712611284060398,-0.38593868438196943,-0.23187135541477924,-0.5695807146070756,1.1541011648198722,0.23512216376992665,0.017030575100883134
B0007,118,0.7568025092614517,50,Healthy,-0.072220248462328,-0.07739779434131265,1.093631564888833,0.6438279777126571,-0.05254144210908263,-0.29783796322687645,-0.25518348552998665,-0.4179743962904495,0.9941383476413069,0.7306276726746169,-0.34337820513394324,-0.3089986477402069,-0.6395269408792839,1.3194764928885727,-0.047205273233182354,0.0033937493212519098
B0007,119,0.7569735307433982,49,Healthy,0.0578722911348443,-0.0776820600712878,1.1825222865802938,0.5429782291371835,-0.22770231304505342,-0.6643727136463092,-0.08289145257077499,-0.0993497520349402,1.1932705462311715,0.6517680979196709,-0.41134876235309636,-0.19947050404912484,-0.7345908134528295,0.79259469373163,0.8564327156339363,0.04714511268363243
B0007,120,0.7669799596579393,48,Healthy,-3.519437280817368e-05,-0.28084800006934396,1.114081242086676,0.43883830551684083,-0.28981803025332614,-0.9706571526227598,0.024319393614924203,-0.023766467321275877,1.3084417637676258,0.4700839357625211,-0.3170397983492659,-0.2535742279203778,-1.1395054705826402,0.6328923807317935,0.7848970826009944,0.03919311265413225
B0007,121,0.7695686399326549,47,Healthy,-0.3476631771503731,0.25902645177740585,1.179198875452252,1.0466950379768194,0.3848278895434919,0.5999803127182847,-0.6005913416883256,-1.021346793376001,0.45689026768249713,0.8983571378576062,-0.4881100150576756,0.008578123652281052,0.29130663130055506,2.2016504684441776,-0.43256929109964065,0.016017757225076527
B0007,122,0.7618123986419368,46,Healthy,-0.03976220892685191,-0.06005698850176238,1.1289737513487972,0.6203300894740583,-0.13234068339749433,-0.460896899257977,-0.173423662377093,-0.2794638752397264,1.067359697570603,0.6948840471433744,-0.4491673883964763,-0.23871154792114016,-0.6335899252289312,1.1504325711099894,0.513644916506739,0.03918634921390684
B0007,123,0.7567906517794574,45,Healthy,-0.0452650336909015,0.0010757657722574128,1.190859819972378,0.6641508671524471,-0.013100122134364268,-0.5382663100141089,-0.14101647690758487,-0.18831536646771516,1.1473056686043688,0.6341042283439583,-0.4649437953123891,-0.0464079033940055,-0.4764331145938937,0.8658601276558194,0.76365440161422,0.04380535660137757
B0007,124,0.7538925374923957,44,Healthy,-0.1616076452944647,-0.021590612775879425,1.079193679363795,0.7531210846238865,0.14093540816987268,-0.1697105403893283,-0.32085442894700916,-0.5176241457662203,0.9661316124932592,0.7435212307327083,-0.39048283048210897,-0.19478673956125095,-0.42668521004018356,1.481471334675117,-0.24166884265680416,-0.0045703924879156475
B0007,125,0.7515980338018666,43,Healthy,-0.03842981000869263,-0.03935614055439924,1.1538127484838694,0.6429229996024166,0.0035811531863528248,-0.6126197833347227,-0.12619515117109742,-0.15378146283040467,1.2268219754572574,0.6498884658720562,-0.40504820778766415,-0.07237157561081338,-0.5740458659970195,0.8365460166624479,0.5316351135814089,0.02402938303389343
B0007,126,0.748911029849794,42,Healthy,-0.0660232068554199,0.10199543280044443,1.2025245907868247,0.7630263196739548,0.12262306662820564,-0.33373204461661965,-0.22732035131135353,-0.30794788766455666,1.0843407170565442,0.6190496972036633,-0.5377896944930664,0.08128805560682932,-0.1967795505197985,1.045751297370884,0.7616235322872452,0.048961305087632453
B0007,127,0.746424267316758,41,Healthy,-0.19018844487060588,0.11557830432547825,1.1748032088014837,0.30480268666709337,0.14007384579511833,-0.06692331925693136,-0.3253803623839141,-0.3594540133654829,1.0879973287223916,0.625672253097983,-0.4352257520635749,0.09914081273141878,-0.10284221653139795,1.1035580072025992,0.3329707300822862,0.03669523965849668
B0007,128,0.746207194933513,40,Healthy,-0.0030493455618295032,-0.01225283736932948,1.1995553572824298,0.6423307821596171,0.07023431085648986,-0.8005735100038489,-0.052725634441683183,0.016220400051942214,1.3856102418788425,0.5623476445310549,-0.438017197635664,0.09227886510111015,-0.5172382503191759,0.4869688076068574,0.8802907802727067,0.032366137535153175
B0007,129,0.7437413882690405,39,Healthy,0.027019775402498197,-0.07606002180400558,1.0293707741523341,0.5925812122915817,-0.12160836218764838,-0.5453567938093111,-0.16939236570061714,-0.23555062520000014,1.2368877761947434,0.7163549937733249,-0.3887219557040415,-0.2614380305123933,-0.7361618244070893,1.1994216871780226,0.17892252331548122,0.011500964684760343
B0007,130,0.7412675743202055,38,Healthy,0.029159942809004923,-0.15067480454603427,1.0815364706968447,0.5520111813937107,-0.058961904550921,-0.822102456134997,-0.06613479722932529,-0.04797965508046855,1.4103305926379375,0.6500867632899483,-0.3763632223345937,-0.1760722120330953,-0.8111882361189402,0.7772943684190218,0.3966919204986607,0.009204286609206747
B0007,131,0.7413937161114492,37,Healthy,0.001821048514645704,-0.00656708743664069,1.1602646483502186,0.6596928618328142,0.08147904694172399,-0.7091921579294889,-0.09991378267418718,-0.06596257578921232,1.3695531006761197,0.5951429651468244,-0.43587935231029856,0.0691098104180011,-0.4936594179404611,0.699677120592328,0.6789303677330862,0.025337081434300617
B0007,132,0.7384855898875295,36,Healthy,-0.011534373197427986,0.011264806712758164,1.0053207367892412,0.6864826130944559,-0.016331581946506173,-0.30683087506639745,-0.274024631939938,-0.39783290319669257,1.1478819421032425,0.7591663989914027,-0.3864270982598424,-0.20122131424063486,-0.5445638790583397,1.5082662048760784,-0.1335662332396311,-0.00016980755438316124
B0007,133,0.7409507777068638,35,Healthy,-0.21280550026079312,0.2860365815906978,1.018991263550332,0.9854169330691064,0.31771843143047274,0.40480320682657345,-0.5530302256236833,-0.8877238665245276,0.7336704193113327,0.6482987414954698,-0.4693093750282933,0.09637145769099757,0.07500575432104463,2.231768800119746,-0.4384113195168523,0.008528087715651441
B0007,134,0.7490683099437412,34,Healthy,-0.15067188224910885,-0.0013700115173069505,1.0963242623985505,0.7838217038219765,0.20423037685055806,-0.26779181133783675,-0.2957407496984685,-0.453622100655706,1.1014467244511814,0.8248108442163056,-0.39857118237645245,-0.06528167213488352,-0.3547600933503605,1.4615982886687606,-0.22213377918570335,-0.005722942898023846
B0007,135,0.7410387607196436,33,Healthy,-0.0037563551338776796,0.21096595160462447,1.1630906726747958,0.7976373880583802,0.06577368175388541,-0.2554110312979807,-0.26078378856782086,-0.3237283514598336,1.1164809605227035,0.7085911596358914,-0.5715170044333954,0.12545691692630517,-0.11375696536391815,1.3117081783911475,0.7339148823534918,0.05563397975669658
B0007,136,0.7385577656406076,32,Healthy,0.1881413480899803,0.1381448585515063,1.1550429869693386,0.6059101514280288,-0.24987060373722633,-0.7202229854457967,-0.05856623992249531,0.020639738758862932,1.3832589756419864,0.60081826271343,-0.5832181051821101,0.08173758291696781,-0.4634502033511663,0.8355284249507308,1.468733004627066,0.08857554495622118
B0007,137,0.7360386391528244,31,Healthy,-0.040386542265834394,0.28193221219833786,0.9620690837908615,0.8855056115955273,0.037238222154579996,0.35526488905947157,-0.527736055008007,-0.818889370664682,0.8107500269934339,0.8387258719192018,-0.522499993925019,-0.11805407190595633,-0.0442836591038099,2.398702793887675,-0.3268833985681028,0.02219835747981099
B0007,138,0.736124006828227,30,Healthy,-0.1565466301759341,0.242253660447432,1.0403829586408087,0.953780536116382,0.32824381831707233,0.24642967742576846,-0.5046873470097677,-0.7500769290016245,0.9011497596982682,0.7920190371626019,-0.47585179014621404,0.06255811668755736,0.05678238845084025,2.075336514969342,-0.4988533161772612,-0.00480001419006759
B0007,139,0.7335053336137332,29,Healthy,-0.0937963656367346,0.2789371966575661,1.011771362720736,0.9277057756973343,0.18409552607017257,0.30089349859359077,-0.5156519615421647,-0.773226987527936,0.8642529578041028,0.8341559747405687,-0.5018001829819672,-0.004251651422629812,0.02245303750184736,2.253711033960423,-0.3932128013146504,0.01041777818875256
B0007,140,0.730883624766769,28,Healthy,-0.11229000153346604,0.33498141777709733,1.012427007727143,0.982755034404498,0.25685975300408026,0.4227746402492094,-0.565465537886478,-0.8429705840785071,0.8150102289593025,0.8289845680941604,-0.541759185246223,0.04743949004687264,0.1701208042438115,2.3592277300326647,-0.4202865596585458,0.012000592451891196
B0007,141,0.7283476335244854,27,Healthy,0.10287153255639528,0.06455983172758399,1.064740751758504,0.655579865397484,-0.05139176275701619,-0.6128816209941074,-0.14677289505857585,-0.11833301612447907,1.4061890442856495,0.6678716730734846,-0.4952904223328365,0.00956382749887595,-0.49304078164995985,1.1151187853109295,0.5955573848052322,0.033554198025572524
B0007,142,0.725677486379478,26,Healthy,-0.03199520296162082,0.061353177742136666,1.0675647768581829,0.20004781723296455,0.023769387830501015,-0.42559227604175554,-0.21453171862956455,-0.10162495880122847,1.4630031684532445,0.6305453234922884,-0.4137363723379426,0.0824063635829006,-0.3666023055209024,0.9966376782244882,0.27733458035556047,0.0213789654342507
B0007,143,0.7258079631286875,25,Healthy,0.12780758118466126,0.21987068743318613,1.1504578504846978,0.7376619529695843,0.0027188796108875636,-0.5237223945641821,-0.163917341907963,-0.10624945912088973,1.3823054989421213,0.6223553787906783,-0.5775773550286338,0.24709052528832287,-0.18658217504520322,1.053146034849277,1.0372500428522888,0.06180877883543692
B0007,144,0.7234080666086842,24,Healthy,-0.1368050784166474,0.4083116929871044,1.022782028422697,1.0606722632826997,0.3947052042712029,0.5096924953151756,-0.6092308500131727,-0.883227535668777,0.8259658607465443,0.8187929670105587,-0.5694591389745131,0.18273593453762565,0.36439512753111614,2.4083936601629574,-0.4760026626015199,0.0076293135287343605
B0007,145,0.7233785303884392,23,Healthy,0.1448468567188765,0.0533378765787845,0.9590886773566376,0.6303035154995174,-0.15370673935602697,-0.5287116208820862,-0.19366383214685473,-0.2043976355835258,1.4004216292309393,0.7652732322421943,-0.4427016562978108,-0.13231323815116558,-0.6156678724115193,1.46555146327797,0.17831949333785807,0.015930087166398373
B0007,146,0.7206898740723396,22,Healthy,0.08860843320021039,0.3350578918099047,0.9644928873841205,0.8519495423534792,-0.012282762310161207,0.1268988308850034,-0.441585658059071,-0.6032013359751506,1.0569793108982624,0.7906628995091286,-0.5763578193141803,0.024232825250356804,-0.028261521833228574,2.1601907432590117,0.07991152534123915,0.036943108018433465
B0007,147,0.7181228126104089,21,Healthy,0.10734473817511021,0.20323733990680282,1.0552058882440722,0.7594407014149334,0.05909535693201736,-0.42453411794525564,-0.23061738819554528,-0.21216447558293497,1.3943590831825592,0.6770724968658287,-0.5252877296514178,0.16684800506823091,-0.22048543212686858,1.3238718130978882,0.4725752642521028,0.029872437329423008
B0007,148,0.7184077076962414,20,Healthy,0.07730442039249272,0.07778181343282532,0.9320210348724702,0.7106030290925469,0.009681998364877393,-0.36491002401145683,-0.28025021349324575,-0.3338987584873799,1.35881958428272,0.7729769192307818,-0.41753254025715203,-0.09158651160416308,-0.49748214672809,1.6918947417621397,-0.2795824376366541,-0.009624169917496973
B0007,149,0.7181472572930024,19,Healthy,0.2193872004357438,0.23718577034076233,1.0498698913614333,0.7051018772165906,-0.15062744576675607,-0.4340390273751884,-0.2085471144944342,-0.18141633447172584,1.3933159005119968,0.697071443448539,-0.6068642049529109,0.11553428847389292,-0.25649619979301447,1.4376608854084956,0.885871988276271,0.0646784812740847
B0007,150,0.7209287657939007,18,Healthy,0.22900305340263408,0.15868613075744073,0.9921559986479183,0.640793415660603,-0.21609860893059424,-0.6082273274227663,-0.14973437926009275,-0.126004906442539,1.4978994034858446,0.4642413730129418,-0.5300748681917238,0.15191476086095926,-0.5031293932007251,1.3459825450575351,0.8734117446891047,0.05974820805094318
B0007,151,0.7336031742390898,17,Healthy,-0.09117038981930371,0.23817966779330457,1.0863663730026656,0.9434569025936008,0.29379620862092476,-0.012757678548749455,-0.408482623844399,-0.5809267653685573,1.138371287140204,0.8519774066268602,-0.5194487078959723,0.2426701481309917,0.10978053285786508,1.9018660874137172,-0.13109851610764903,0.013956411437441044
B0007,152,0.7259320183924441,16,Healthy,0.19931454372651997,-0.011557785226322595,1.0550767057703054,0.5735271230980307,-0.16432441980506665,-0.9244023652599677,-0.03570837223267965,0.08772851104595399,1.6625280792082147,0.6474587178680369,-0.5418482127724148,0.030266940412392127,-0.6595579169646173,0.9815469991881551,0.8398509711040351,0.04407137812684076
B0007,153,0.723568987637425,15,Healthy,-0.11816638050200337,0.35531571994515526,1.0128268251930153,1.0474290799751993,0.4158003778120668,0.3509396259138857,-0.5663323985741466,-0.8020363967176977,0.9926509262128118,0.8203134922313711,-0.5832767033344876,0.23321212308397396,0.3220274575832612,2.3754634560358014,-0.5165775821410881,0.0020002210525754643
B0007,154,0.7208952932811995,14,Healthy,0.1002242824253687,0.20845517289300267,1.1295467672235762,0.7851697761191132,0.14778093706817513,-0.6012787685739751,-0.16328097721479856,-0.07464228544109894,1.53546489330943,0.6424817687404311,-0.586732151039502,0.3552848227384093,-0.12111419431497786,1.083536794015473,0.7997803254427018,0.0431031212158735
B0007,155,0.7158154739555554,13,Healthy,0.1760892866246458,-0.06303863698155307,1.0879152248082473,0.5712411700097761,0.021084939972933873,-1.2052537015414433,0.05577079986835534,0.2921294050427819,1.889360603346068,0.5846359878474131,-0.4845632294894856,0.18337677086188267,-0.6788932297643384,0.498256840003226,0.8197111375358634,0.018961843754269958
B0007,156,0.7159042124836843,12,Healthy,0.222494377967116,-0.03714340628094834,0.9203168859720086,0.5549593674947608,-0.20236910350433418,-0.8449739945678014,-0.09379554826541575,-0.010152054361693858,1.686391177501858,0.7387862495248081,-0.4317079106035872,-0.11650093678974663,-0.8111794741972289,1.318573284730006,0.16398785067077093,0.005765530400541075
B0007,157,0.7131281292553434,11,Healthy,0.08147076645175796,0.1355460920461118,1.00033688119583,0.77573694645618,0.14402943911392657,-0.44777428137695435,-0.25458376211096956,-0.24714589882480434,1.489850586940208,0.7341914732401034,-0.525562493327504,0.13849060528246102,-0.2639535996611344,1.5456994914189155,0.05028771528269863,0.00622542695069954
B0007,158,0.7130438764462456,10,Healthy,0.19207102787156552,-0.06453269543701755,1.0854477871704429,0.5663314087092746,0.04626033392744048,-1.2906421116994715,0.08094513097740924,0.35244670269093953,1.9802519407926393,0.575280302554084,-0.46530991646993575,0.23146178574416024,-0.6987057299840506,0.4099402021193185,0.8027528576181431,0.012679858800485711
B0007,159,0.7106316755015847,9,Healthy,0.20296413784853215,0.27349615528700916,1.0036296160818312,0.7732226306040415,-0.044032084064873675,-0.344991857506077,-0.2703083293039631,-0.26511372002346006,1.446113545310116,0.7215289457304391,-0.62103825857299,0.18843231479857125,-0.14289464592442008,1.7133593359332202,0.5468984227339025,0.04875795591419068
B0007,160,0.7081636374397554,8,Healthy,-0.05469623543608463,0.1547119382257868,0.9851806914050877,0.34470332995410335,0.22449456283628916,-0.15771042823975254,-0.36699085903178263,-0.30746455253503474,1.5048752013655828,0.742228653405214,-0.45427934701666656,0.19841667244060607,-0.08521608011481326,1.6176597450509056,-0.38834676517616756,-0.007250115611447963
B0007,161,0.7082890914587997,7,Healthy,0.20595440821212987,0.1580591455523137,0.9166680206248209,0.7111727582592955,-0.09040076279292059,-0.40814503908768845,-0.26694010716504785,-0.28025168842171666,1.4995366357108866,0.772066311128631,-0.5446511762832322,0.017454803970919485,-0.38604745256813894,1.8532842397618439,0.099721768025298,0.021161991721261687
B0007,162,0.7054200864712588,6,Healthy,0.13842126186615017,0.25585571685462266,1.0536492483696451,0.8215331690720823,0.1615171848105417,-0.45044393253457676,-0.24481970780439424,-0.19197588837918605,1.5501871885643572,0.6898385909570398,-0.5986009184331739,0.34537611924615674,-0.0549451719997235,1.4710797460213978,0.47434965286381403,0.031791156928284804
B0007,163,0.7054974814173902,5,Healthy,0.3645913828941037,0.19597418505835285,1.0598784398444205,0.6093658802762839,-0.23452245153153034,-0.9386096479777923,-0.022480349105826934,0.1881191935485945,1.8142151001173235,0.6197719505542972,-0.6304734522619666,0.28045922643569837,-0.41639399756856105,0.9857726533963677,1.3682022265187237,0.076445157201271
B0007,164,0.70308571451994,4,Healthy,0.14295228192265524,0.11528337720482,0.979383773684728,0.7460677549605352,0.13469105381513083,-0.594633351403599,-0.21185877669704054,-0.1462625206929701,1.6561282472131822,0.7290229432313841,-0.5274614223376953,0.17712540422136575,-0.3198661297813482,1.4804620213117858,0.0682161219359056,0.0016337767509454575
B0007,165,0.7031679239846461,3,Healthy,0.23498588027390502,0.33878242739042463,0.9724457858652565,0.8091863594103544,-0.048453914896402994,-0.24070952054146122,-0.31911055341061995,-0.3313044740730869,1.4502942862066246,0.761245657521635,-0.6369478533505588,0.23205882070305295,-0.05147163105357033,1.9575157179264175,0.44725981021505734,0.049299473836468904
B0007,166,0.7002276199533257,2,Healthy,0.02829449861798803,0.3161095654912355,0.9367679098046783,0.961263697925896,0.3315646772119251,0.048850746388621344,-0.475207491794214,-0.5848949117025771,1.3241119242443078,0.8056375842676954,-0.5540524967390632,0.255723600740999,0.12011050087595755,2.273802508675288,-0.5590688542879247,-0.011997412768720891
B0007,167,0.7108932523027577,1,Healthy,0.05818349649485847,0.034082810378731565,0.8906145946876919,0.17981567693093248,-0.07746508389106511,-0.49505033470853044,-0.23328254479674448,-0.16853178489090884,1.6815038106121116,0.5294426871473489,-0.4513178718152149,0.1396657625860595,-0.5501429590189421,1.620366416874064,0.027003335140684873,0.024102399762755848
B0007,168,0.7162276360312717,0,Healthy,0.08488734384454306,0.09414636012857157,1.0747400821911433,0.7479777435857545,0.15504453585774994,-0.8513530294010492,-0.08901428128139637,-0.006915296117051577,1.7117401556734844,0.8479248684543886,-0.5590895142790883,0.30919040633571204,-0.30093395836949555,1.146812181979653,0.5919298349414445,0.03161477889717998
B0018,1,0.9275022603955408,131,Healthy,-1.2028511963992237,-0.2440972875506136,1.4182740478715556,0.9037710678128038,0.413868480410772,0.635806075074246,-0.43532921027593857,-0.9914233969085618,-0.7298339989932087,0.03098366559673307,0.034813078196824,-0.5162975778340743,-0.4642807168983232,-0.03127419977623224,-0.31576527378535296,-0.016730086767818855
B0018,2,0.9215977658544994,130,Healthy,-1.1319118321516677,-0.018189705467747716,1.4443948084370035,0.9541362023575958,0.37457389504721994,0.8023880703370275,-0.4702148399403598,-1.01358169874937,-0.8414722723092628,-0.008371431994012503,-0.07701359533649454,-0.3968794295457193,-0.2567115664100297,0.12953065507016176,0.20004620561868963,0.024941807694979622
B0018,3,0.9198009212177712,129,Healthy,-1.2069273202914794,-0.1549224600299041,1.4280798057137165,0.36544188011991224,0.31542977584442544,0.7147907805263651,-0.42655324880452705,-0.8560655280561446,-0.6721687618244846,0.003480324312581519,0.000952629061766877,-0.48533508858316654,-0.38603225482013726,-0.1729870128942643,0.09055950704503708,0.022363606640849715
B0018,4,0.9153368022481028,128,Healthy,-0.929810150466228,-0.2849814583545075,1.4891040241143148,0.625057194299158,0.15192520731588496,-0.29048888619797814,-0.03048021863326002,-0.2669182538251446,-0.22829320961245303,-0.11290481719393451,-0.010069508785574246,-0.41795082372942477,-0.8881311324475006,-1.1813092651069492,1.182890317584023,0.04096819584540722
B0018,5,0.9163501034709828,127,Healthy,-1.0166975720828124,-0.16603313531253305,1.43309232045276,0.7725940128019638,0.26776659425508265,0.280969342689449,-0.27069745476193313,-0.6752986415736474,-0.5346507849506724,0.05338275190064887,0.03221713704619222,-0.4780888909377026,-0.6612563002560443,-0.35837427402646094,0.3559651898879813,0.013206334542583556
B0018,6,0.9142644423023194,126,Healthy,-1.0128981851032937,-0.06288176368620423,1.4375170508753412,0.8237637884115064,0.2941900650679789,0.43311285507390773,-0.31974690356531865,-0.7362441133339954,-0.6251565496820756,0.0708350414765554,-0.055358221838234294,-0.4352627176965703,-0.49268134002418257,-0.2013171386948996,0.5258873289054156,0.031798280272573684
B0018,7,0.9106005947848962,125,Healthy,-1.2256723810807337,0.08814961503206178,1.3719565900039554,1.0798706252715822,0.7303417199615504,1.0891967625667383,-0.6155863991793753,-1.2216702028571673,-0.9432756332751211,0.16795881272110905,-0.024218611161961015,-0.39054946433112425,-0.05022993518454719,0.5439285915666489,-0.6069915917693997,-0.02322836165311931
B0018,8,0.907585005321664,124,Healthy,-1.0313394060911796,0.5218841843578041,1.546090387748884,1.1871659485643171,0.5605689252578969,1.300731259855909,-0.6177264924036268,-1.165402817086319,-1.0700499226728226,0.043887461939573595,-0.3327121933115366,0.06745031701652171,0.6208690228947391,0.44023035095165935,1.1526110350100551,0.10059366131109994
B0018,9,0.9021490260483824,123,Healthy,-1.1109908137719415,-0.03792085637828245,1.2852533855231516,0.9222470009957868,0.5534630189417258,0.7853529445765424,-0.5043461722482858,-1.0532343695743902,-0.7503894923502845,0.13783203427764745,0.04275521601810481,-0.5311465107921577,-0.41481379254224965,0.38814497235931184,-0.5712679766197477,-0.028475377773309416
B0018,10,0.9115501151422112,122,Healthy,-1.056793524171906,-0.03612756170287998,1.3426691469479566,0.8892134010567265,0.4087085221553792,0.6944875649504197,-0.4520349189635565,-1.0051136914801961,-0.7130256374590546,0.20739178879501738,0.03804834116098098,-0.4862497799627578,-0.39045450293095685,0.29655055794767454,-0.20487549594601914,-0.003367374254692628
B0018,11,0.9060626760127746,121,Healthy,-0.9248477631370033,-0.019053175789196467,1.4346825108452745,0.7884215938095686,0.33306501026597063,0.244115382293318,-0.249826940804953,-0.5772688622326314,-0.44791187550273015,0.04259233587025994,-0.07365583096825558,-0.3391208995560474,-0.48925625139296,-0.42865058109831206,0.7990931317213685,0.03692243578490937
B0018,12,0.9023458191058884,120,Healthy,-1.1279763824218694,0.1738333976224034,1.301374282913577,1.060795659573131,0.6719439398292542,1.1314927820426794,-0.6332706999566249,-1.2261781481768794,-0.9095200068415134,0.20562549756309018,-0.04510268896875396,-0.39637107503237423,-0.038836903388035096,0.7361122872620064,-0.5446208636938118,-0.01494871488774576
B0018,13,0.8954221748931475,119,Healthy,-0.9567559071264,0.003586958542372083,1.5125349907248578,0.2557351496698437,0.43117589792433964,-0.021384060366553395,-0.12565523262207426,-0.1634363394105331,-0.10234619871869137,-0.14545267415704147,-0.04918380686144573,-0.08358583453809623,-0.428611845673054,-1.321680915104406,1.322971492880976,0.0498314581402827
B0018,14,0.891735361420963,118,Healthy,-0.8913807978632424,0.1428998382668069,1.4487711617485135,0.857074897399667,0.5263060074471085,0.2262173262702093,-0.24447762379027754,-0.49319591500928184,-0.35463372917281816,-0.0776484489034029,-0.11815490169532249,-0.08993722561927511,-0.25188577483179214,-0.6595791608849457,1.094730442653801,0.0422679469999744
B0018,15,0.8904693062655351,117,Healthy,-1.087509684958708,0.121423661540861,1.276618969808628,0.45211998391433206,0.5126837306039654,1.0123126761975196,-0.5705750805473399,-0.9846184512148543,-0.6580003781937531,0.241956601395286,0.04876405415316467,-0.4252977949715934,-0.1541346119911746,0.3719486311543796,-0.46371060835514544,-0.010286710047655459
B0018,16,0.885604519836349,116,Healthy,-0.9901324587435446,0.17366647691072454,1.229941125886184,0.9685260947414251,0.5706735254632959,0.9737633434512863,-0.5787000614162376,-1.0887189929881034,-0.7497911758631135,0.2259845390818779,-0.0021030913348165058,-0.4499335097250869,-0.22769492392651536,0.6878582420430545,-0.5218123237308983,-0.02081514427275143
B0018,17,0.8843151998353538,115,Healthy,-0.8994594015433806,0.17945138777291356,1.3438295772168773,0.8956339376549796,0.5353197873193227,0.5586761371994123,-0.39384473156022265,-0.7381129834748172,-0.5135864883103887,0.1118480149023845,-0.0812908367731973,-0.2697533818809756,-0.2558703366955366,-0.005153211984347913,0.4072601998449882,0.01701550004671509
B0018,18,0.8768152400958562,114,Healthy,-1.2192361706269186,0.7225899632546605,1.3118954019287483,0.9052774144470189,0.9650882155297994,2.1418883696724738,-0.9999722412462813,-1.6010187611901925,-1.217549853647188,0.2047120277976084,-0.16731472422876562,0.04493359643205921,0.9706514565364079,1.3953688184365045,-0.5770710225465356,0.01775924883840661
B0018,19,0.8731098708207546,113,Healthy,-1.0125099584585495,0.3736844483315288,1.267872601594923,0.5371864710061411,0.6348343196121391,1.1274483404310633,-0.6077290504472943,-0.9395640660647501,-0.6315321625123792,0.05259639800904684,-0.056430155111862806,-0.15634542655181818,0.1229093919543261,0.34639450442311037,-0.021803983125717755,0.013329280322513482
B0018,20,0.8688323668526868,112,Healthy,-0.8271419758401435,0.32847497588594327,1.2517912336189667,0.9354904375116153,0.506708766014971,0.7708705568992481,-0.47613760936741306,-0.8529987098521034,-0.5691321721160711,0.15221546785346415,-0.11721986692232633,-0.2555715030163372,-0.08573235715286,0.3015006579049267,0.38257351331193823,0.02454599225829057
B0018,21,0.8657583367737918,111,Healthy,-0.9444383981959116,0.3733386501500966,1.21264672133703,1.060187350731114,0.7629205692510387,1.0639877241736946,-0.6186624679464339,-1.0808714675918452,-0.6924950637390157,0.1981822612081037,-0.06507470248677225,-0.22519922190404684,0.1031421110234661,0.6338414064673252,-0.3169693643557053,-0.014995851841613013
B0018,22,0.8542974947235301,110,Healthy,-0.7773910938933413,0.32556926292098126,1.1843556360793277,0.8847145877785944,0.5198058172276717,0.5749789958919056,-0.41217628082191954,-0.6791561874219997,-0.39410413958091384,0.02270280377458373,-0.011415814249977825,-0.2032994726254548,-0.2982215229834122,0.07921384893278584,0.23670775032877192,-0.0003886885010996513
B0018,23,0.8557349785341055,109,Healthy,-0.7505807989324912,0.27010975168763146,1.2575024246766573,0.8445694440406216,0.5801972113899225,0.31607740854712807,-0.3110894278033666,-0.4876403759461854,-0.2311080171789928,-0.002339825368220487,-0.061125146035316706,-0.13837050508869994,-0.30481388486615585,-0.3458819276184244,0.6110152796199636,0.007900108329048644
B0018,24,0.8537510686636314,108,Healthy,-0.8465700666230811,0.4507498094665067,1.2331976334606203,1.0343404590980494,0.7611002141723611,0.8822831638083938,-0.5409415228186809,-0.8873947480341474,-0.5278554212938678,0.0827092427892694,-0.08989253177490163,-0.05733624648599642,0.12108961441973207,0.3192227318284882,0.14030030834843835,0.0004686175850279828
B0018,25,0.8746191032180114,107,Healthy,-0.8164321994525303,0.11983186581768612,1.2356301794664226,0.8235240170835009,0.5183994331385069,0.33665414396789467,-0.33708830302601017,-0.6682454877023185,-0.267945006608463,0.13219979103018584,0.06531869719634459,-0.2292130431559694,-0.42319097987642235,-0.07256808329759047,0.1527502945282428,-0.009323678805181868
B0018,26,0.8663848573714978,106,Healthy,-0.6344771614154122,0.14990501615167143,1.3055232629027984,0.7042393807677697,0.3283489055085017,-0.009107063470524842,-0.17145712389407974,-0.2887841993114649,-0.060913581625208976,0.03232397003357268,-0.08556761270965216,-0.20138389623878805,-0.5404239025395164,-0.5730538903430492,1.110408428018043,0.0368069519043338
B0018,27,0.8611156664146188,105,Healthy,-1.0180492505054877,0.487090945057926,1.2596340017345142,0.6429810666420855,0.8545212758844378,1.3296533456614092,-0.710285245689266,-1.0444836150974723,-0.6316877888146195,0.13408274914261026,-0.07133611273535194,-0.011375011414172046,0.38114452998481874,0.6170742202992008,-0.31770408089007707,-0.00382295223034257
B0018,28,0.8559231494923645,104,Healthy,-0.7168682144651828,0.3603067589926446,1.3268718429946063,0.8874704204619097,0.6284135065712773,0.3253418759862791,-0.30929538163884185,-0.43723995315837844,-0.19247685936953135,0.024148046840311733,-0.11691294521602419,0.02528856208596994,-0.14056116692506165,-0.3723921387608657,0.8942105526198307,0.024688423958014752
B0018,29,0.8496339175633435,103,Healthy,-0.7385491709136799,0.4647532864157014,1.1771018652609477,0.9741885626204979,0.5916525662665048,0.8737359156208824,-0.5377962199486244,-0.8527989670329468,-0.48085476040991204,0.12127580330314629,-0.10986057091418744,-0.1441817641599862,-0.01790654788236952,0.5391344585313281,0.17314475185735917,0.009147899790277827
B0018,30,0.8470183219621553,102,Healthy,-0.8246096265609419,0.28334731435929356,1.1536062049077398,0.9369511958686848,0.7913925384286621,0.6100590266746204,-0.4706891765078574,-0.721510905395072,-0.2976206704336097,0.17264855673683932,0.01904440130715637,-0.2070640275001032,-0.23157948155920183,0.2123377144054102,-0.3861335293782684,-0.04696131545650462
B0018,31,0.8409513539384044,101,Healthy,-0.7796864966440975,0.3425915721954485,1.1792701390732836,0.9417466763993173,0.7961503203219413,0.5708500727571603,-0.4486622659873788,-0.6464626348552653,-0.24892675328514355,0.12864768713919883,-0.015447505495353862,-0.11456081151411861,-0.16301294150886722,0.08871773121345791,-0.12917836315610576,-0.03517587289813229
B0018,32,0.8384885309216843,100,Healthy,-0.7382797555749572,0.3900906136803429,1.1476927592199004,0.9480016432877159,0.7219445656817605,0.714379908167312,-0.5017544156277086,-0.7391463251786318,-0.31984239992076835,0.17092821532029417,-0.034577427619766204,-0.15478710761422898,-0.12490415796375871,0.35226126244187017,-0.16157995908410933,-0.027394634097749875
B0018,33,0.8327614653239468,99,Healthy,-0.6551777481362807,0.3200620840952147,1.1756765152247584,0.8359317365724359,0.6503074247279322,0.3026943071170048,-0.33494913960282996,-0.4258982552386484,-0.07315395442463839,0.0567976575434872,-0.021580142974299214,-0.09880632775137498,-0.35418915945402035,-0.1893599799804875,0.3022573182042968,-0.017796984835465737
B0018,34,0.8285962287916042,98,Healthy,-0.5780887960534005,0.499242177603288,1.2337087920797252,0.8791173556144755,0.6058604366824035,0.34344660278290656,-0.323057219341457,-0.3689696282940682,-0.07881355718482602,-0.042114037159407106,-0.11976321629828433,0.1212552206725572,-0.11152731604298873,-0.3005838627581288,0.966362735399112,0.02454731895683453
B0018,35,0.8241120777647024,97,Healthy,-0.7228348081139311,0.4609017344970797,1.1556456604354803,0.4236896198985948,0.6346290351590674,0.7534774743339892,-0.4889957363403638,-0.5502655695390238,-0.15722400868883643,0.10184027910389408,-0.05749313669562536,-0.04243326255989605,-0.004596380035195131,0.03786576625051811,0.22737676846497198,0.001626903453451382
B0018,36,0.8193850748993631,96,Healthy,-0.4189659466954904,0.312051638271766,1.1016430549339786,0.6587466630947739,0.37226191347439036,-0.024519035370073838,-0.1924955716847481,-0.16677249748493284,0.16347039684332293,0.0761778409497528,-0.04124088649665368,-0.16619618447257895,-0.5836716799918386,-0.46800478838866205,0.9214890173479358,0.011851260604618509
B0018,37,0.8138243453631031,95,Healthy,-0.6600498865775938,0.5749639840262244,1.2311744641646645,0.437532549882907,0.7120154047545618,0.5534250066660833,-0.3958909313610663,-0.3123575298829317,0.004707137071286322,-0.04618824264115092,-0.09620843154775603,0.2436080708361236,0.1356519781239357,-0.4475633048029236,0.824749646904737,0.021232953266122304
B0018,38,0.81107685113626,94,Healthy,-0.5017158808678787,0.5104074511622345,1.0917923923917672,0.8554240886225782,0.5270650508184531,0.5292385500301311,-0.41625058516811186,-0.5092605842806052,-0.10960994915724999,0.1387249296294099,-0.09091583662690511,-0.08708656409619582,-0.17668463958217245,0.17928742009929094,0.43227026407021607,0.0016259311900326185
B0018,39,0.8070033255233793,93,Healthy,-0.5015428161526236,0.9055299227138979,1.1331001235829614,1.0849969030062594,0.5880750476844452,1.181313401321836,-0.6377679385439874,-0.8517508712625798,-0.46625803347934636,0.07540864763651475,-0.26552615590433715,0.21675262950128937,0.49478576368979543,0.7935260583208825,0.8369040009330945,0.0553417654524065
B0018,40,0.8380258077212313,92,Healthy,-0.41613583148807887,0.16880120825486375,1.1876581106133228,0.605326441014376,0.23719277351814053,-0.28155157993043334,-0.08792011924726567,-0.10020647241016094,0.2886734590608569,0.05596884484741675,-0.04818914919691038,-0.07710747800184835,-0.6529915069965967,-0.6746011601264629,1.340254067358184,0.03998707936286092
B0018,41,0.8246503212760995,91,Healthy,-0.6862631578218235,0.5288917483361805,1.137149379843474,1.0144798697924353,0.8494618720773771,0.7327962937038309,-0.5156713884996695,-0.704090611765254,-0.21453991198627964,0.06864570302264748,-0.12863216449585646,0.11519101606040497,0.13474961556842252,0.33374797357731545,0.17706958342745857,-0.008426271843972225
B0018,42,0.816191495929045,90,Healthy,-0.4267253736069765,0.8686108078994907,1.2706005970640841,1.019396639714439,0.5379371728933685,0.7571670431982286,-0.44793650316103606,-0.5282755195601462,-0.22926335212253174,0.018506650507368903,-0.40502530477771753,0.404995007022171,0.5565343025742184,0.11603767372800705,1.9108181623203528,0.10780264228266857
B0018,43,0.8082079859512888,89,Healthy,-0.5714179100157535,1.085049726917435,1.1211362893965335,1.2690840992384058,0.7483845465028665,1.6928849431267077,-0.8411878267750115,-1.2040728205119946,-0.7180317453401356,0.18456823589033372,-0.3941645972530992,0.31954130618378707,1.005676400644873,1.3995444018308707,0.6815739191763686,0.06984542777123727
B0018,44,0.8054514189124689,88,Healthy,-0.4916167765115302,0.4345065439725127,1.105642215139134,0.8198938735781874,0.6793231317209131,0.1576757751550906,-0.2892663442317539,-0.2699377870222155,0.17874420932230348,0.04272719876677688,-0.08203872647298548,0.08550968431631972,-0.21323263986047536,-0.34218021616035377,0.6525829118396876,-0.0069316145502813335
B0018,45,0.7977319346847828,87,Healthy,-0.6187669913491809,0.6162188354942691,0.9585910417105619,1.039793141204536,0.8287010214571826,1.0498396344306289,-0.6618052267837065,-0.9190117276562232,-0.29820398290774575,0.2250123991038751,-0.09804928213670618,-0.045148821508884975,0.183295868538459,0.9259372292198008,-0.4595187507237855,-0.035989128242089566
B0018,46,0.863353720042882,86,Healthy,-0.6876939993157667,0.6313365709085248,1.2802904628732898,1.097554567139761,0.3772875863677805,0.9983366465925961,-0.5447900230900315,-1.0093048335901766,-0.5181526170119121,0.1971731460935168,-0.2451066371303282,0.4510855407549023,0.5735906403124269,0.8138153338924347,1.391210546954719,0.12195269651181037
B0018,47,0.8582836958714876,85,Healthy,-0.7984346611600988,0.33023100256170446,1.10399180193262,1.0067431686481918,0.6411212972434907,0.8428829191771176,-0.5598938625754035,-0.9367573087628778,-0.37295181692202484,0.257636402275077,-0.1979675964808551,-0.10365798195138445,0.05154339222545001,0.9141380556418118,-0.06848735627547531,0.012531882644905045
B0018,48,0.8479117785467424,84,Healthy,-0.7309635747308516,0.43155924264008266,1.1845877757106809,1.016350411199014,0.6991342505160208,0.7197796562667016,-0.5011366323233037,-0.7799116651470998,-0.26416664478194674,0.1757915859529657,-0.2626904763679049,0.06243344948789882,0.18119794237582257,0.5871006828043919,0.4466349095860046,0.03199769010596706
B0018,49,0.8388891595396278,83,Healthy,-0.6422650957717262,0.4371832226113858,1.1739926472969926,0.9530308560988061,0.6219063885212907,0.5615830865408031,-0.43585818583231445,-0.6512584995638441,-0.14967585146226145,0.15193728287918987,-0.2445534969759421,0.061846201610436656,0.07171333613609855,0.41613876704683084,0.6450539096208092,0.036292184278174065
B0018,50,0.8303293448887096,82,Healthy,-0.6396683869332929,0.31595392552068774,1.0882856396148064,0.8747098901334859,0.6439316210957645,0.35667732946309477,-0.3817215641783935,-0.549490732194753,0.000459891439521568,0.13659419917828083,-0.10153698906734719,-0.048241024642114855,-0.24634218483331188,0.2882122756942969,0.1591943831188571,-0.007319000827982731
B0018,51,0.8332054637413733,81,Healthy,-0.677113192776057,0.3020763688533299,1.1570336563725485,0.9118409062808298,0.7441662449146301,0.3640021969275318,-0.3896589547358502,-0.5709960593894982,0.004560442380277732,0.15619398111989535,-0.11443432180886942,0.04033397012294846,-0.13762336025359118,0.2372449992555068,0.20287133284361322,-0.006480865019066321
B0018,52,0.8234168087203902,80,Healthy,-0.6056455247707051,0.5133075972334661,1.0814374865468956,0.9884180147032376,0.6190927201230679,0.8480249913429552,-0.5625996984682846,-0.8503919734577768,-0.2586213170727075,0.2399557640105212,-0.23621993118646678,-0.03324556086241284,0.11860905171658713,0.9387886138799164,0.21663910527575098,0.02247393434141721
B0018,53,0.8128819964389976,79,Healthy,-0.5521261689505199,1.2351380432190666,1.399046234052724,1.3630581458071735,0.8870015070198667,1.3870327960910542,-0.6856807926434301,-0.8971864711685059,-0.5240136918742844,-0.02737554934592216,-0.631580513628368,0.9131598182863756,1.4554194937983498,0.734785393407683,2.176135166281287,0.1532131239264114
B0018,54,0.8060788705937298,78,Healthy,-0.8001163426786397,1.9778193887753155,1.1630800053932293,2.02204368896382,1.1606959371329588,3.8977942043475404,-1.6751493279535599,-2.6215831824826274,-1.9109887837759805,0.41018256721522256,-0.8524402675517359,0.8353632717621404,2.9413207869614055,4.024757834058723,0.33336818354961967,0.15561792442654623
B0018,55,0.8028683411877672,77,Healthy,-0.5693169692316568,0.4470310718758154,1.0185288647655004,0.9320720914545182,0.7067488517729612,0.5978451917659298,-0.4911636991915184,-0.6828678102828178,-0.028550619870272763,0.230596520319456,-0.10400517892609648,-0.012572301921563816,-0.0657895738077985,0.6395679996667705,-0.09188835256659186,-0.018082455078339343
B0018,56,0.8368226574399446,76,Healthy,-0.5981482641792459,0.37534605900557233,1.2135758708648778,0.9328841940501029,0.6765781502788012,0.314551625153051,-0.3588488208900043,-0.5412569605429964,0.10670920462649891,0.19441358564770927,-0.12546557270149927,0.31949335188210504,0.11019777685964939,0.08025340458679664,0.7746329912685453,0.028890491430929564
B0018,57,0.8202174286174968,75,Healthy,-0.5788343019237828,0.29727499246983324,1.1453038751055369,0.8676626676528165,0.7681560481937816,0.1804337524955123,-0.32625549177578583,-0.38486534260746985,0.20026534774661225,0.14757112411603318,-0.22725640715379278,0.06635436170319106,-0.1262835913975889,0.0171268171027158,0.5377888657318961,0.00414789865905406
B0018,58,0.8066326658711038,74,Healthy,-0.5365826516313827,0.51244614013893,1.0674490374319645,0.9643161222334239,0.6945579461370466,0.663313410079683,-0.5053546237558403,-0.6959553846328685,-0.05108304082729153,0.2071764831452381,-0.25136867363664755,0.0834946479712855,0.12669787818301614,0.6944878406197221,0.3892541360172624,0.01961867950148116
B0018,59,0.7960482162343139,73,Healthy,-0.44677195675467685,0.4407667482972103,1.0532396694283865,0.854101223934018,0.6272732904949858,0.32058789614225713,-0.37362007341467357,-0.4494891945350174,0.17322567431602823,0.07771712438917898,-0.2170328224954914,0.10267619738266721,-0.11578801666779517,0.28611886902797806,0.6635879201412899,0.01991976568830147
B0018,60,0.7933005910349412,72,Healthy,-0.4635776150599038,0.5906553738976746,1.137367112312685,0.9605465129620002,0.783847540316701,0.4256698619388701,-0.40555289154317054,-0.46695433916448204,0.1461505999587337,0.05438473718696051,-0.2625270805804021,0.3604307851473384,0.2285071740984868,0.17690819893208964,0.9433254254905851,0.03397275722190612
B0018,61,0.7900383245168126,71,Healthy,-0.5196206202575646,0.28677151225089664,1.0114767510032827,0.8324059760343865,0.8207936667449481,0.14731434649301553,-0.3462647291626512,-0.39573559119000795,0.3268214561396544,0.1877115890008547,-0.06976652980201196,0.030662860084311988,-0.28190016498973386,0.11056803618947607,-0.019572714340419663,-0.0398718656924108
B0018,62,0.7820866476644583,70,Healthy,-0.37734780059534284,0.42020334803591747,1.0303067366623935,0.8101369823206683,0.6201201755896724,0.19087745521995322,-0.33333419675971576,-0.3515630800916847,0.31064185122152244,0.17181399497218197,-0.18314378552070562,0.08668222766665586,-0.17314053649501623,0.15414316885116844,0.6382870791487877,0.009059025892613308
B0018,63,0.777809136096961,69,Healthy,-0.5035490104914404,0.5956172001127898,1.0355119350251625,1.0135212426256122,0.9152815382432962,0.6592179692555049,-0.5280492229502931,-0.6552846177229378,0.07823742549321665,0.18676473370084465,-0.21406873454204398,0.25452494573871165,0.2694124902681819,0.5883022541783974,0.22761283102230626,-0.004878861241651056
B0018,64,0.7701022639318698,68,Healthy,-0.3717245006682003,0.5199931995574683,1.0342444089832914,0.8735907949119792,0.7234938144170204,0.29828670917864203,-0.3766615934564923,-0.39159411187201515,0.2938678664381903,0.12267335597539625,-0.21598796261354314,0.22699107605807448,0.016145871632955087,0.19911791045198507,0.7174194406762955,0.013383481693597328
B0018,65,0.7660806507979931,67,Healthy,-0.42047801004241575,0.601230355318926,0.9691458894889297,0.9747296522536211,0.8151639143982836,0.6912099705956014,-0.5463290068065282,-0.6888832728816541,0.10532969818113117,0.15762223085748447,-0.21420895120059796,0.20496820984312497,0.20649754584698274,0.7522272055153236,0.20446019778582275,-0.002348747049530773
B0018,66,0.7658116201846707,66,Healthy,-0.3565871513633278,0.47841819768763566,0.9773410027210091,0.8591497297496946,0.7121564345937779,0.34605980667536496,-0.41097200224648667,-0.4745658911663095,0.29965455810284414,0.20184422692754644,-0.19081606787345376,0.13957128172667854,-0.026880931568991476,0.37850871766309935,0.46520336770473536,0.001571169760981237
B0018,67,0.7611297975385989,65,Healthy,-0.447247832322394,0.636883765737682,1.008331492788174,1.0268946181446774,0.9742065258389155,0.6818568982636019,-0.5488862870262725,-0.6672751429539124,0.14611387378685925,0.19660141283401927,-0.24018277088281742,0.3221213068999865,0.3753679726681082,0.6156512881910905,0.27148427780813655,-0.004775053409325956
B0018,68,0.7532633563425642,64,Healthy,-0.32824590930852426,0.666960246808736,0.9253258151406958,0.9515200112294422,0.7304662992585258,0.6808540519371046,-0.5383491787577398,-0.6576125292500156,0.15781264811385728,0.1771893701865061,-0.22368277158574051,0.23249929352996032,0.21713614460994637,0.7898946066921624,0.3742519218003042,0.009120653787479413
B0018,69,0.7507109778266463,63,Healthy,-0.24693470717517743,0.5544731464653444,0.9563924027742083,0.835707041545728,0.6541410594174387,0.30836487448719213,-0.39126572563703305,-0.3968327357914071,0.38053065343839665,0.15610653366139732,-0.24572292071028035,0.20265676321136894,0.017575151009777867,0.3302811810885249,0.7822786878840426,0.018989973372865215
B0018,70,0.7481767058743228,62,Healthy,-0.31882850112341615,0.6191991418596288,0.8397126524231583,0.9417613178770122,0.7191578197701413,0.8066011823398812,-0.6090556897060436,-0.8042347170172806,0.12389691809324051,0.23412531716917623,-0.19545762361062663,0.10044262512606185,0.15430497562543663,1.1238324278575362,-0.048680458209628096,-0.009374014624359212
B0018,71,0.7667131000156211,61,Healthy,0.132347606503804,0.8584958641318786,1.4899762748126144,0.7252730200788898,0.24770631712089144,-0.6450520778102523,0.12210874945713664,0.5187376282771241,0.8733152037974319,-0.28944899115028105,-0.6206752448178051,1.1908841669931327,0.49250581089481826,-1.6050817175244618,4.8688695378817375,0.24032648500016235
B0018,72,0.761922633757213,60,Healthy,-0.4989955883151327,0.47315446954596024,0.8845049226801857,1.0069228532054735,1.0089091811972686,0.7841450780126635,-0.6350819038837475,-0.8486843799788245,0.1453184535460975,0.3113974516739485,-0.14552036073956823,0.099498305555741,0.16888585010026813,1.0841283105612007,-0.6520823371066599,-0.053587926969997784
B0018,73,0.750596049713062,59,Healthy,-0.40959245659680027,0.7009809154759353,0.9001023597809575,0.5003329522109607,0.7170629648617437,1.0160094748521336,-0.6609248340888623,-0.7464506319840657,0.14494192056389696,0.15371752601082492,-0.24927322747701425,0.2708672395207901,0.40613370176660335,1.0094998923361342,0.23745359483782238,0.024226010515121663
B0018,74,0.7462088357251455,58,Healthy,-0.37760178373332387,0.42623513825015846,0.8383636991884773,0.8892739481725507,0.8662298606815841,0.5055329517986975,-0.5252979618353611,-0.6472944107481428,0.3365684471261639,0.2685162520987784,-0.11776615863019729,0.05503997118219879,-0.07116934023939749,0.8299525537616519,-0.41079373435570943,-0.04922876869273217
B0018,75,0.7416619259700615,57,Healthy,-0.273855825424539,0.49328118689900974,0.9328791808331323,0.8542275840811119,0.8108992223943053,0.2606784577930597,-0.4037224789077979,-0.4088608649345774,0.4876325711739653,0.1605973684503733,-0.21014077757739358,0.257770284566562,0.02367719594160818,0.34887378557591026,0.4627092770861937,-0.006871474475851557
B0018,76,0.7403688396147098,56,Healthy,-0.23224041222899786,0.45941609651775495,0.9466726976457243,0.8153325386935627,0.7686205010801344,0.14245353415507178,-0.35623237544403624,-0.33874620212595113,0.5645473093249365,0.15138561837554507,-0.22994853671495696,0.2683430111576736,-0.017769256688691816,0.21326855255253466,0.6864656275992738,0.0036292381591113633
B0018,77,0.7367538904951239,55,Healthy,-0.3634941536649406,0.6445654547642349,0.91117591731182,1.0308352383189145,1.0316623787762085,0.7577366413168293,-0.6127495006289073,-0.7587130032537859,0.24824959434240476,0.21627475058930684,-0.2436153665381197,0.3591683492388739,0.42167528716762837,0.9227591547890698,0.018365795831033843,-0.017093515454246318
B0018,78,0.734009642633305,54,Healthy,-0.12148306723549944,0.3138140034877611,0.9104637434387277,0.6540302451263463,0.5892153645762799,-0.23595442181459722,-0.2132500762901788,-0.10354880530167465,0.7976701031078727,0.15454422497031667,-0.16940416557235669,0.1515403811688677,-0.3940551796144472,-0.0885977614323419,0.8474163633950943,0.0015691667165215197
B0018,79,0.729046177855951,53,Healthy,-0.35600560562097117,0.6551397955238666,0.8263790835886673,0.4827012350288569,0.7744906295141835,1.0166652306386335,-0.6946623803507621,-0.7922003791672659,0.25947498141641573,0.2761188920698957,-0.19566611262480482,0.22284931609317607,0.381797577005674,1.1532581870993222,-0.1459827625229539,-0.0029559026280938324
B0018,80,0.72393304944457,52,Healthy,-0.1530032239601909,0.6980161299687657,0.8833907926376231,0.9170767943818477,0.7315048417086356,0.5699317853123064,-0.5172247971566579,-0.5749650647635912,0.399672609264424,0.11274890587295155,-0.3272661692937936,0.37833717175342996,0.3064719803411224,0.7785418284584446,0.7785206545655967,0.02990817429767236
B0018,81,0.7263904388770991,51,Healthy,-0.2323890522328309,0.5075175956489283,0.8614265883236538,0.8815290141762568,0.8339404142266807,0.42764283703599043,-0.4928026360312097,-0.5709105323428595,0.48783595891779835,0.3525217938400555,-0.20289311068656402,0.20758993119913732,0.1362270441208551,0.7014850749072039,0.1393735246806609,-0.01865104491818232
B0018,82,0.7212678182246216,50,Healthy,-0.21530768150769558,0.3604081464007719,0.8479778792521815,0.7806863890482473,0.8855110633225355,0.0391355303213143,-0.3588375501499368,-0.31044542897294186,0.7385874268073132,0.17855573626623628,-0.1476097064143089,0.21181351018385142,-0.1644847865631239,0.23490141470771828,0.1511964108474899,-0.039836368394879224
B0018,83,0.7196356438601657,49,Healthy,-0.16880258051486002,0.2558090958242526,0.8766386911061872,0.6854886060189836,0.8315961161324538,-0.2982412642193027,-0.22791743811775364,-0.0939538284303304,0.9329792327253825,0.1459799035909152,-0.1014536420716432,0.22548786007254457,-0.3774735718199664,-0.16220565273985704,0.38647629283179097,-0.03969074042023649
B0018,84,0.7143237840944109,48,Healthy,-0.25813411786731244,0.5705923725157392,0.8116808468658677,0.9489999121692768,0.9453470175140969,0.6444331510669093,-0.5939799839545133,-0.7201356270657461,0.41281329801718664,0.2879617071704403,-0.20389668303777206,0.2612349885388972,0.23204566424642284,1.0324492512351895,-0.16685655971191493,-0.030260916033010336
B0018,85,0.7124513375002448,47,Healthy,-0.07628391424099243,0.32263279870874484,0.9373256562363861,0.6546560687099413,0.7857443661747353,-0.510871329834982,-0.1263764484967129,0.12460446704852667,1.0822855797287618,0.010147681936054025,-0.16834337057508272,0.41351997910763866,-0.3285388607260882,-0.5486414277012581,1.0707986877289215,-0.008067608741147047
B0018,86,0.7349057662262062,46,Healthy,-0.22763516427120217,0.40212845662152424,0.9088727491729013,0.2622469107437605,0.5854659564382491,0.16592205365325324,-0.36208400342468616,-0.29427926001008753,0.7742974939924095,0.170454823621075,-0.11011898006432909,0.38316213560808016,-0.04228560516335833,0.20890966563218807,0.69569827346543,0.020901207680249636
B0018,87,0.7262909825525101,45,Healthy,-0.2110192976520789,0.35164649742493775,0.8500270577555019,0.2342977324333443,0.6407224729011722,0.16160375489724935,-0.37693717374250685,-0.24173393246158037,0.8126537656231752,0.16038636209512622,-0.21092505377077408,0.1980291989468078,-0.12692292167855043,0.26232618360559706,0.4995567224488189,0.00563857452060943
B0018,88,0.721417099454397,44,Healthy,-0.26729478158456815,0.2939478814000157,0.83276899801022,0.2435216314280138,0.7971378648544853,0.07556133315788462,-0.3654736710510764,-0.21568471132164466,0.8936006395525464,0.16520368691985937,-0.12205619097527368,0.2234587829523046,-0.1761939738189599,0.13278808313883475,0.13851572312221258,-0.027994252218413656
B0018,89,0.7141880294039745,43,Healthy,-0.19914989430286364,0.4603066270398996,0.7434065684681603,0.2991692554723299,0.6394149515036396,0.5072652368709692,-0.5235442589291829,-0.4988596456260084,0.6662986546740415,0.24134133949393738,-0.17264348997248274,0.1532350848204694,0.001559934329693307,0.8109186439088936,0.03167301846201398,-0.008276378919335718
B0018,90,0.7077273922185358,42,Healthy,-0.2918414397330334,0.6392506926065805,0.8459962700602633,0.4668690426008402,0.9843376954686537,0.6227972661740334,-0.5657729977043557,-0.5015689356174701,0.6392335467978658,0.0604801447723969,-0.23681269647988865,0.5471199039268129,0.44546434012777175,0.592340149585064,0.2649516513305772,-0.0034199433015248103
B0018,91,0.727288335038854,41,Healthy,-0.09924019157250996,0.348158475958284,0.9423246482985053,0.7363703027925445,0.7367946241700681,-0.18650755556793153,-0.25835803606561525,-0.1898181907116772,0.9126300572675107,0.26851657003676,-0.22491060875850208,0.3848368516795813,-0.07290556735278707,0.0543453243547954,0.9319872236451411,0.010965325098801427
B0018,92,0.7141589774137028,40,Healthy,-0.12425794647293285,0.4016336603825509,0.7833232943492878,0.7802661911585188,0.7553134943520637,0.16010808728084414,-0.4149357205866943,-0.4225071411108436,0.7509052696128037,0.23134758421247273,-0.20394275918136842,0.21950076551820857,-0.11745058658967776,0.6853861671893046,0.1833045833471836,-0.02023584483854736
B0018,93,0.7098513441602029,39,Healthy,0.09596984882596407,0.2606715990612902,0.9157194926853985,0.5270450439280996,0.5145356159070779,-0.7634495326415475,-0.02200761719434477,0.28774303003787643,1.2744960089107762,0.041349220101398014,-0.2540804756775403,0.35312464757816875,-0.5058964346967989,-0.5935274080080822,1.6118089796633934,0.029448959922491462
B0018,94,0.7077803315153258,38,Healthy,-0.21059153618483167,0.5471305849323839,0.6965163739371186,0.9461002625727231,0.89409474659636,0.7711302757157945,-0.671671007928353,-0.871643158296624,0.43575306903188016,0.37832952571239703,-0.21311158063752136,0.17287981933604155,0.20162816483439605,1.5408262499299632,-0.5480671434284217,-0.03927209301130522
B0018,95,0.702840017709614,37,Healthy,0.04627625449264534,0.4950395787994735,0.8101980652939662,0.7237136730653354,0.5987948566058006,0.013512853897279839,-0.3360196442465793,-0.2549187798117258,0.880417868634823,0.11875425962142402,-0.3140081456009995,0.34421696650804373,-0.067021308667544,0.4691974741700441,0.9893375147131672,0.026450215048605372
B0018,96,0.7042230535583068,36,Healthy,-0.04013045815723445,0.3622772411696626,0.7454278848181553,0.7223010052498708,0.6845186631527109,0.055612805043643326,-0.3836665048796552,-0.3831359301840998,0.8626600010259821,0.2485134829547852,-0.21036622630120178,0.1897511896766896,-0.20350185756514,0.6810069896869319,0.29019204010692584,-0.014983582079645915
B0018,97,0.6984273891436207,35,Degraded,-0.02955942279670565,0.588867966299518,0.7943317984014282,0.850069123798742,0.7463589334851867,0.3617756981561494,-0.4833767972475964,-0.5067174293543447,0.7094292818377336,0.24254545159123733,-0.318935567239405,0.38637859196775615,0.207855927735698,0.8938763473571665,0.5904456340335376,0.01457954206582742
B0018,98,0.6967835185720338,34,Degraded,-0.06767431502400457,0.518965926864475,0.844287092175176,0.8351864899655479,0.9046180022170134,0.09688617120627652,-0.3917194392346685,-0.31691891531122757,0.8834001751099457,0.17819976317319594,-0.27841629076823465,0.49384386859493445,0.1505746341781561,0.44686810865299464,0.6164605117217736,-0.003681047395202206
B0018,99,0.6946822146404737,33,Degraded,-0.20189313367978537,0.47837846811207085,0.706591866426728,0.9231638716213496,1.0656485258999426,0.5098068504410862,-0.5944047798527985,-0.6928857313434299,0.6716491039562814,0.3303443908476312,-0.1764215759091244,0.2887876126287853,0.16054756706470455,1.175590384623628,-0.5934793436223589,-0.06222863977961335
B0018,100,0.6892825707833355,32,Degraded,-0.008946376687376169,0.5198315966807084,0.7920979184730687,0.8129619985447151,0.8388619591719481,0.1638184385525486,-0.42358149677159385,-0.38061521525830727,0.8779391669514774,0.1647315032896899,-0.30806990187872296,0.4404610821937208,0.13316856198516808,0.6465569258513016,0.6097013469065823,0.002360650207256608
B0018,101,0.6924505550428735,31,Degraded,-0.00454795319797909,0.3639628625566448,0.8389858741790489,0.7034737867651798,0.8427787659532407,-0.3527952545700867,-0.22644056907587437,-0.04639851755261931,1.1667980640569917,0.1335186879211551,-0.20405086887018337,0.48712989228638925,-0.1613419728708693,-0.022818559553218813,0.7809672240772914,-0.01263740056652747
B0018,102,0.6851625907121222,30,Degraded,-0.09159896744459153,0.558800898589388,0.6152019001237098,0.9043752621886366,0.8659287402143326,0.6947539833201537,-0.6609284432376843,-0.8103866326535325,0.6007224023426896,0.32437219570872067,-0.2316029923142869,0.20418920211394526,0.1633059161440664,1.6051274281623211,-0.5479998746018667,-0.04225252162108437
B0018,103,0.6866732192614541,29,Degraded,-0.15406218327075624,0.5797419210331995,0.6935969499756942,0.9716852899974339,1.050496806555706,0.6782125948578966,-0.6581957106677467,-0.7852831243830407,0.6252260718333784,0.34535528644368507,-0.2442413806722366,0.3596258874733343,0.347729544861534,1.4197898096148367,-0.48179321089920846,-0.04586161246279924
B0018,104,0.6839743642752407,28,Degraded,-0.06406194242352425,0.5714754377939191,0.7848835430238223,0.8976164912402048,0.9895234637881324,0.31127906773742153,-0.4968795177296759,-0.4832000823175679,0.8419362142951644,0.21506940635500552,-0.3003136057853606,0.5172828827950902,0.2907115417624523,0.8367214667075451,0.301801401420774,-0.013750713898018182
B0018,105,0.6783570543544823,27,Degraded,0.20932983121599627,0.8773084545718687,0.9615888107882231,0.8711568620049288,0.66205902806169,0.15282181379831636,-0.35364607531310094,-0.18328434672943286,0.9305104984792731,-0.015846913431025088,-0.5721089676311407,0.9272311054747123,0.6440975175530751,0.3425633136928452,2.3388091823218424,0.1133790505244482
B0018,106,0.7302155104597288,26,Healthy,-0.2543888895338283,0.4078494359084396,0.7977606951202476,0.9210574017642755,0.9227220183251434,0.3132283997650993,-0.5040312405446461,-0.7443490113308658,0.7253648927021551,0.3896422478622487,-0.07072003133367494,0.5348490539404843,0.17095246970615013,1.1318245933533062,-0.19491999512802255,-0.025402242891207343
B0018,107,0.7250499468552049,25,Healthy,0.022848361408917463,0.9447462707814597,1.0920695186925042,1.0276413839632674,0.7836502277617532,0.3756484640853898,-0.42174760956014334,-0.36165904821424916,0.7050159479846079,0.09727683332294856,-0.6850006494030212,1.0594435775546365,0.9970988996295175,0.5766325099948796,2.454294925204009,0.1412791373629498
B0018,108,0.7190703450912248,24,Healthy,-0.14668431857296257,0.5240965186767207,0.8459347462781536,0.9104558784242107,0.9355536369203419,0.23642609038610546,-0.4549046446875469,-0.4648579767529007,0.8113505992538558,0.27302426835305826,-0.35047924222981486,0.5266797767202482,0.2777083947069327,0.8925673851350256,0.44435634862621765,0.0059444304977743535
B0018,109,0.7141840990482158,23,Healthy,-0.27212551387250766,0.7491885390814899,0.7103694786343787,1.152764184750006,1.196025560775705,1.1538349837562711,-0.8385326821180622,-1.1270734747322781,0.3366012974845887,0.4389804110680358,-0.38135711726361,0.4875878958102643,0.8031947975532483,2.1010616171387784,-0.5500635125640677,-0.01908329476765212
B0018,110,0.7073937258776216,22,Healthy,-0.10780937580304888,0.5615899445489616,0.8392014355566977,0.9203994735704198,0.9944106260294664,0.2233243570879631,-0.45515945835073385,-0.43529143120835595,0.8697425164919129,0.20724005023541242,-0.40230033373313456,0.5891272269103479,0.3620502828254343,0.8287810939137642,0.5828601632684928,0.009969605032206777
B0018,111,0.706944581696591,21,Healthy,-0.07043690663442323,0.6610840320928528,0.7852805217130961,0.952420105286737,0.9729273715101214,0.44860074658965365,-0.5401968908403978,-0.6093357585905349,0.7611305477482947,0.2862459525966807,-0.39064375029023296,0.6202833808289365,0.5132480968582595,1.1575980043637988,0.5521416480740662,0.02023406123412339
B0018,112,0.6994665831088612,20,Degraded,0.050933347010452934,0.14809530220884315,0.8327107487154904,0.5548208778790611,0.7858479451795106,-0.9349743495789838,-0.020651946647882995,0.3126791352589222,1.5567065668427786,0.07136169674094013,-0.2180062528174214,0.44967417913933694,-0.5342125339009987,-0.4527513106388819,0.9562978275475026,-0.01826641298785577
B0018,113,0.6976661292016988,19,Degraded,-0.13286506853121646,0.5322794222693105,0.6552470148473923,0.9502635094108819,0.9443122721193425,0.6606046542196581,-0.6619664197675467,-0.8394983174702184,0.663033581991891,0.40508430569544024,-0.2869305207409239,0.30576873102569646,0.2700873362651804,1.7654178906753706,-0.5534064879837111,-0.03497877065751234
B0018,114,0.6950230647701225,18,Degraded,0.1063243581833828,0.8784846821367525,0.976216603257401,0.9687438606526414,0.7730930584660488,0.3531399952730639,-0.4483734150321444,-0.38064125962612444,0.8269768664482555,0.16656608447146654,-0.6260067873903667,0.9240427458553541,0.8116047966407703,0.8270366129083211,1.9771907528300878,0.10982670778934164
B0018,115,0.6930135727104824,17,Degraded,-0.0877687813285345,0.4901475472869699,0.7541948939964607,0.8905946287003673,1.0181737213658844,0.21641804042311436,-0.4841499269509809,-0.48819333284688343,0.9460492412876279,0.2645283903855902,-0.2964324063194305,0.5090115234040039,0.20453068034633365,1.04079477239572,0.02840769770633932,-0.025452382091422577
B0018,116,0.6941076300968755,16,Degraded,-0.07651467038302157,0.5041277818507347,0.6451255774071842,0.9168749382149167,0.8763796635584113,0.6052713505664135,-0.6450480285564166,-0.8188054037933449,0.7294519312601868,0.5797713147400115,-0.30599536110435827,0.2170933320676771,0.26315233422769235,1.7775940616720234,-0.5272657318843553,-0.03295489409414792
B0018,117,0.6880913281197248,15,Degraded,-0.1121040028502533,0.5608929053951529,0.7039506158516139,0.9707744554668674,1.0911606710878239,0.4925088440957758,-0.6028443955082343,-0.6973954188389407,0.8269349211038022,0.32618669801206135,-0.348192063531441,0.49326536290776474,0.4078418697299757,1.4120273682212547,-0.20551680613797763,-0.027917028944037005
B0018,118,0.6823584449320081,14,Degraded,0.12214337949340064,0.5297596825016566,0.7530175142563647,0.771706793986474,0.7244088923645035,-0.049635471197415605,-0.3542337464009571,-0.26882931469888277,1.1328751767999021,0.2212833995974384,-0.3911753766653607,0.5435598309070561,0.13073996609331168,0.7515782368209781,0.9325301298268951,0.027553049979967034
B0018,119,0.6794927369686792,13,Degraded,0.04399374068355128,0.4081829147882674,0.6465158588229678,0.770308919669251,0.814178129560544,0.04415544362695653,-0.4278698254177659,-0.4176612507751743,1.1035500393417998,0.3246384346897947,-0.28299032091494547,0.3409257296631145,-0.02995818662421254,1.0592534464623746,0.045659379326137804,-0.02486806013591024
B0018,120,0.67311543820044,12,Degraded,0.0007181985235503278,0.5549556753992465,0.6022860817872838,0.8970258116870552,0.9592388655345038,0.43966976606791935,-0.5900086699723737,-0.6776156798341384,0.9192626489910695,0.27819211348581674,-0.3253937583399857,0.4398095394349446,0.2766207770614094,1.5067486176954337,-0.19433951264675353,-0.02603538445865329
B0018,121,0.7134213909227322,11,Healthy,0.0257680429680336,0.33003266939023546,0.8757368146429819,0.719560514933092,0.7386520202277401,-0.5000346898000647,-0.17974962916020965,-0.10634931910080198,1.3290999051874035,0.36935800338158925,-0.20729564600232409,0.6904568224955182,-0.026649985579811065,0.23383502413580579,1.0227033814426805,0.01993981600540562
B0018,122,0.7032240741639832,10,Healthy,-0.07233299315231013,0.3695479416172361,0.7113476234988398,0.8178842343639843,0.9400030622182434,-0.03546419701270822,-0.39841112613965124,-0.36477006953794794,1.118721861721617,0.28730084876699274,-0.2915421891900145,0.4516896315427863,0.005667274475459618,0.9614353934321744,-0.001599151129839628,-0.02924485659761453
B0018,123,0.6967453746037576,9,Degraded,0.08822414088153212,0.4174886324482994,0.7598608554880497,0.7349049604086992,0.7149119510420526,-0.22067872271908828,-0.2961412039049248,-0.17866420880539757,1.2233404991640937,0.2550043550994582,-0.41159880467705257,0.48908289095195573,-0.009595618613086524,0.7116610724970768,0.8734047368633684,0.023864838350187767
B0018,124,0.6941246756124658,8,Degraded,-0.019572460675138716,0.46990177406271544,0.7756520644220718,0.8463566174655894,0.9682978868348925,-0.06586664247948477,-0.3741234116380642,-0.2962949082535472,1.164751988953014,0.26024602273454067,-0.3676484422608052,0.6161828354735324,0.19001546190348334,0.794909652246651,0.4878273877548349,-0.002403921486387378
B0018,125,0.6850939169210464,7,Degraded,-0.008573267716834471,0.5329374208050307,0.779048016591751,0.3252186557497402,0.814952740353259,0.08662766609900416,-0.4017641550050948,-0.20709208012866825,1.234462115925854,0.13602635120651577,-0.4003942655207079,0.6853528390255496,0.3053686992514293,0.6713541977255721,0.8297920006631921,0.03291233963075437
B0018,126,0.689847583280431,6,Degraded,0.00737811657061673,0.4556273047173625,0.7508830185488204,0.8304569545378951,0.9595772395118145,-0.10093490541801922,-0.3689813004737561,-0.29852606783105234,1.2172179438038153,0.24306724401602248,-0.33975617460608,0.6263754495785699,0.1514597044010438,0.8109850707480932,0.42620549133563246,-0.007769669726966229
B0018,127,0.6843293161967842,5,Degraded,0.258023855770261,1.2834324230069256,1.0060377065108161,1.1444709819841736,0.7193000750789476,0.8158844389283122,-0.6018614449622386,-0.6005168812989552,0.6899590219990798,0.12856475789119473,-0.929089720575015,1.2869105982525175,1.5266391845595628,1.4121666890253308,2.8671514440825088,0.19545482377611306
B0018,128,0.6813685889548219,4,Degraded,0.08184128934467688,0.3354766507550485,0.6718768996172396,0.7201361687332147,0.7792571866952318,-0.18998847905383828,-0.34603701855562036,-0.26952892126125105,1.2821451165484112,0.33144258240162,-0.28217728492082533,0.40257468228115145,-0.16005038001654828,0.9787724305645857,0.16604609515842864,-0.020600795545306538
B0018,129,0.6817025566964036,3,Degraded,0.09239741580438628,0.5714726722212187,0.888983355729072,0.8372846638079965,0.959568776290659,-0.28175784590167285,-0.27034207512789094,-0.06205087619661867,1.3377208479065341,0.14505921860991203,-0.45527104489905335,0.9032080265112682,0.3257251263081902,0.3971889233758028,1.33320411238617,0.038767373925590466
B0018,130,0.6759323017652616,2,Degraded,0.17145961521747863,0.5400531819735407,0.7872333333919639,0.7702266010279822,0.8217432243225941,-0.2759764435492931,-0.2812141729172964,-0.07507001104815958,1.3697636576412893,0.07761604834485156,-0.4637534498771574,0.7585292858460194,0.15396304386453744,0.5794973109470934,1.2105176103662796,0.0357127658920929
B0018,131,0.6773984864826311,1,Degraded,0.2370186986465385,0.4343179008440509,0.709974943293836,0.6749563984808064,0.5987062116835159,-0.3192074341098038,-0.26887101280596193,-0.12822643478007736,1.3832328263638454,0.2452779913523575,-0.41931425382539445,0.5212930335581012,-0.07655198966426997,0.786830394882097,1.0585152746129571,0.03521263269429357
B0018,132,0.6705257203202425,0,Degraded,-0.01596061856359851,0.5276479229720255,0.6626471700655613,0.37060942695933574,0.8734794743883593,0.3479737233165153,-0.540724778247065,-0.45147428297087727,1.1786894482578143,0.3036259686035412,-0.3521598005463699,0.5656449525602381,0.3366345410101888,1.264016554468649,0.07725060775372425,-0.0007775236903636253
B0025,1,0.923505581478358,27,Healthy,0.5576474461999251,2.6701433999819444,1.6253301422682265,0.8787379514686159,-2.865186582110542,1.8245307983335202,-0.06599130301908011,1.8195624988665249,-2.284388211759839,-0.5288349766020881,-0.22856689315858914,0.18580678429287442,0.5338807768366186,-0.12907285974699864,-1.1710538486952111,0.038938280060584265
B0025,2,0.9242827172264192,26,Healthy,0.6396764858790087,2.6503403445627582,1.694178804260659,0.7946983314595745,-2.94695398211652,1.5334608120308466,0.06631154182630758,2.0525438237337985,-2.143862399640039,-0.4521643525098327,-0.2512703955381323,0.19124001792824596,0.4652221255911923,-0.4982072668024903,-0.6779634923034575,0.059887455237736226
B0025,3,0.9235555885930876,25,Healthy,0.6720112089873485,2.663671008574382,1.6417450004432375,0.7819299074859525,-2.9724114949214426,1.6535546798746936,0.014661745821294198,1.971797793393405,-2.2092080336135558,-0.406737118882647,-0.28851298907831807,0.06381422558760036,0.4329091962392822,-0.2121666741273213,-0.8042418325513342,0.061459137675262954
B0025,4,0.9244918800767769,24,Healthy,0.6107981968023493,2.8002043435671133,1.8012115986865787,0.899742867971788,-2.6750122889130306,1.697730755995525,0.008743287505420505,1.981553026991201,-2.2467633707870203,-0.4669570709393654,-0.35786997767446777,0.3974180491035726,0.827286781946963,-0.42069406304155166,-0.3859425980008871,0.08109435568933221
B0025,5,0.918506035928022,23,Healthy,0.7547077306438709,2.5618966317444767,1.6218952007065182,0.6507691585441662,-3.052504727038131,1.3234679245918355,0.14104912518702664,2.1459161987714053,-2.024467434561469,-0.47388526494402006,-0.21659559027777153,0.056937119788495555,0.15550837480098903,-0.4735034853026801,-0.5650528755068963,0.06600005237854742
B0025,6,0.9087746056235684,22,Healthy,0.7076747687040686,2.4573822499831257,1.542568714884996,0.6336626689573541,-2.7882543311474004,1.086720338600814,0.19677507069912192,2.2758039153174474,-1.7960302984329504,-1.0931089610180538,-0.26182694746573715,0.3157076900677838,0.01841357598922567,-0.9185239069106303,-0.3535044626355094,0.05640185544669085
B0025,7,0.9199319112610364,21,Healthy,1.0127698731418397,3.3870112370659298,1.8839010603017654,1.4911394957791884,-3.12987803728154,1.9112505538246736,0.015405915545469712,1.8393927698420847,-2.499266085438052,-0.5982820178523927,-0.6904353810852268,0.9704896386708932,1.47570823014083,-0.10839594716647613,2.057187844973157,0.2565299364752014
B0025,8,0.9215297809865716,20,Healthy,0.8101192263919081,2.7713967955894314,1.5320817211079392,1.2883814529413327,-2.901304172239318,1.741335758503985,-0.04411762522743393,1.6926477181894495,-2.379339192936449,-0.30808268805997435,-0.3274731166944986,0.02653584998271674,0.45812086056342044,0.47174874112698384,-0.8447268837160765,0.06564009313676518
B0025,9,0.9200935864768028,19,Healthy,0.6568171093133746,2.7052031100844567,1.8054925515002616,0.7899159215500184,-2.5548993418004375,1.3092098226376336,0.14825494978793483,2.1842315819817144,-2.0187943670780637,-0.5290711063843833,-0.3132791383923987,0.46819327282798967,0.6459549752339182,-0.771791400183344,-0.12694510859383873,0.08080582704258689
B0025,10,0.9140632816444128,18,Healthy,0.7603753611990102,3.192957433167156,1.867554085140791,1.0010566563464856,-2.700657064492509,2.084308025952701,-0.09566253801019466,1.7844368990446298,-2.465766518768239,-0.49486338445571776,-0.567299419039204,0.728521941770843,1.4171851524724133,0.05862025131441616,0.7052088744333248,0.17645872231933088
B0025,11,0.9126781668222902,17,Healthy,0.8484505245500361,2.7209207792085635,1.5122279467840762,1.2337486343616402,-2.819067550912184,1.485979560542161,0.04294380486802647,1.8376647778053536,-2.1773806329743293,-0.6204967599941881,-0.3322658262456242,0.2207483908723656,0.3749669673285182,0.13974327952306193,-0.48026312895516293,0.0747956004194374
B0025,12,0.9107090276313078,16,Healthy,0.8143745826241959,2.7046348677574525,1.7186237665002368,1.231297462556995,-2.6307240044418565,1.1664457413186589,0.1806302209968369,2.073580644748565,-2.049460698499321,-0.5265430087601264,-0.3095048312332504,0.4119449417065034,0.45692251464062095,-0.414949966677532,-0.07658551938647137,0.08040048759034178
B0025,13,0.915157813984466,15,Healthy,0.8105916041731639,3.055025108871672,1.836699946901034,1.4490966861528496,-2.479346522778816,1.7074365768691973,0.002319858315428119,1.831911157352586,-2.352902719329115,-0.47569786076453424,-0.548457748489636,0.6795439282314959,1.1780143977643596,-0.01407343615276069,0.4678016904122635,0.13553970908716603
B0025,14,0.9087745821912422,14,Healthy,1.1818097125448084,5.295247572308909,2.6025567249613375,2.4817327719870597,-2.5593544604139895,4.184403833857312,-0.654669531493724,0.960056298027995,-3.792872125144518,-0.7827363889418432,-1.9298115218690381,2.771818216207711,5.14663621747157,1.272816260404134,6.319271288514555,0.6160092564808474
B0025,15,0.9054506001484895,13,Healthy,1.0139145829158949,3.05925083842149,1.8621443643420983,1.2889880039588972,-2.731434531188887,1.3130526910811797,0.18514112636873806,2.1429891088993034,-2.1333055019662917,-0.547470233932495,-0.6106009326591798,0.7024547226583778,0.9973226872193044,-0.4364141901344407,1.404857630289434,0.18505797804077007
B0025,16,0.9041516301542118,12,Healthy,1.0668077264939009,3.9359397497752364,2.12422723667632,1.7736437775676417,-2.5979204855880194,2.5278424332120837,-0.18984230161234678,1.5908822972176473,-2.81986817399367,-0.618592207466854,-1.1136374727383467,1.5012486236828335,2.652342150644772,0.4095219224643796,3.1366617240083747,0.3457177596413884
B0025,17,0.8964008074690532,11,Healthy,0.8177011372162183,2.595110217135814,1.3774727714782449,1.2431349483532332,-2.4170584744698065,1.4380415018195245,0.0019906494260034696,1.8418135445686439,-1.9972151958311664,-0.9669123320092784,-0.4503727085280485,0.36780869564284285,0.34526949552168146,0.01401233189372989,-0.46022972349878866,0.061739888889765775
B0025,18,0.9062815750229424,10,Healthy,0.9750772438572776,2.703908135197634,1.4503530877939472,1.1498123420181083,-2.8857659356842884,1.4063472687456966,0.06963555380902432,1.7728811465048262,-2.0955106891155117,-0.3102753386973052,-0.20641528337954104,0.28852523802941604,0.34016583927809185,0.25131960913772666,-0.18169121184037865,0.09886661272797588
B0025,19,0.9038863037456196,9,Healthy,1.000025803531584,2.6617534400852105,1.497406864322574,1.1009423421153053,-2.8812979831273307,1.2195470816642027,0.14699823527723582,1.9971951213291081,-2.0078418394366375,-0.32046443938743163,-0.35363020224543795,0.12215053440845466,0.23839311340677166,0.051616141992384366,-0.04584701384467759,0.09968982774289485
B0025,20,0.9024027587501984,8,Healthy,0.9930876764108769,2.8132031638589776,1.492177718738226,1.1901397345995213,-2.8346227708745255,1.5463246927332603,0.026511628979886088,1.785137926720647,-2.198571096573993,-0.2801978644542224,-0.4118796513139742,0.1615467656844035,0.49507202229262615,0.48447746423694293,-0.08694115579493916,0.11403774522685699
B0025,21,0.900269277949621,7,Healthy,1.0490379264636462,2.7375634502726256,1.5027189485438677,1.0984567735439983,-2.861301564122263,1.2591964122957024,0.1381254860168503,1.9723980704729205,-2.035775418985639,-0.3239703296753455,-0.39188703820982185,0.14753925074240679,0.32358549845744683,0.17861287460301703,0.11607179080675602,0.1148094208323434
B0025,22,0.8971178049016516,6,Healthy,0.9755983843141122,2.816029428289829,1.5197555526168522,1.1955495282111817,-2.7234488119163904,1.499579195247422,0.04003514979900579,1.7860602905626108,-2.1802824197013386,-0.2919399770652817,-0.3849041287682617,0.23014982067859094,0.5261277704057619,0.46866159888939013,-0.09902396227113218,0.1107315869283939
B0025,23,0.9037045262174443,5,Healthy,0.7570297922433752,2.8692780148715986,1.4450464330087236,1.4161052481182501,-2.3735197951956426,1.9517019309789443,-0.17330650577628326,1.4104925215446746,-2.3619295642806284,-0.26333543347186616,-0.33192564339839525,0.40929764568963395,0.9127207665096034,0.8378395626423591,-0.9003441877375994,0.06823688542086909
B0025,24,0.8951252408481039,4,Healthy,0.9587550975489899,2.853838184571013,1.4580419536468485,1.2555406317269135,-2.6099835568766,1.6328176838636121,-0.024007258624088285,1.729826188104572,-2.1845699356756394,-0.30906242996609334,-0.4887208153254527,0.2732929903545635,0.7162791179905428,0.5238153681001703,-0.09189615369462442,0.11245238244350104
B0025,25,0.8980611922679748,3,Healthy,0.8977749048568131,2.989175922770633,1.5292025951850767,1.378166773447198,-2.399591649095349,1.8427331210862512,-0.1026080521278617,1.5875316719082002,-2.306571879928101,-0.3263429284139372,-0.5167029522488794,0.4933301155344193,1.0538123207654735,0.6538461211727613,-0.017559912477001973,0.1222562442427323
B0025,26,0.8956118345175388,2,Healthy,0.7610950224207798,2.9098237005305156,1.4475482483871038,1.44916699548287,-2.1564827512130558,2.0885011066702774,-0.24245907634116975,1.3199091465714647,-2.418239351811476,-0.20818993735751498,-0.39948328136272265,0.37420534779245523,1.062945252767024,1.092978139352022,-1.0764684032660137,0.06203123216015764
B0025,27,0.8927411182651622,1,Healthy,0.7622931467525184,2.7266382166172405,1.512804093665958,1.332765342332904,-2.0841757234818754,1.5316282535657044,-0.034756080080920744,1.6602820922376311,-2.105320675526355,-0.2990654053332213,-0.3064104685347486,0.45864808296571047,0.7742882078405845,0.3574964385154203,-0.8494968268846398,0.046761135033042564
B0025,28,0.8838945390161808,0,Healthy,0.8750203768849396,2.8494044337627407,1.3185055943390114,1.3782566294646024,-2.2367891586479516,1.791859573415532,-0.1357728173417581,1.577389096381922,-2.096138278862051,-0.8334309321537011,-0.5692687204870837,0.685891381090082,0.9324538687301863,0.45819590718270636,0.0032666938485401923,0.11009763373528993
B0026,1,0.9066252151934948,27,Healthy,0.46023987940561845,2.565975538732435,1.594458115257945,0.8466150005911417,-2.7048653982482533,1.6156807480424862,-0.005790171041595335,1.8848073258712688,-2.192704675912384,-0.8118435406602073,-0.1337086505806942,0.24261546829697242,0.27742398385356143,-0.3133475645608401,-1.4101167572489945,0.010856599421131733
B0026,2,0.9074880043539152,26,Healthy,0.5507453169100658,2.557437171965987,1.6719187794041996,0.753995739412043,-2.7955936827883554,1.3418511583628032,0.12185538653804712,2.1005045609131936,-2.0809373530666417,-0.6975376386675126,-0.1462893081437833,0.2032050415357843,0.19168991117945472,-0.5957661287494543,-0.9896614233280074,0.02986346924985759
B0026,3,0.9067677087780998,25,Healthy,0.39136586585118355,2.4669036193431775,1.7979596801458624,0.8090510665897299,-2.293526210986302,1.0918824324708527,0.1929793282763909,2.254766736618179,-1.9490382222221936,-0.7902937619396757,-0.1367983119353835,0.4011947097632834,0.25867094431805615,-1.1188814036453258,-1.122380117038525,-0.005757058950287583
B0026,4,0.907574636655167,24,Healthy,0.7433707341284559,2.548332538712031,1.6977141998289762,1.1510805067270855,-2.7754161589422908,0.9098534324022142,0.2816336023998744,2.2570452115142343,-1.9814813888161114,-0.7943731200624623,-0.23444109054054585,0.23592828966150295,-0.0165189399040821,-0.7540647495426723,-0.3465852912866025,0.04951268244811551
B0026,5,0.90714565070341,23,Healthy,0.6040693040415984,2.5906911624863502,1.6156017062260002,1.2859255751144394,-2.575925370436352,1.4176847507620036,0.0536542077783459,1.8293372996323458,-2.2662649349766633,-0.5811199900784813,-0.15681103162487472,0.11202200836646042,0.17104452123692898,0.0318196369411354,-1.3937907703153123,0.005846150520820043
B0026,6,0.6931686712215062,22,Degraded,0.3053927884020747,2.6280820548260064,0.7141512393735938,1.2811987398165006,-2.223251502517865,1.6207498189090261,-0.14841367855537194,1.1172779254616616,-2.1640315541481097,-5.579543195871788,-0.10127218777698653,1.7965040762541318,-0.8085710217340728,0.7798135994616024,-0.8228821596533363,0.04151916688399858
B0026,7,0.9082638979408032,21,Healthy,0.7001815171385306,3.056681940868585,1.6048877991814043,1.5107178448001222,-2.76840862282124,2.080310529850615,-0.15011609656723837,1.4697490967129598,-2.5729485580883997,-0.7421705884330034,-0.3700940608802198,0.6507603616360412,0.9560024083382381,0.5135607929911501,-0.1349353379573414,0.1199098958996767
B0026,8,0.9042819288005532,20,Healthy,0.6813761476135648,2.5191034075290744,1.5705885499916339,1.2023484854045934,-2.607376827685116,1.1501129784954405,0.15100669362411856,2.0126300852740364,-2.047700808616605,-0.6797274661961944,-0.18504929535733727,0.17834660250163803,0.06264772817168886,-0.31968646542071566,-0.9881958313232808,0.01842544818946338
B0026,9,0.902468038822091,19,Healthy,0.8002740219312005,2.4987815579386536,1.6995364451428296,1.088283592207818,-2.6866272039376016,0.6626058429460716,0.3688213161399339,2.4022330250351507,-1.7935672398189129,-0.7737433203671169,-0.23816474103919227,0.33239227496015794,-0.0348751964597154,-1.0320534600468094,-0.01184632042805232,0.059288874420063135
B0026,10,0.9024657962491054,18,Healthy,0.6094809964012271,2.7441475341567996,1.7682739305161168,1.377238772418189,-2.2459928970567864,1.3119530653640457,0.1059228787673472,1.9555161119506388,-2.155424480108553,-0.7782937994641403,-0.30087029391771647,0.6303774907955891,0.6262258998568628,-0.4326045631366076,-0.4124683255926031,0.052493512609899706
B0026,11,0.8588396163496965,17,Healthy,0.7893854101233987,2.495409233432884,1.3995658407872973,1.0455212413576802,-2.7127737546330275,0.7350395523830778,0.3047189316803037,2.192114405687819,-1.7490110081342842,-2.0095190760204296,-0.1960660626937507,0.6767390177917098,-0.3783822426458328,-0.6683072900604562,0.04242660441758163,0.06942534449964186
B0026,12,0.904902406640053,16,Healthy,0.6012131251338949,2.514794224959052,1.5939731962514185,1.2636987083302011,-2.3100159189442366,1.176766738650899,0.11640029270296413,1.9228350958667084,-2.0347340504382108,-0.7296309666231662,-0.1312898272879672,0.3620369450110521,0.191705967765046,-0.2775570908370075,-1.2048489871371544,0.0008841568712205386
B0026,13,0.903278106637244,15,Healthy,0.8083625564265426,2.779406170329632,1.9540562309300875,1.2599037778808524,-2.3332088500064274,0.6900822011523435,0.3895867154731947,2.509009491312705,-1.772729560916072,-0.9339983256400503,-0.4714095789736061,0.9605231908682595,0.6814008642619441,-1.4978422674325345,1.2563767799443628,0.12730261810071705
B0026,14,0.8969077853849254,14,Healthy,0.7597367371832805,2.9316935766918117,1.6652980375673634,1.3850962310052133,-2.4707605869789746,1.7092729672494498,-0.03363331527067071,1.7009146124054408,-2.353449053883055,-0.6818793354177638,-0.4032130251589123,0.524290072693076,0.793834011202778,0.33367993187043965,-0.25432030420157453,0.09436456380918523
B0026,15,0.899652474690896,13,Healthy,0.7352756295979239,2.8472886508412736,1.7101388832181026,1.3519918987236184,-2.3149238601612754,1.4542854034387362,0.055083888107538656,1.8617613012897594,-2.2054832414672036,-0.7229302552188037,-0.38031574812714414,0.5842399348180869,0.722115718284316,-0.035111130389403736,-0.21084874984201504,0.08023160057511194
B0026,16,0.8921098724235066,12,Healthy,0.8525367452530875,2.588690091004455,1.6804291047660211,1.1031123091023083,-2.5147561011269084,0.7966297805737049,0.30411864919832393,2.259269500613378,-1.8410916960302832,-0.7878213872883364,-0.27172328525178324,0.4167034622669211,0.10990908041139232,-0.6405715365599355,0.020876402416000465,0.07137781320657997
B0026,17,0.8409409959257594,11,Healthy,0.7136355777353973,2.5924566950471895,1.1752170790849976,1.2648041171567133,-2.2636684948814736,1.3893376117192544,-0.01627511961137418,1.7427754050746096,-1.8692589593202236,-2.4936389281328446,-0.42450675689289796,1.0072553014746455,0.10509078590589042,-0.07459774731633363,-0.11528537795448315,0.0725910861855542
B0026,18,0.9003759691980968,10,Healthy,0.6829466219711031,2.479953892556093,1.5706792377515733,1.2451486504387688,-2.1792136634913413,0.9769485579370379,0.1756589105685452,1.9946050639503652,-1.7758586422957567,-0.8255622407925932,-0.09277187877002728,0.7739030429923467,0.3385870017408928,-0.7166493593463631,-0.5062957075830868,0.029676786589840413
B0026,19,0.897986342136148,9,Healthy,0.7865606835161093,2.7963698752938897,1.4685383097693745,1.3537567333225078,-2.476628709925283,1.7931354269239663,-0.11108328147423042,1.5705025052036283,-2.2674095256270106,-0.5759335559923673,-0.36327720869893987,0.38977342918559893,0.6707336725462139,0.5935190926839155,-0.7071060683995686,0.07131909397008669
B0026,20,0.8965513470276649,8,Healthy,0.9203915380888715,2.411756835553122,1.4805355889444385,1.0049992010152768,-2.6623884401111604,0.7566380225930776,0.2836268083254674,2.2171750924245472,-1.7117541686166036,-0.6450410895402972,-0.20795874864850875,0.17655807782789454,-0.17246726199472456,-0.4581522240927449,-0.3791798305149877,0.0502680539332443
B0026,21,0.9005133771034356,7,Healthy,0.8737825646832067,2.597201107736221,1.5157139546875147,1.1485401811312965,-2.4889790866279977,1.147010125990809,0.13622513704857053,1.9727458508207598,-1.9340562409367306,-0.5770641742079436,-0.2790267680809096,0.28584040200255667,0.23912811641898662,-0.035591359215394545,-0.48876028326876203,0.0585546282766221
B0026,22,0.8912286150634974,6,Healthy,0.7063382881603755,2.491370844931761,1.6900956239338316,1.2023264967876706,-1.9865020732543246,0.7433039363901329,0.27063106440628365,2.2116064928103882,-1.6997458472766787,-0.787621583933062,-0.21531341548501567,0.6721230060298446,0.31997069936760225,-0.8630584648419201,-0.40487314266775404,0.025973695614682452
B0026,23,0.8979651515304394,5,Healthy,0.6060431319152347,2.8514303005309345,1.5764138966336925,1.5259015107747143,-1.9214627286664598,1.8000243461307153,-0.1387845054651971,1.5121458375290988,-2.2202935555143317,-0.6542055094002925,-0.32754020447811893,0.8432233879834055,1.1134621037333126,0.2971813391855751,-0.8127643530027057,0.04751933840889249
B0026,24,0.8891571063670503,4,Healthy,0.9017388246830359,2.7158738597464978,1.4505187981469856,1.2064698180781213,-2.4572273254324264,1.3830336486542074,0.043103362172962414,1.8322713291613866,-2.0181295933006695,-0.6439257404558458,-0.38526389489997476,0.3504547669149359,0.45280068377146077,0.27394795794887333,-0.3674898327780852,0.07812478079960238
B0026,25,0.885859546492401,3,Healthy,0.8953341441446909,2.87125865617218,1.4412486074148079,1.2894027246555322,-2.419249551406153,1.745326054505157,-0.09077031533988877,1.5611041210886827,-2.254990281994422,-0.5638656007082298,-0.38858335683608947,0.3623155797955712,0.6776652074069004,0.8428824864490266,-0.5572039889121809,0.08701841640169748
B0026,26,0.8895374744768386,2,Healthy,0.8951292147838464,2.7190797910100173,1.447700175821985,1.1973063306518426,-2.353692502950965,1.4419928599914105,0.009061853414422397,1.7102176368977429,-2.0846274683559924,-0.5474064815185552,-0.28900061691515927,0.29024614690917266,0.424169394297416,0.5757256243986033,-0.7703344704793436,0.05867044443137031
B0026,27,0.8866614891232338,1,Healthy,0.8933538754763318,2.815544873415006,1.4926572849064903,1.239370489921955,-2.316212006972399,1.5221836108871516,-0.010284414515973134,1.6544903329385126,-2.1544232375254304,-0.5379531040977862,-0.3027799029423122,0.3957775049432366,0.5716510141771401,0.6640399797988463,-0.6029107458493185,0.07397753102315609
B0026,28,0.884377055505442,0,Healthy,0.7382058765568557,2.5222229037857584,1.1458085039504757,1.3305086714134466,-2.0548962517181626,1.6487212454512954,-0.15688701592767082,1.5335063320945732,-1.903750581587487,-1.0573878727625114,-0.3613117632483808,0.5624090044925216,0.49432025708917093,0.40924246032150124,-1.1763384743530447,0.019639582785921542
B0027,1,0.9116538871074682,27,Healthy,0.24462290045268473,2.531478911227113,1.8519845557915042,0.52436725532608,-2.1607681008244906,1.541780257677903,0.01071768738315172,2.1796797045187284,-1.841133192150206,-0.6403294468681924,-0.15419854081919518,0.7041830124421384,0.9557394776637019,-1.520995366363136,-1.328863989710702,-0.024207714244811863
B0027,2,0.907119232558398,26,Healthy,0.2751157859516695,2.607363234881847,1.7715941404717592,0.5909367259055883,-2.182850585771907,1.904152370851359,-0.14388438494253178,1.9306343477530739,-1.965474183316315,-0.45212076830321507,-0.17061662319376356,0.6141323274557795,1.1785568593258355,-1.0417888586789201,-1.7685863432683295,-0.03852810477035287
B0027,3,0.9064298396565434,25,Healthy,0.30619708167474025,2.626846391680272,1.8796869748095881,0.5628989157505296,-2.020007130221626,1.6313623890559077,-0.027974705915798273,2.1569578616434413,-1.830776844392452,-0.5593594969290395,-0.2451517077735709,0.7708551423438942,1.2087739333733236,-1.5057855434257026,-1.2426912050669934,-0.024333041260630232
B0027,4,0.9072121223369984,24,Healthy,0.3515152344063455,2.5337866480193547,1.8124856778611365,0.49780635376647203,-2.070526761122199,1.5457022150086528,-0.011148403703827766,2.1735387505539254,-1.7396367201810443,-0.5171149279597286,-0.18412844833537984,0.675586906477613,1.0483969275122091,-1.5073044852937842,-1.4429348490929428,-0.04048939615477704
B0027,5,0.906400166926521,23,Healthy,0.27737396352249005,2.5590374702204968,1.7208342499139824,0.5780273433234191,-1.9842502181075146,1.9118448495038383,-0.1771273358729549,1.8571660172483,-1.926620778827756,-0.40308931176069607,-0.12483585901696105,0.5818097726464362,1.142469067264183,-0.9131594819460312,-2.162454380817034,-0.06852376442846783
B0027,6,0.8973019351597646,22,Healthy,0.30126756978208996,2.785827650650968,1.5660305153222707,1.2753305175746072,-1.7301335695893298,2.443247640985967,-0.4243310035600699,1.3445705353804491,-2.264241482935903,-0.9068806521728832,-0.3229277757061128,0.8191397064293078,1.4806590946081393,-0.0037397625470814,-2.2172601736317366,-0.056900610259755194
B0027,7,0.9082595856469164,21,Healthy,0.4336636917388279,2.5763187971192103,1.7288701095715753,1.0199198619984873,-2.1385225481357097,1.5340983690547654,-0.02381604553382407,1.9429869051287667,-1.8557148955454956,-0.49901555564695593,-0.13310030634569878,0.7862810302321004,1.001201565011241,-1.1032275576773596,-1.2364594466645489,-0.021011173452950636
B0027,8,0.909916778259512,20,Healthy,0.3979561520376658,2.564654486387742,1.7004570661545437,1.060812600791807,-1.9118758708727097,1.684373432438654,-0.10843505475714296,1.8681969464528096,-1.8968960825984145,-0.3806161397195351,-0.21126732313954644,0.6276642527611481,1.1176676752546362,-0.8968375690004807,-1.7997026509212375,-0.05892693206066609
B0027,9,0.908490493220364,19,Healthy,0.43243987830752223,2.6338322267180163,1.6655139099512808,1.0814832182175707,-1.9585576943974408,1.8527269383582234,-0.17110135708615978,1.7534327565718106,-1.9800190048256667,-0.3573353252632191,-0.23872078783705017,0.615831552744122,1.2024359472266324,-0.626255967545079,-1.7905914758920456,-0.04769284587796107
B0027,10,0.9023801355384494,18,Healthy,0.4621185732224738,2.5360977297813045,1.653075487073064,1.0114445783613393,-2.0066854835300436,1.6700821668645018,-0.10821506263689544,1.8515340828241589,-1.8598378918945342,-0.3594839417137111,-0.19179119200457062,0.579494970241214,1.0252624401604646,-0.7901495683219303,-1.761523740885114,-0.05263579931090471
B0027,11,0.901088944070434,17,Healthy,0.518129687111366,2.6053560898551753,1.564726343468311,1.0259630593530502,-2.061777494799449,1.7786559781000046,-0.15445289815558755,1.7843382709644304,-1.8466160475373534,-0.6546679888836099,-0.255340613394366,0.6993993017066383,1.0981271015610485,-0.6720687942894739,-1.5479883040025664,-0.034100341332174905
B0027,12,0.9050271878055876,16,Healthy,0.4894176665993492,2.5930967908046063,1.7408299638657347,1.0078506501137365,-1.9132862173893987,1.4618202737685857,-0.013334245566490538,2.0079512588708353,-1.7459586635975033,-0.533012827183267,-0.22948087691008,0.8431275518420869,1.1220126085382662,-1.163929602526885,-1.1552549294189547,-0.026389607972574183
B0027,13,0.9095809351787276,15,Healthy,0.6066999494395877,3.0563038064814245,1.8423732581292667,1.2235523844097167,-2.0572788955110366,2.1445874175343023,-0.21720199725788691,1.751931777272806,-2.103689602489745,-0.47300230162554974,-0.5847111978896536,1.1290615807860112,1.9742078494578208,-0.6353548173059435,0.035404678720975684,0.08514895842181168
B0027,14,0.9031722906153656,14,Healthy,0.622170529601621,3.5601145771435885,2.103029449543303,1.4796563983020965,-1.8007991742733744,2.5365171019934816,-0.3061619361922318,1.6418972335776982,-2.3638770757975185,-0.6187994289240557,-0.8683115227099274,1.766369644811882,2.921336945026553,-0.6341410900074334,1.3517343611348929,0.17718322525789185
B0027,15,0.9060003189373972,13,Healthy,0.3661329862913172,2.944660803153081,1.5758435477483836,1.3514331557062116,-1.7134006512259328,2.8120110148056856,-0.5608295759592887,1.088847904524271,-2.447101469302466,-0.22277314214365668,-0.37172585437499883,0.7323381425418554,1.9148255168643078,0.6429512750588737,-2.242115467109231,-0.02998728272889433
B0027,16,0.9046192847893764,12,Healthy,0.6502878174711206,3.002845490135172,1.8546745198665382,1.1559716814311443,-1.9529404794975391,1.8837990562435492,-0.12480587987652474,1.8930962653368233,-1.9424235053263512,-0.5319325809675909,-0.5614290047406661,1.193622153517172,1.8654608863292605,-0.8991241271513298,0.2039323562289893,0.0824216755071396
B0027,17,0.8910358858002668,11,Healthy,0.5134960135791514,2.593535853093408,1.4897279971928499,1.061446542233533,-1.7504358386728913,1.8906485433941522,-0.23219289131813897,1.7196822064060677,-1.8188501692044023,-0.9833852158948964,-0.4290336293222503,0.8474119960281938,1.1907994753644309,-0.5146151967666002,-1.2531811030908635,-0.011822491777004437
B0027,18,0.9072752281170524,10,Healthy,0.6954305530444483,2.7205248235243844,1.6024636223830782,1.5547440540191695,-1.9997880762854707,1.7112045833208986,-0.1342323414811445,1.6340134481441382,-1.8964191652097224,-0.3747576013291786,-0.272767167665972,0.9849046381033421,1.3522248137496966,-0.4691315631137516,-0.7285823336461525,0.017946617879404936
B0027,19,0.904576742582141,9,Healthy,0.53253209758922,2.5921733085721708,1.4920746684668889,1.6031208718565968,-1.7631299931905176,1.9472899300449946,-0.274090172749946,1.4434103222129167,-2.0378072855944263,-0.20206643548082778,-0.27512150477374947,0.5641874605457597,1.2098453386601145,0.08075175109473551,-2.109350538118939,-0.06129147471877454
B0027,20,0.9032775754046856,8,Healthy,0.47126278823999673,2.5525290323794363,1.4990883030058837,1.0640445724188383,-1.796479525328562,1.9795753942494705,-0.27170651053994366,1.5615460160164643,-1.9187733187283103,-0.2452414911536886,-0.2251231210583617,0.5705391789096455,1.2011371856702018,-0.1474532565333982,-2.1157393306192103,-0.05529225897344244
B0027,21,0.901200827979746,7,Healthy,0.6511886632603185,2.578509917005674,1.5985238478015393,0.9415966905350479,-1.962207920772417,1.5239565887380373,-0.05996157778824948,1.951639417285619,-1.6523529264950478,-0.401774257565147,-0.3205885580173828,0.7489438727527482,1.1482110516259734,-0.8417269116079746,-0.9527875548956722,-0.0010715452290526349
B0027,22,0.8982165841661499,6,Healthy,0.5413444067509134,2.855744206480755,1.6594796686381388,1.1788757448184644,-1.6969248519196733,2.130925367337404,-0.28894000267834863,1.5488916481483725,-2.0151218344766146,-0.3102818342884247,-0.3931818271078831,0.957598001108164,1.7425935768959733,-0.20550142525573267,-1.164899521888507,0.00810439743152764
B0027,23,0.9044018465254144,5,Healthy,0.47949295871265907,2.6208188531723833,1.5352600595085326,1.0885231626049738,-1.6798243366144674,1.8676712748530169,-0.22575080266473138,1.6054234688002669,-1.8248768142016527,-0.36078072074441075,-0.2050881634796464,0.8460158573931311,1.3559069817061173,-0.375461843384142,-1.800075992411697,-0.045062159294778706
B0027,24,0.8957763874374826,4,Healthy,0.7792226360151132,2.608166086194023,1.7412617380709012,0.8572397238287544,-1.9233241259717384,0.990920088389177,0.1755409637762839,2.410386310757805,-1.331326430066508,-0.5558339022494989,-0.46435465189809655,1.0304859844804373,1.209175535356396,-1.7449796946053602,0.3000106721650339,0.048795677361072896
B0027,25,0.8926687596119786,3,Healthy,0.6815615669134206,2.747254844537356,1.7000052770196354,1.007820894563031,-1.7296529213044158,1.4889831753747114,-0.03104646138136974,2.0156639193784214,-1.6220164107092523,-0.4579608199961781,-0.44056568588442696,1.05872185124433,1.5064914241569263,-1.0543166111954496,-0.3025599858767163,0.03231393766259283
B0027,26,0.8966046051626545,2,Healthy,0.7406180726451049,2.6307741605494943,1.637832554914893,1.4543567122529824,-1.6114056636348566,1.2341076441146737,0.02419620235914512,1.9576199430660746,-1.6061425309914654,-0.37086990363769984,-0.3712086456412549,0.9144918238813446,1.2247583744580453,-0.8926153942512834,-0.7610802427420765,-0.013285190117328281
B0027,27,0.8936548855551056,1,Healthy,0.7673937759846724,3.1050706062068354,1.6440511505952529,1.7399949157823258,-1.6950934833022109,2.2075790044866146,-0.31533753044164853,1.3984208717172164,-2.119865328950853,-0.31223449820577465,-0.5959138316042087,1.1772775612664454,2.0958536047221945,0.13736624490631213,-0.32246829245298625,0.06391617583024516
B0027,28,0.8850463126662226,0,Healthy,0.6801099076895171,2.7489856093210383,1.3203827392662029,1.6497841977228724,-1.6076826391696148,2.1574291813905004,-0.38147072190775744,1.3113477103811082,-1.9478004973106422,-0.7119030913348066,-0.50265163677458,0.9203741992856044,1.5237815728458401,0.31324742926751553,-1.3711206874828312,-0.007747965238403616
B0028,1,0.9023423860050368,27,Healthy,-3.9109423377927586,-0.9146739447139325,1.24439429352918,0.17156841346796198,-1.4540433481170782,0.6943745241530115,0.5096340062688505,1.7341399459677795,-2.9063570221876023,-0.74602432388321,-0.29310774647157417,0.840845393004846,1.7288287320778968,-0.10948180925467474,-0.5325918441486566,0.15391158444453654
B0028,2,0.902391660726294,26,Healthy,-3.6431502223099415,-0.6291661515635475,1.4204019520122069,0.6949837325790711,-1.596531680024416,0.49918905970010874,0.63418186426435,1.8849290301000443,-2.9362059810898744,-0.7247396974235545,-0.5744271965006695,1.1528949359428282,2.0893370087354315,-0.3534494152953415,1.1211911021586136,0.24489015785008617
B0028,3,0.898809334111229,25,Healthy,-3.8239198565436494,-1.0724743903838996,1.2111810913429177,0.5838579900173447,-1.272748004968536,0.24124053510650995,0.6429084219775817,1.85435765795239,-2.7554474240770523,-0.617697401862092,-0.2859537815133682,0.692632399950082,1.4876283009973112,-0.27181304582177673,-0.7498558399952319,0.11656854976193771
B0028,4,0.8964956843880587,24,Healthy,-3.8090686700937186,-1.128302198832569,1.2744891035587929,-0.019323211088321683,-1.3917545997798386,0.021963254839283568,0.7579021496789898,2.1742365141442295,-2.4876532114284826,-0.7577465846534429,-0.25749943548911386,0.8166631007502173,1.4140161129701712,-0.9071442582265363,-0.15994650701924373,0.1476938960642506
B0028,5,0.8959590040796108,23,Healthy,-3.7376292372335422,-0.9274579636057789,1.2696112574440381,0.6107815781269821,-1.3134009321500035,0.31798600229984186,0.6347379990673635,1.838965496127205,-2.783820093436184,-0.6440726500426838,-0.3633320086345809,0.8958159124055034,1.7163334664356438,-0.2599446117254688,-0.10459025016091279,0.1606683576481679
B0028,6,0.8875130679518985,22,Healthy,-3.3831515747097236,-1.1468932017721358,1.3615325434549956,0.19786140170396238,-1.7418419469149364,-0.9443946462358317,1.164253120801758,2.8005070108370593,-2.0486204411370554,-1.3755121319757984,-0.4947146388835884,1.1104596873506423,0.9479880337693082,-1.891004190013437,2.148374907305488,0.2465387171986289
B0028,7,0.8960243926111708,21,Healthy,-3.7065046188987556,-0.8877396286573661,1.2292472206679463,1.1665917776699994,-1.1765916423304632,0.3250099522818558,0.6018580321687432,1.5801715921734367,-2.913500700843187,-0.6170627461312038,-0.27827092039810014,0.9993662119269482,1.761124189506337,0.1584476664783218,-0.36257742161650724,0.1446531061045954
B0028,8,0.8952379007906325,20,Healthy,-3.789861228401119,-1.0745390686567853,1.1768927822585868,0.5580676760984256,-1.1483614318609094,0.16103034337878536,0.6620874137473439,1.854855310321951,-2.6744082355938037,-0.6826443464269414,-0.2724300583524756,0.8110626014863893,1.5164177614227943,-0.27061491419272304,-0.5783329253733047,0.12651731104396244
B0028,9,0.8934182545993632,19,Healthy,-3.6150433957798986,-1.198920354267078,1.1688218882357662,0.9211877588231998,-1.238225531124723,-0.327384246248304,0.8325001192039138,2.025442059856914,-2.52007345094666,-0.6129761174789673,-0.2755686261255045,0.7011979443426342,1.1703593756128101,-0.47530575138043407,-0.31942045245684686,0.11780180342499756
B0028,10,0.8935764809981092,18,Healthy,-3.593891383814363,-1.1343528343512663,1.1439990080606046,0.9602548682568058,-1.3039553510908948,-0.034724785678556254,0.7141965082087627,1.8178113049392386,-2.6604393445090126,-0.5401006379743474,-0.2883234410583236,0.6642450540207533,1.2540966108282001,-0.026724312832719824,-0.48509075704707233,0.11842536257558466
B0028,11,0.8908170308504753,17,Healthy,-3.5787903547430813,-0.8499240214462903,1.162524377629045,1.1018284110020873,-1.242786388812792,0.30123354553616016,0.6106503193401146,1.6627338288898326,-2.842097669665628,-0.7783606403311927,-0.46258982335293564,0.9706604647662886,1.7083880765264752,0.2061356110160327,0.15912748645310903,0.1739859745678826
B0028,12,0.8925117568302366,16,Healthy,-3.5384261969635937,-0.9711233587538538,1.1713953820029788,1.0138607601171927,-1.3448282496927935,0.1238925547336838,0.6718016687642068,1.7479373546447468,-2.737338112144328,-0.6024209014103782,-0.3734661748336665,0.845542604887528,1.4843560073173099,0.10563405782735254,0.015197704935817812,0.1568432896169271
B0028,13,0.8901932714846519,15,Healthy,-3.5822082673957247,-0.768566481082302,1.1811583239606345,1.1833992735112244,-1.2078928471088464,0.6611134929858001,0.4653929735945699,1.4335960317053187,-3.0194656825344093,-0.4807543276925898,-0.5039225699949713,0.8941009351345063,1.9584302273009513,0.6975637719324854,-0.13808752927167398,0.16947426119161532
B0028,14,0.8894530428208628,14,Healthy,-3.536453018970583,-0.9782383534013916,1.1276338217316715,1.0254477544414335,-1.303865135426132,0.2645409128678944,0.603438179658033,1.647788869923937,-2.7885207298199455,-0.4893803915117666,-0.398981415420643,0.7465322874816263,1.518379798459395,0.3715786821746204,-0.23704751858614315,0.14659227811523393
B0028,15,0.8869193759486524,13,Healthy,-3.632197270829818,-0.8814166525233769,1.0386910110175518,1.1647536090595867,-1.139276414236618,0.7820229383808055,0.38008299091731784,1.2566434911808595,-3.0585754324984546,-0.377754147299134,-0.4018503760463106,0.68071388446434,1.770102447042723,1.095137567461029,-0.9672901052984911,0.12234452691069665
B0028,16,0.884841440761573,12,Healthy,-3.7175859664914985,-2.235048730083967,1.8363634293520716,2.893793941741995,1.1419463902878413,17.762391584386396,38.76419684430383,-0.7381265958384955,4.959797953295035,-0.5461874979869233,-0.9358185912836567,0.2311434249552394,-0.7302845027475486,0.5222174529138708,0.8454779822119773,-9.374419435106823
B0028,17,0.8704393641603496,11,Healthy,-3.522024010170736,-0.9747258127943752,1.0226004738327388,1.037965009414398,-0.998674957311897,0.3161793865119855,0.5479641024291526,1.6017957765638944,-2.7260514890895657,-1.0683755833057664,-0.5314406576975738,0.9085583161546279,1.5500012057773618,0.473688251962544,-0.11285019473884834,0.15505931049248728
B0028,18,0.8824094872005953,10,Healthy,-3.332108855350294,-1.2171106589080147,1.1853263428460767,1.2816694027190343,-1.147213485775197,-0.9151207826278793,1.0381266184071483,2.1638240935110598,-2.2338633021853966,-0.6523556762712021,-0.21440133993967084,1.0420297271298422,1.0729832143085245,-0.7839154968124816,0.6429446464954385,0.15215961680818554
B0028,19,0.8808928695422013,9,Healthy,-3.3712074964167904,-1.2523889018705427,1.1804804050331894,0.7472164666879682,-1.3006394523012292,-0.7727943166520407,1.0006075165134989,2.3251756436662196,-2.1566554925810975,-0.6759368434928205,-0.34659913358407063,0.8522043731332837,1.0346876887495826,-0.8826169675931218,0.6586364550842326,0.16023885113817626
B0028,20,0.878853051785105,8,Healthy,-3.4033112344214054,-1.2127299642051905,1.141706741498584,0.8039696148081578,-1.2180511764680828,-0.5634800308832745,0.9077011429782932,2.1628963667388263,-2.253772671822665,-0.6191863077214735,-0.3475462104616437,0.8322748586968894,1.159195374722132,-0.5837760642235782,0.35004388755329086,0.14974714750240903
B0028,21,0.8759687980300628,7,Healthy,-3.4794841023790917,-0.9263415667237133,1.131172822917563,1.030461623983085,-1.0459392755866832,0.10142209299799648,0.6586431423053973,1.7443982661513968,-2.626243758438934,-0.5538729654659585,-0.4706769499161607,0.9869318653245523,1.757268582297772,0.13660695437117534,0.2446515394633156,0.17326192137680146
B0028,22,0.8760622017916088,6,Healthy,-3.3385855404139018,-1.210601794229686,1.0952665718374128,0.7714500703393461,-1.354569199138072,-0.46803552055079295,0.8680935854194527,2.0825380992777167,-2.2833786304018364,-0.560389593401628,-0.3448453051020501,0.7710929524243089,1.092169338391673,-0.3327084660901454,0.3526163638361297,0.15398319896582513
B0028,23,0.879885706699482,5,Healthy,-3.475101516542244,-0.9048762747928232,1.0611835537271603,1.043067558751851,-1.134995235060087,0.27953615452817343,0.5795757506517949,1.556325118023883,-2.702172544017809,-0.5126449106973725,-0.39034734386131337,0.9705358223600297,1.729443910945836,0.5105489601705262,-0.05339637215356857,0.16259784527035714
B0028,24,0.8741505660162094,4,Healthy,-3.488709302307664,-0.9471244128566797,1.0311361948782507,1.0428541664142004,-0.9755529165908475,0.2713317530695794,0.5666368294381904,1.596075639079095,-2.670108858846393,-0.49997915237864865,-0.47541022496812224,0.8679991330418827,1.7588919343068556,0.5032305351774911,-0.22877560663248733,0.15029150425566107
B0028,25,0.8705741313918118,3,Healthy,-3.422794938682867,-0.6510603393385175,1.1852683803938568,1.1659164116968994,-0.9015205944254532,0.38113797558057677,0.570304635063174,1.6266219991278792,-2.7315934500514873,-0.5929551794466804,-0.6492445128591038,1.303834803313565,2.3394099680264926,0.29065617499864554,0.9034043393334545,0.22686130180585662
B0028,26,0.8681916658155588,2,Healthy,-3.5977869790050043,-0.8875194702339122,0.9317483055382826,1.177048255977294,-0.7456344382866202,0.7331625299713653,0.3553457971789181,1.188425777975234,-2.8974935488611733,-0.36246203502217317,-0.3976789988642847,0.8475588822375762,2.000630638443119,1.1871733342376085,-1.0953391872338853,0.11592283175246547
B0028,27,0.8682795331347635,1,Healthy,-3.3743579690434564,-1.1526232472376492,0.9517021200666628,0.8527772238751214,-1.187300922298723,-0.0816629911640384,0.6848101409589656,1.7413893059098315,-2.4355577537037463,-0.43618139444156406,-0.321871677119325,0.7195358646923602,1.2641999749493034,0.3347582421648437,-0.289967872919823,0.13087729501715592
B0028,28,0.8586167826147622,0,Healthy,-3.616253441055111,-0.7755844138999285,0.8487936628716162,1.26841792887009,-0.576579961118505,1.0741938489229947,0.20459499449636812,0.9523971878306214,-3.032983109819659,-0.7935525441966217,-0.5125460794531511,1.0085830434017644,2.1828665889054424,1.6522229659642844,-1.0976178441614768,0.1313068743483388
B0029,1,0.8487536661028815,39,Healthy,2.3620185340909248,-6.628553149133421,0.296527136359551,0.13344620343399707,0.05133671101098538,1.7994026904183948,-0.6216432520175906,-0.37280378648733536,-2.3340062331456344,-1.3791608837822487,0.7439951966631658,0.3438649253470415,-0.4655512421303105,1.007257849532833,0.5533974216501871,-0.03605000986884185
B0029,2,0.922350603480587,38,Healthy,3.082377123888726,-2.45014530468598,2.3024404977615283,0.39574315679999517,0.291863999775045,1.5961886207069864,-0.961536759398457,-1.7167101794439028,-1.0612858856790965,0.5517833125359548,0.5535769374784636,-1.067216150717619,-1.5198904023867816,0.7215274503372133,0.465044903762786,0.1907146094927478
B0029,3,0.9127188337361464,37,Healthy,3.1257350958247097,-2.37821926823438,2.3798028025679443,0.416395020790299,0.4616243905366517,1.544427732077329,-0.9382797884073296,-1.4994265126634374,-0.9842263545250616,0.37461613342681144,0.22200731285996128,-1.1065290004687638,-1.3322086855150994,0.4707902033641769,0.9729162417683962,0.21154273775110777
B0029,4,0.9078752149567184,36,Healthy,3.063048339790153,-2.4978509255127483,2.335925483179804,-0.16588285602528144,0.36350868401746295,1.5283401206632392,-0.9268235749051588,-1.386428039368213,-0.8347558582340235,0.38278095910056203,0.33871545847187423,-1.2082642597641695,-1.5102074834802843,0.2888018426003282,0.691996514150896,0.19986406439118037
B0029,5,0.9066496668563514,35,Healthy,2.885384025374211,-2.033744608162765,2.3710519236758523,0.25408813140370506,0.7489547220875391,2.7183069104861604,-1.38866208209936,-2.164030817681653,-1.4878584184707735,0.4956719406828402,0.1770184358140615,-0.9574075686916519,-0.4721274486208401,1.5726594722670821,0.15564172970906207,0.2125131064354069
B0029,6,0.9075823809830288,34,Healthy,2.475513812864726,-6.280656182101518,0.6110705909282649,0.825425212351957,-0.03543961760747068,2.161246521388788,-0.7207011465427154,-0.5456187927334227,-2.733318218979317,0.34547661631499454,0.4592914486606936,-0.09368234324149656,0.3286497197745091,1.5984510489552048,0.6457467345203558,-0.015512228251046953
B0029,7,0.9071658977595028,33,Healthy,2.9823297701482647,-2.5868738515602727,2.29288584453669,0.4405900336238973,0.6338450438314813,1.6527666620340178,-1.0244589524612506,-1.7035773564966845,-1.038032036641045,0.5089546326458971,0.31666613613997546,-1.1929174713593471,-1.417350584238954,0.8396285198642415,0.18155163164735788,0.17254968267473866
B0029,8,0.900671800904933,32,Healthy,3.113274095005147,-2.4293177405283153,2.384374768318289,0.4311560176199317,0.5027622002729025,1.5594614337487718,-0.9486835449301196,-1.5359408979532325,-0.98078089897629,0.4207373049399321,0.1534074557654355,-0.9927139032998981,-1.2230022267077456,0.5614091292612391,1.2241166123366902,0.23641037686872587
B0029,9,0.8940779401472913,31,Healthy,2.9867207965738594,-2.755405695731169,2.333524813445707,-0.220002513712046,0.5365538948790934,1.247175934946462,-0.8528378832390716,-1.2824024153540141,-0.6537704408183195,0.4016208371910751,0.37978231211145236,-1.1942683835573564,-1.680496841898727,0.06300412435724823,0.507210362366588,0.17923905105066407
B0029,10,0.8880357302269759,30,Healthy,2.895157781610109,-2.43717428044335,2.3758399186143975,0.04483830016834293,0.7631914054480411,1.969475328040452,-1.1260921270739839,-1.73615949364565,-1.0477440210186515,0.44305262600945355,0.2535509831854901,-0.9730970102521628,-0.9905489515475566,0.7986291079429808,0.3850628546472458,0.1999453900053876
B0029,11,0.8926403723798721,29,Healthy,2.544257329905133,-6.246793495474695,0.6200822814662468,0.23346421478423712,-0.28578355742993855,2.1644960360411156,-0.7108115345955636,-0.40338595824664775,-2.5256325244675186,0.43807360518564936,0.4394900312357465,-0.0909356708594313,0.1784701248910766,1.399291764700572,0.9477057690293985,0.014928294282249163
B0029,12,0.8849058200555989,28,Healthy,3.035571832409558,-2.4566212508738534,2.262444752076374,-0.06401647606687848,0.4524099806704728,1.8959571830426118,-1.0867723413670407,-1.67125215888263,-0.9893451857364691,0.47184868800258123,0.2468382711260605,-1.0998707928112343,-1.2397287950333173,0.9120612759825049,0.5641844449691222,0.2173730405052842
B0029,13,0.8782615840260879,27,Healthy,3.0883806844430906,-2.706845467710088,2.2310573499030433,-0.24955707131712282,0.3752753521081491,1.3632533701308884,-0.8976432331804065,-1.3566076649480037,-0.6777300265125531,0.44222327577147014,0.34348954919238583,-1.2598753365143192,-1.734120061560575,0.4014982913473919,0.5095627406907756,0.1914769447291629
B0029,14,0.8771706638674077,26,Healthy,3.077610320767392,-2.5099568977291176,2.234565769176558,0.44335930375365495,0.6416697934207056,1.748983715655975,-1.0727212224041338,-1.778311732733272,-1.0176774741480274,0.519017929426094,0.2544822833910858,-1.1673957936269284,-1.3426244026372756,1.132936991353967,0.18725701325028374,0.18038732189766812
B0029,15,0.8696437753499358,25,Healthy,3.222254289386615,-2.6172380809357354,2.179723789076998,0.27007618144282086,0.3596780770578645,1.348521535523392,-0.9038419784222462,-1.4871946155852365,-0.7866016192708045,0.5019400941255805,0.27181517991181936,-1.24550947576831,-1.7224708945102374,0.742711185986186,0.6486598342481724,0.1979294084100515
B0029,16,0.8898922554665673,24,Healthy,2.653875404660036,-6.801042357179763,0.5399128226083696,0.4133128277703109,-0.216535807471855,0.8745367303705496,-0.2603264421672983,0.20507830677610486,-1.9234203573008326,0.1920341307241178,0.6641187920790798,-0.2044335499863389,-0.7088534344347907,0.41138765210880646,0.8823170959724171,-0.049560250801898284
B0029,17,0.8828544254232601,23,Healthy,3.0182634945934383,-2.526095971543407,2.3204001618571235,-0.11157920377641685,0.7555131388581527,1.4764748308455327,-0.9647006720614693,-1.5035702409808962,-0.6862292941947382,0.4283934191760668,0.4327508298243386,-1.1155194859597923,-1.4190165117728664,0.4748113731007722,-0.032087866990697565,0.1454297423865788
B0029,18,0.8761970704362084,22,Healthy,3.1542889453504652,-2.4273920170844225,2.2726306712065107,0.41124510931764746,0.7280577554329491,1.518185038751846,-0.9917125347639617,-1.6415607864073478,-0.8286155817359997,0.5000033892997264,0.3163062421866436,-1.1727495678218132,-1.392715371950747,0.8866214167814056,0.08410259167749083,0.15271830839353792
B0029,19,0.8690095612801552,21,Healthy,3.0282224757514893,-2.3031592952322733,2.311944703987982,0.0230904212902805,0.8112836486434567,1.9286735468411986,-1.1320053582192606,-1.7461769622178474,-0.9095568787933438,0.45627559647935917,0.2968697545077037,-1.0254634749586573,-1.0278314956679493,0.9943376998763742,0.035879375950280144,0.1700743089030783
B0029,20,0.8656107221571988,20,Healthy,3.197353264536962,-2.464477437552042,2.3150390181855203,-0.2049802464380389,0.5269998521257131,1.287483334117434,-0.8674685971876924,-1.2919529448633642,-0.5455346293437113,0.39027236568774265,0.3260979555065708,-1.0819614706354301,-1.498404036552666,0.28120713887769333,0.7238439503872488,0.1904136541801106
B0029,21,0.8689564492632904,19,Healthy,3.1080648315403145,-2.651022068150658,2.1630570275727985,-0.19830000376248766,0.4296071329755826,1.497080220936743,-0.970914383833712,-1.4829242580113522,-0.658179571287566,0.37035040569970273,0.3426085350905769,-1.1381718229222373,-1.6458477856114302,0.7185043116218697,0.3343931453016741,0.18807284085783849
B0029,22,0.8612135341812941,18,Healthy,3.249989302994331,-2.3714495230533923,2.3811694612508494,0.35217035102844974,0.8406540411945593,1.0829257237042709,-0.8217547654292806,-1.3348653584283647,-0.5250879851615587,0.3756392491660671,0.352343939226276,-1.0060517847879848,-1.4261692180236023,0.25916674822690416,0.45032607079363685,0.1455921786250983
B0029,23,0.8592106882804017,17,Healthy,3.2283302259697115,-2.431182890179213,2.2366531138572836,-0.18735755880174856,0.4962920551665537,1.4699365473285535,-0.949365157217777,-1.4225226096839552,-0.6070435810798821,0.46367124569681173,0.3080817007187224,-1.1626870522973842,-1.4802979298474996,0.6438858864548096,0.442537241424563,0.18268916019214473
B0029,24,0.8505110465324116,16,Healthy,3.3200261026776565,-1.9604508720140463,2.487768658195883,0.5482926645270148,0.8418184160731528,1.5941870528262345,-0.9741018690009488,-1.5448908260287493,-0.7952739712170039,0.33097333541178525,0.09771581024096972,-0.6425769130199205,-0.7056905148751161,0.634796804824139,1.3700195728372342,0.2275910881346903
B0029,25,0.846849369781552,15,Healthy,3.2617805466822323,-2.3414498980356946,2.3308373151244606,-0.19202643079203127,0.6524341501845878,1.2378155859054187,-0.8577610677614868,-1.2688588258849764,-0.4537737912237043,0.3674309626132581,0.35096313997095996,-1.0308496395492566,-1.4172123931997969,0.27350845927239736,0.5613596428879952,0.17038480593303162
B0029,26,0.8565363606433525,14,Healthy,3.1725952226551235,-2.2471299136405527,2.3871131047569536,-0.0652597560834084,0.8296111154380535,1.4189899333650926,-0.9348090030823382,-1.4120984198026894,-0.5251476825878632,0.18734960703400488,0.34576850089341327,-0.7720722408150646,-1.144701431724514,0.35679932634400685,0.584414723495633,0.1745247151287862
B0029,27,0.8488486344283566,13,Healthy,3.2717372866588152,-2.3436963996168574,2.3454065991965547,-0.19270545765234387,0.6911709307574387,1.1804753443210758,-0.8378165847572491,-1.233363730502234,-0.4083063691962981,0.35060321106530734,0.3307802905036354,-0.9991387859205516,-1.391640686943799,0.20686526941636801,0.6057879539440624,0.1697063046744555
B0029,28,0.8449657017030604,12,Healthy,3.302350831615263,-2.2019274857226905,2.196278211090222,-0.12101932337205783,0.5557245888399368,1.700183843945495,-1.0399580298234983,-1.594167046792325,-0.6839834390919681,0.49419967332171766,0.3042959024277812,-1.1319083687977756,-1.2635355436995996,1.0339811061584585,0.17881229924811384,0.1722140051416066
B0029,29,0.8425117756835345,11,Healthy,3.266199040634311,-2.2003125152425036,2.3922191124644754,-0.09510433635994586,0.7971163292211574,1.3775634817905027,-0.9091647900302807,-1.3367449749015055,-0.491966857815415,0.33336430858784527,0.25166733542850483,-0.8361156554559845,-1.079525107790479,0.34709892260104125,0.7915655128806586,0.18791971785233214
B0029,30,0.8391949827317025,10,Healthy,3.3738068125524254,-2.3598478374587444,2.323089976370955,0.29219738872729323,0.7705725313660389,0.963820895344749,-0.7825788635481093,-1.264739010258119,-0.38641582073373376,0.39214458108510586,0.3134088713497076,-0.9963615932085917,-1.489120901175639,0.31256358338477075,0.5962690699793233,0.15508204651979235
B0029,31,0.8368973747434163,9,Healthy,3.348404559423565,-2.2110614429201116,2.2838900667711854,-0.1568065880976109,0.5949599613299933,1.3825647638616625,-0.912804572585921,-1.3646262059293937,-0.4667128521600151,0.2964425811660495,0.2938021595239566,-0.9037478802987893,-1.275876219988717,0.5466675294342368,0.748113545090904,0.1916966542814924
B0029,32,0.8343949463942358,8,Healthy,3.476092028577384,-2.2115488545748194,2.346340762542583,0.28044272271150406,0.7196240766784753,0.9204050516982127,-0.7484695290400666,-1.1874543080489073,-0.34015271646641204,0.3520111675233051,0.2838808902156783,-0.9299148738455367,-1.4099860825692585,0.2506922636612449,0.8404422886422764,0.16652829636903455
B0029,33,0.8246283153315714,7,Healthy,3.4154484789061184,-2.2039422398680597,2.291113337714281,-0.22349833964833532,0.6073771680159159,1.1761881086920292,-0.8328068242044074,-1.2091231252890051,-0.33637523989057266,0.36774056183017345,0.3195799548865333,-0.988692464834721,-1.374379447707206,0.3543725367372956,0.6304704526931736,0.1723051732544408
B0029,34,0.8204838378519834,6,Healthy,3.545922233739761,-2.1411202149918256,2.349081311109094,0.2775543602812471,0.6396394193239192,0.9418215847261121,-0.7458962700726842,-1.1617155669431598,-0.3292161946057815,0.3446284980683023,0.22038630566628578,-0.8791041336386065,-1.3446947453490232,0.2826816536182788,1.1488288317896886,0.1894065561909523
B0029,35,0.8228180114878546,5,Healthy,3.547323734020754,-2.379276683312182,2.3343684177645843,0.1369022637758755,0.6488391247271126,0.46362659441387627,-0.5824136692823845,-0.8918280508966476,-0.04629885156198601,0.3247424003141925,0.3332250273807009,-0.989387984671434,-1.7536839104622466,-0.2136659793137923,0.9779076975835034,0.15604739097995307
B0029,36,0.8272738717870185,4,Healthy,3.4428375661257116,-2.084196587739887,2.172226507655469,0.4012543817789857,0.6935956972316975,1.513253418593133,-1.0034150703755125,-1.648085148957353,-0.6047250030626599,0.38408636451684264,0.31685600875914066,-0.9878470322799661,-1.2731409920082357,1.234597567022566,0.07787475877784004,0.14901692523068902
B0029,37,0.8230600760438773,3,Healthy,3.425563364325608,-2.069063426235038,2.325217260565916,0.3959623486778211,0.9322509460262695,1.1767323213909753,-0.8649029145862446,-1.364395151312739,-0.42601042249661314,0.3770197293206288,0.27983026225830326,-0.8532171020709393,-1.147520916851812,0.6037881342526604,0.3244471133369658,0.14041658219845027
B0029,38,0.8137559594075882,2,Healthy,3.348460006220937,-2.13004580657455,2.217987107500455,-0.10310660896157776,0.7664470895451138,1.5723441659443487,-1.0145612084443556,-1.5129003352907433,-0.49831091050763143,0.4471824096685792,0.30168966710988765,-1.0099624186070524,-1.1562268523148522,0.9799591241076266,-0.02691360430920941,0.1482711200799319
B0029,39,0.8100265266732248,1,Healthy,3.5130712014597516,-2.125371280350352,2.242169507065813,0.33559359772858827,0.7047242589478077,1.2145820119357655,-0.8806255663637625,-1.3955113260081495,-0.421079270665498,0.4535321486381676,0.2469387505323785,-0.9697642425558162,-1.2955827184856619,0.8272515754578941,0.478221444846885,0.16133118501960841
B0029,40,0.806039905855967,0,Healthy,3.4960472662751774,-2.3304384977077146,2.216932066564269,-0.3291226663792154,0.5396164243108569,0.9009143718087126,-0.750460423064024,-1.0520910070736067,-0.09388167549535957,0.39226509979180024,0.3627701225991776,-1.070534855903877,-1.6563654488639517,0.2423348619161071,0.4932010104251401,0.15424526000617517
B0030,1,0.8280353048087702,39,Healthy,3.0961327944801353,-2.340808428560745,2.1735120915922788,0.5059056109369008,1.00794582125921,1.7499315435659746,-1.130930898970497,-1.8597562056158468,-0.7751860301411195,-1.6145853171988167,0.447718581964603,-0.32728972769622433,-1.4981613004272751,0.6317795903343832,0.21021304174463265,0.14108737516199105
B0030,2,0.8907774374754558,38,Healthy,3.232422593602961,-2.320291752219472,2.5060803099243554,0.3072262342414562,0.7086772387372661,0.9288295041411292,-0.7313102443008288,-1.1775647968766576,-0.4854209299104158,0.026545839417401098,0.766628709975228,-0.7784730039507528,-1.5800586588217005,-0.43364819585801134,-0.062009682144584764,0.08680517940103234
B0030,3,0.880984613911459,37,Healthy,3.2426735586194466,-2.1528547118592973,2.534375803794693,0.40759521502602936,0.9196948695865031,1.1748462534962467,-0.8251777546511917,-1.162985647535949,-0.5767051490156917,-0.08525366120469703,0.41875484570235033,-0.8330428584758989,-1.2320293251706713,-0.30134366580855526,0.1737621254742459,0.10323415903669265
B0030,4,0.8758775159371125,36,Healthy,3.2875543539185488,-2.3375477579621506,2.4148850770485177,0.2677812832721996,0.7949487631088056,0.9731303745009336,-0.7715754119334852,-1.1122701487055633,-0.44992020141609246,-0.0072027357797280235,0.5618630908395245,-1.1084632847234124,-1.6774095000052385,-0.2489085149774506,-0.37774912446213,0.06317962007530521
B0030,5,0.8690844035181038,35,Healthy,3.1911990097444423,-2.129522539212582,2.5020955463117307,-0.09639639512470281,0.8770105887032976,1.4060375619265486,-0.9061154104462026,-1.1978774578194633,-0.5490210500686076,-0.06885738222156233,0.4871269183747088,-0.8751796225079164,-1.1766405679114749,-0.19848117883482344,-0.11588675886437506,0.09976699088439404
B0030,6,0.875337264673067,34,Healthy,3.2702159801394255,-2.3918813718958774,2.4105014903657582,0.3209759910199738,0.7658200360740851,1.1234964328778512,-0.8423638681094582,-1.2656027246687152,-0.4891784178379864,-0.23206286008492166,0.46731958905062804,-0.938169848171277,-1.5946457458337602,-0.06805254928974891,0.11149345842153643,0.1062473046510829
B0030,7,0.8745523824530579,33,Healthy,3.371142234253232,-2.3398047262768933,2.460027219349814,0.2474255371739983,0.6815126139048826,0.9106751357160258,-0.7399653892163381,-1.076728052516372,-0.3859634456926411,-0.01234349608719124,0.4818972484224049,-1.0231536660216796,-1.6362615347093998,-0.30921571831359,0.27640083166724905,0.10641188630870298
B0030,8,0.8626272014382738,32,Healthy,3.2508243253984497,-2.0539459588682623,2.5439917115422475,0.48864714428282807,1.0538990975388476,1.3957030783444286,-0.9265823244543383,-1.3536577656164037,-0.6417794337323458,-0.02486667856115881,0.3899217365821705,-0.7595450781888672,-0.9987713277750552,0.044996475531994415,0.07421670008387535,0.10412147404315376
B0030,9,0.8556310683822126,31,Healthy,3.179070692398654,-2.2580684117351573,2.4982169864693606,-0.1386549373665506,0.999589399269622,1.1990144517336239,-0.8552437925128025,-1.134764114514317,-0.3861253048663203,-0.053952219142591566,0.5445659451196129,-0.9011675394741343,-1.3186730905050341,-0.3479372846058673,-0.30288287182324836,0.07584691229419306
B0030,10,0.8495209196355636,30,Healthy,3.271782676340565,-2.1453058339810935,2.4881453286989696,0.4163947555476695,1.0735169955001351,1.2170475073634253,-0.8754115670691512,-1.2891266814656122,-0.5212846805576431,-0.032233854983819844,0.466211827703364,-0.8512127248953539,-1.2209550185701492,-0.0293376881430916,-0.18875580021617347,0.07886844899238481
B0030,11,0.8592885019766489,29,Healthy,3.242950905318262,-2.1690525827885088,2.448452557749509,0.4591214163932686,1.031313149353203,1.426169045114844,-0.9697983936370349,-1.4839586419316595,-0.6137107954785348,-0.09846125960482359,0.4773563993440396,-0.8262230309314609,-1.199201997304824,0.3189464775363479,-0.3167272090244211,0.08470237607112209
B0030,12,0.851623614609335,28,Healthy,3.3495261554288853,-2.162977925407134,2.475166651248884,0.35395478547092923,0.9342838586495589,1.1165219693636983,-0.8315631746363367,-1.2171471785411148,-0.4521272442193575,0.0023128648786504696,0.4676278656098205,-0.9009854665023902,-1.3388125742608326,-0.04242582513840022,-0.04888214149381692,0.08787234189086084
B0030,13,0.844729022331152,27,Healthy,3.388991337045221,-2.17655439424396,2.4927541025944078,0.3177431834100296,0.9266216137026672,0.98454296636483,-0.7788081655474106,-1.1147523575865455,-0.36575520499702385,-0.021165698716637066,0.45247000787669184,-0.8889863199829231,-1.383907701451917,-0.20728677046131952,0.1212081163609785,0.09183230744603413
B0030,14,0.8378068146359589,26,Healthy,3.3104726553228163,-2.039198365901971,2.508924304867848,0.45849625606637046,1.1198391775349457,1.3179591953200598,-0.9139828794682525,-1.3411423962381743,-0.5388286282956865,-0.008017684441626878,0.41312268420323534,-0.7704537052280848,-1.0479259314011802,0.1233709807597122,-0.08658155519655779,0.08945408770539535
B0030,15,0.8359203570435827,25,Healthy,3.481368167064785,-2.1786550124907227,2.4474733318287503,0.24127054168687206,0.7915060929549476,0.852109574527429,-0.7220856378417079,-1.0330440550961382,-0.27975031996676997,-0.013991438343114742,0.46632589768274235,-0.936134929958256,-1.532487201434912,-0.2497447402801771,0.2850401247224906,0.10014818632826877
B0030,16,0.8616528340602223,24,Healthy,3.4400606152215527,-2.476196943059124,2.44895452503471,0.18188234429721606,0.6566521303655037,0.6064106983805884,-0.6451719696866698,-0.9473410746171255,-0.10973633966855784,-0.32385530800385753,0.4494880427934381,-0.7753061190930083,-1.794565429357062,-0.5508722660982985,0.8906197573695298,0.1376068408436223
B0030,17,0.8546036452536415,23,Healthy,3.468324312151949,-2.126051784401775,2.4434820173726237,0.3191335450962109,0.7069975857518168,1.1319819659414163,-0.8261378026998865,-1.2192558628526318,-0.4239661061728853,0.015655782208212503,0.3924674195560021,-0.8718579366786777,-1.3474412497371249,0.12557580690881753,0.43154781221226046,0.1295031803769077
B0030,18,0.8420008671722855,22,Healthy,3.382776556347166,-2.0892292849360556,2.4481136200506173,0.38436463432423496,0.9689206096384861,1.2052672677019232,-0.8726075757741827,-1.273605116657738,-0.44968495480153725,-0.022470872078111014,0.4145937076072753,-0.8375838149372525,-1.2308448251057402,0.1810749344102711,-0.054863331141049985,0.09415569463993553
B0030,19,0.83449349406502,21,Healthy,3.372410916497774,-2.0386173300302097,2.5207043038376407,-0.14088772349637335,0.889007946323826,1.1955680259009172,-0.8328288887421439,-1.0667240035471424,-0.3025096509795105,-0.12114437041937509,0.39208000970989365,-0.6921637464102192,-1.1029237114039956,-0.23930918013170185,0.4645487192768417,0.13020480212595137
B0030,20,0.8310344681418571,20,Healthy,3.518167377841046,-2.0151435310324604,2.358045699975924,0.3260475894958404,0.7409007978895866,1.2763740646246982,-0.889510092150782,-1.3179591718228165,-0.47222048935822597,0.0058500216051118265,0.39750664218409615,-0.9341198757937588,-1.3235231301631611,0.4619890394655936,0.0703680711986841,0.11196357805519055
B0030,21,0.8343524812624087,19,Healthy,3.3072826703315683,-2.0046456067300276,2.4367563709205755,0.5058007872773059,1.1605425773272868,1.4789960210678708,-0.9972925599415216,-1.5004238755821337,-0.5562119110722092,-0.12314458240460002,0.42386366317116125,-0.6674416349352481,-0.9848189276665879,0.5108795868403152,-0.35991427410976673,0.0836189682573781
B0030,22,0.8263810917752314,18,Healthy,3.476854024540354,-1.9722468520170082,2.489846104736104,0.3592176873050746,0.9606984931931184,1.0369796778059461,-0.7894157965982438,-1.1101353350236565,-0.33039650797282655,-0.08270837091767053,0.37614741963053794,-0.6761973217074706,-1.1465293184828222,-0.051638729785791516,0.3727024272895424,0.11286452657620635
B0030,23,0.824240683117622,17,Healthy,3.325416777463574,-1.9712634455198055,2.4849448824252662,-0.07804828653811141,1.0817754774701818,1.330439348307213,-0.9030501744023847,-1.1744993819603633,-0.34108741019816585,-0.11625922189072217,0.4197495730752401,-0.6487938690515105,-0.9773947562632013,0.00014829254842188013,-0.051583526511271696,0.09980743042836304
B0030,24,0.8153703221566048,16,Healthy,3.6081472858381916,-2.0865149670409084,2.47438450827664,0.1942275466202301,0.7897575323991187,0.610891503024192,-0.6211924193534775,-0.8204070995888963,-0.07239532867245076,-0.1185887920720786,0.40443659416730704,-0.7552729852247103,-1.49157899340936,-0.4542500318550843,0.6983041124052579,0.1175776063806514
B0030,25,0.811615115089645,15,Healthy,3.496194167385378,-1.9593018614244415,2.403825176675357,0.35958256758551016,0.9534247980925272,1.1772387727924107,-0.8588983158581968,-1.2400852241794007,-0.37991035982544297,0.010521350933704994,0.4000953312410505,-0.7974916867963106,-1.1811206413897704,0.31606351070102,-0.04339606274692379,0.09508618943554244
B0030,26,0.8270953270197196,14,Healthy,3.424539508533291,-2.04658015924336,2.469755743703715,0.3684224460237041,1.0925101862375777,0.9497237568316604,-0.7812988201815172,-1.1159927332843382,-0.2318386547445897,-0.23648189982999074,0.44362996479501826,-0.5553267439600187,-1.207886813091345,-0.09355020756271214,0.12838633873859429,0.09219618449355982
B0030,27,0.8192571983084925,13,Healthy,3.5179677060818406,-2.099700939557004,2.4948308068625042,0.2624358813585397,1.0096898492235833,0.6431912459158999,-0.6519026762540543,-0.8631763425618652,-0.06719461432693832,-0.10997345051446522,0.4031824695148285,-0.6801114487706619,-1.3631196773689638,-0.445032678570475,0.4178418303313439,0.09703219693022117
B0030,28,0.809423836678809,12,Healthy,3.5741075921496464,-1.8414893741601719,2.451641856012687,-0.18759353587178917,0.7085516453580214,1.1936620733395094,-0.8125028373284832,-1.016991318657266,-0.24132556169678912,-0.10154221940359133,0.3159687010610524,-0.6380463836799295,-1.04135560950305,-0.008494271260663325,0.7948689227345805,0.15857924463843928
B0030,29,0.8067106133875702,11,Healthy,3.5057735546779467,-1.9244944692029857,2.4938156427939555,-0.18109859666274147,0.9026517474823821,1.042012107974959,-0.7728436004800019,-0.9379404627265301,-0.1347941430183143,-0.1772030607673298,0.34690995661974294,-0.5678590058810952,-1.0609709482511895,-0.25593108179567275,0.6490178268247679,0.1367639861483664
B0030,30,0.8033221800880993,10,Healthy,3.505108173119668,-1.9926344829860834,2.411743359385644,0.3391859301548162,1.0540989142202768,0.9893732613285241,-0.7985703099099852,-1.1311397621039863,-0.2301473401769299,-0.03253633182458711,0.40689629602941774,-0.7130494401386234,-1.2088068066352113,0.12656069110961524,-0.02084200910404359,0.0868323578982151
B0030,31,0.8069193938469499,9,Healthy,3.4760789869351973,-1.9026704314408176,2.3571709787241097,0.4251029991768093,1.0642379767992185,1.343269048204087,-0.9429073899688311,-1.3969486845255439,-0.4110408752009979,-0.060970100209798136,0.40705389469753794,-0.690119398474969,-1.0545053016876291,0.6448795742409726,-0.3307084697201847,0.0851485571892638
B0030,32,0.798164750663637,8,Healthy,3.567168887864714,-1.8718212049215286,2.341767401553268,-0.18678291637173422,0.7228758247149053,1.3464550275790261,-0.8993305698828249,-1.184982326521866,-0.2816816543990711,-0.005468605876583775,0.37781016643204113,-0.7872145136385564,-1.1271824015286878,0.43870571017005106,0.13366165938872543,0.1262734089058654
B0030,33,0.7945392933703495,7,Healthy,3.742999386455129,-1.8026819155973317,2.353651817085477,0.2825244314918297,0.6599017939075429,1.1189901807594522,-0.8120139697268826,-1.142551846205677,-0.2776550384605612,-0.009443679336432113,0.2793933506611485,-0.747148875224605,-1.1737487667854418,0.44402797413642564,0.6469579508428352,0.14549289718626407
B0030,34,0.7902740716154787,6,Healthy,3.753279930282515,-1.988340897454217,2.327539881511079,0.16635014580801444,0.6438286408446279,0.7716846622672404,-0.6956225851315125,-0.9557480381281178,-0.07041323814474192,-0.032538206577261856,0.3710186872384171,-0.856962714874652,-1.5154084865028694,0.13425188140262304,0.46486220544454554,0.11872010275868472
B0030,35,0.7923065527135404,5,Healthy,3.6246654190902716,-2.0625176590942527,2.373921434077125,0.2290199665991178,0.9134588485868183,0.7656201824801673,-0.7193138299832799,-0.9908077140443102,-0.05073488050200981,0.005802849111060319,0.42143691454302346,-0.8074748314566468,-1.4303757964463362,0.059148067481101914,0.023642518626960488,0.08408162874125398
B0030,36,0.7968325610610368,4,Healthy,3.671003242600753,-2.013276134071944,2.4063984668869365,0.22283387297256357,0.8200221027915703,0.6839360031856798,-0.6706149081907093,-0.9208365237970627,0.0005409779463750818,-0.18641608652500577,0.3977440808082106,-0.6082200412114165,-1.397039771457237,-0.09840187299933717,0.5549929696164885,0.11707152763506146
B0030,37,0.7924937063480444,3,Healthy,3.564903819033697,-1.8200844804924932,2.412869175055537,0.39152442682789024,1.07741038918725,1.1074191726005123,-0.8358581377803008,-1.1587805985216468,-0.2427759596210456,-0.06996206778874159,0.32310136527800154,-0.5546442387060712,-0.9713260268805702,0.3378307051128521,0.1066772250086086,0.10225119589276774
B0030,38,0.7893532484708231,2,Healthy,3.6798310413128594,-1.7789421489898407,2.432777395914335,0.35992075087181075,0.9062402662318578,1.0990040656623503,-0.8175223814912277,-1.1197507091031769,-0.21944749616348702,-0.057769549655480944,0.23004156961535202,-0.553800019209633,-0.9462373950093866,0.3375655600048161,0.6604654035835359,0.14123988388701494
B0030,39,0.7853527580484835,1,Healthy,3.60651212082085,-1.8002320666497242,2.389784931835427,0.4064508891354267,1.018355897359363,1.2457609153414468,-0.8949773401465504,-1.2724422840834344,-0.2898220868424268,0.01338695891375481,0.2919623570992202,-0.6004126808227565,-0.9172616718947707,0.5935027729760245,0.12523351690949203,0.11283437199093177
B0030,40,0.781390202214241,0,Healthy,3.73538940274776,-2.0752289848918304,2.44145298148416,0.14627615267485017,0.8558996395212461,0.3711547919894722,-0.5527181977353144,-0.6812625364589583,0.20808102334181297,-0.10776103394117564,0.3619679965358485,-0.6363347370676915,-1.488585189339014,-0.4570388910312857,0.7474209591770004,0.11360418035333557
B0031,1,0.8333375971262886,39,Healthy,2.835214355761595,-2.2619653269715045,2.45529222198338,0.7229678121118331,1.7400776741351338,1.6696397777360081,-1.1202299574187728,-1.8444905802445013,-0.7322749357988243,-1.899511271288526,0.45374615972243054,0.18875980218467764,-0.9432198378492073,0.08746127737754138,0.18172107556001604,0.10949798684685946
B0031,2,0.9164291814771586,38,Healthy,2.724869920068345,-2.3500209699092105,2.8301220107922527,0.20830086191292135,1.4146874489348669,1.6031179419126753,-1.0122927540796114,-1.581927042772851,-0.7490229601967925,0.3316580730325244,0.6852519209835886,-0.41526195919507947,-0.5506917473053737,-0.3886174656081291,-0.29344694381786185,0.08822291243832066
B0031,3,0.9069917501472567,37,Healthy,2.7261235661446723,-2.397745308762888,2.769605455293564,0.2174514758558992,1.491079515376844,1.749534165686124,-1.0874471760610418,-1.5634662351998305,-0.783915505535928,0.2921603105103379,0.4008997843611759,-0.6799644987377953,-0.528039944184464,-0.1748741045014628,-0.342835365966424,0.08959605480615679
B0031,4,0.9022193666757418,36,Healthy,2.7917049269863496,-2.384315794828828,2.7508060576329587,0.7357815891155068,1.597801104582163,1.6460925367345698,-1.0744345449228108,-1.6791783991219962,-0.8497335198749492,0.35370212462845957,0.39578281963030043,-0.6997223306960348,-0.5741285734610451,0.04894770837729878,-0.48464561554182994,0.06984563415293685
B0031,5,0.9010738421456476,35,Healthy,2.7565996727449806,-2.42084936203185,2.7505548966883104,0.20370612256034723,1.398102580944453,1.7774127054620013,-1.0947007865811478,-1.5907667945514656,-0.7963616216945342,0.3306680390164901,0.35555846091933074,-0.6664765162114745,-0.5245843825206972,-0.0653240782326442,-0.06512681225337745,0.11530700440371586
B0031,6,0.8857823754899418,34,Healthy,2.8901450191880196,-2.4121155132894168,2.5416409418581694,0.620389331590779,1.4358825215677815,1.525157781401451,-1.0408691115886948,-1.6497876673297904,-0.7290594241704758,-0.44617577428255667,0.44717949514835703,-0.5415055305672438,-1.0224080571628267,0.17059864862926793,-0.4024395078140411,0.07842758857133508
B0031,7,0.9069964082889772,33,Healthy,2.6981830667563336,-2.859198550940298,2.7805973828006065,0.009698464642906966,1.4583267627062613,0.9996477107428159,-0.8276014314366738,-1.1686179318958116,-0.3515932484808137,0.2695523047261847,0.5000691803607277,-0.7129408712479065,-1.090778189940409,-0.9422634501383846,-0.03666132363110881,0.08289765587425751
B0031,8,0.9006630520599427,32,Healthy,2.768218230927822,-2.3919299566537453,2.8375321127482622,0.7997716597567108,1.619719321218445,1.6860904900285063,-1.0786917556135884,-1.6753610663155873,-0.8602197000222294,0.33318629243155107,0.21639280290645796,-0.4317007514911637,-0.288029843954018,-0.020095712267188596,0.4102094163185387,0.1356156398699957
B0031,9,0.8941861291966784,31,Healthy,2.085014653094611,-7.876735723248112,1.5875345422838472,2.6959811516226173,3.113066913784826,19.019271840072424,37.619820579102964,-2.629466096859185,5.454714968364642,0.4956952594355562,0.23486352289451803,-0.716552089861652,-1.8007289407192029,0.8892778587783258,0.48109302666273385,-9.662093923569964
B0031,10,0.888270082868658,30,Healthy,2.3153545300509295,-6.580450852429798,0.9790516047889607,0.8197738749425538,0.8501380418857989,1.2257638861580127,-0.4172598732939776,-0.019244891128308482,-2.0974774176929594,0.4272973281226224,0.7203184693219313,0.049480805342353815,0.6467681535758314,0.2177911734238407,0.03350841913873668,-0.112225466331047
B0031,11,0.8928104565911614,29,Healthy,2.282035600832739,-6.645503933619987,0.9054663141064817,0.2524219578826673,0.6427660079199256,1.3115036162813019,-0.44279837293875085,0.03242221427919637,-1.9771291893594765,0.12685085699553936,0.8013963564174819,0.10755213765860094,0.42250989231681363,0.1418808867120813,0.037818004984860085,-0.1044852145677569
B0031,12,0.890681701834297,28,Healthy,2.3297359512304454,-6.570036053126516,0.9718733375834262,0.821565266087433,0.813272949237836,1.2517430946488828,-0.4273806066489057,-0.03682511735151656,-2.099396058314263,0.44488850059332957,0.7111734903924124,0.06525473157941795,0.6495152345545512,0.3031135060415114,0.05757617292990939,-0.10809894828187853
B0031,13,0.884244919198562,27,Healthy,2.3230323705592424,-6.542172297436464,0.9751487281989749,0.8463615853749382,0.8734277827159782,1.2924003087145428,-0.44489716279527236,-0.05843150425255335,-2.112622585964661,0.4525892645254983,0.686198652931325,0.09085260114927862,0.7361871976269774,0.3413414899846866,0.04688684232657477,-0.10639224629595058
B0031,14,0.883252619145703,26,Healthy,2.320965132739168,-6.746968679197936,0.9683428295655772,0.7212108090967216,0.9301765700000744,0.8156148490933115,-0.27717931514508015,0.20640867433268484,-1.8410597859507518,0.39701670185554105,0.7964130943987751,0.018545570363987657,0.4107028864867983,-0.16302021976992542,-0.061937035110944005,-0.1323890589189513
B0031,15,0.8758702639608835,25,Healthy,2.425512951387417,-6.792427957403476,0.9612156296100903,0.6299544443263597,0.7314123858358004,0.6504739603910967,-0.20622119782788786,0.33987075642377906,-1.7307814150097456,0.39878707837273314,0.7799290713988822,0.00407373195266735,0.19851752278568494,-0.32477721582044367,0.2710543910876005,-0.12007309599970002
B0031,16,0.8676174657027508,24,Healthy,2.907325050275315,-2.606378172724709,2.5102460363982186,0.531790157317434,1.5210691063335657,1.1514888431564714,-0.934689672333418,-1.520809985986283,-0.43752804171336634,-0.494995572081835,0.5307158518417351,-0.4870697999171599,-1.2852373638293866,-0.022064012130163905,-0.4766499972935865,0.060698948952795005
B0031,17,0.8891389137274589,23,Healthy,2.5153577827052582,-6.6065340441133875,1.0793142073992477,0.6648604938116733,0.6190857977191162,0.6212463459526167,-0.15367452269241463,0.45251398214301647,-1.7173543382997196,0.334737417366405,0.6415761361471608,0.2605803370134711,0.470545143474249,-0.5339179955964362,1.2525693225227699,-0.058130047718668615
B0031,18,0.8824947429853696,22,Healthy,2.4038492373878335,-6.62990224855066,0.9281494176165476,0.7547310775678999,0.7471449113282538,1.1013486068797003,-0.38174815205124973,0.056317667759051414,-1.9588743899861893,0.489570624139899,0.6897263990417725,0.02677350167715999,0.48380903594237223,0.27867793698588395,0.07424425287536886,-0.1127293909781434
B0031,19,0.8812956417667756,21,Healthy,2.2396818490427566,-6.374377564070963,0.9881303519340445,0.4709048176996823,0.9340742922970506,1.759224623559647,-0.6085634223438502,-0.2016449790874044,-2.191459306706825,0.4607355524656741,0.6218958449541135,0.2665326432828074,1.1704351360968395,0.6191901820300856,0.030071803892465727,-0.08115941899655126
B0031,20,0.872157288060791,20,Healthy,2.3080481314353114,-6.464195199976706,0.9455569209693824,0.3790761447334421,0.7788993928886533,1.6118795439208995,-0.556278519636346,-0.11116429711339423,-2.0906144839600906,0.473704618655178,0.6458031337806546,0.190823232783016,0.9049843972522482,0.5417801438867575,0.06665706721771553,-0.0855117915220094
B0031,21,0.8814186876759239,19,Healthy,2.2644629851418383,-6.556988957951709,0.9715935263467195,0.33987861757923177,0.9153633757097176,1.2760042135369503,-0.4371946325747882,0.05390021753255806,-1.8941426092744134,0.2059326376647034,0.739806458140943,0.30638768023127,0.7947151070078321,0.13317704754779824,0.11993738558768462,-0.09460786157434706
B0031,22,0.8739289654739855,18,Healthy,2.335787510936751,-6.499650641110957,0.9369521502383047,0.3461431305780101,0.7301572639811681,1.5349026652480575,-0.530029708332101,-0.06465382472288676,-2.0310653280498556,0.5034835571246382,0.6527860808506805,0.16727009492182998,0.8136399164379846,0.5114030139264176,0.07500432866692167,-0.08871451225801254
B0031,23,0.8720583669432496,17,Healthy,2.3774472126521116,-6.477524418473738,0.9468706732768543,0.8815095506957765,0.9319918824012975,1.3619957180209445,-0.48559973645761634,-0.10927277745203505,-2.064430399921376,0.49890298211137907,0.6106526502671851,0.19872279085293473,0.8785458405060068,0.5848268891686716,0.06371459627629004,-0.09834172219674243
B0031,24,0.8634211466408694,16,Healthy,2.5932610754544188,-6.501429221301025,1.0339719873335123,0.7092931210011834,0.6041535252767536,0.8345785010855039,-0.24138683324902355,0.34257992931182163,-1.7635659919309272,0.39199450383952256,0.5163783928190453,0.3445367276753229,0.6332671473271477,-0.1783785717456443,1.3626947772419467,-0.0400994696277162
B0031,25,0.8601546746521131,15,Healthy,2.4782263309555836,-6.449178004172974,1.0225484265461142,0.279601149522292,0.6097395798996752,1.238909084334524,-0.38662622478079867,0.21989604577067387,-1.8428021246635107,0.40592785491812144,0.5305795763008319,0.36989402929456244,0.8487915399607978,0.03448365962367579,1.0739883015308522,-0.035770883036445905
B0031,26,0.8697122758349889,14,Healthy,2.4610088051432144,-6.5469423014312325,0.8544476300803382,0.7907274148188992,0.6993987232270238,1.2698584199007477,-0.46000208761303263,-0.09781622132933349,-1.9693263977570057,0.3032160045054412,0.6601130843459646,0.2207325511577011,0.5282509525186367,0.6702151749127547,0.14568400049099786,-0.09661023507779519
B0031,27,0.8683692208186007,13,Healthy,2.359975048105997,-6.510130971825327,0.9502589118881036,0.8779599344733752,1.029881844351915,1.2289562562539886,-0.4439153618904109,-0.04815794349026178,-1.9671425853766715,0.47712744324587336,0.6302287098757775,0.2420839219173498,0.8831296193083569,0.48607123166984567,0.009327204382089076,-0.10467332513875163
B0031,28,0.8584817342242715,12,Healthy,2.470679958367583,-6.6630701605012455,0.8859677138677539,0.7236073444470411,0.7687295881475699,0.9786794606088689,-0.35338062260283415,0.11380492539818786,-1.803154563443791,0.5308034462651363,0.6642722774758409,0.09061862571351242,0.4407181543445411,0.33280969356068,0.06906339470010922,-0.11288434085942317
B0031,29,0.8563886779183179,11,Healthy,2.2216911927478593,-6.188222244512811,0.9897392663469344,0.6258911309031674,1.1546498282560613,2.0648790323718247,-0.7358285622352843,-0.4004746560863376,-2.2843046982100836,0.4828362450961976,0.5067327586665675,0.5034935617409829,1.6463675584306017,1.0561717174433058,0.029858457622845908,-0.06129266615939639
B0031,30,0.8530541733277033,10,Healthy,2.3501099233085547,-6.641108879179199,0.9525740861484205,0.262268030842059,0.9108607002290028,1.0115969625527308,-0.34696413952142013,0.24282664261502082,-1.6806395110052614,0.42137060084819594,0.6950212422849606,0.2658199563709149,0.692077165962762,-0.025686770379980305,0.19151940836423406,-0.09612986853442472
B0031,31,0.8568663481037605,9,Healthy,2.3983648041673105,-6.451371927151386,0.95416504366528,0.8991026797813014,1.0286141181670487,1.2435524846780737,-0.4490931133168016,-0.060998498877835414,-1.931406259657531,0.37021657262767543,0.6043161704726104,0.4129234068139554,0.9732016513328479,0.5244218301697309,0.26228605333302824,-0.0855079342570608
B0031,32,0.8546737898963487,8,Healthy,2.4858831356575357,-6.575457181319052,0.8681293584110229,0.7804574507926294,0.7902944615739008,1.154880651872162,-0.42229898958691126,0.0071300513679207365,-1.8692125816802816,0.5537308424737892,0.6046355551327647,0.17705234927058275,0.6069789524885367,0.591130703427719,0.1071107755407759,-0.10017476198843533
B0031,33,0.8450500227057794,7,Healthy,2.5754937928088113,-6.877529362641162,0.8149027390609641,0.5460420750874881,0.6050749218865422,0.5569284284181598,-0.20866210545515992,0.36773971166296776,-1.5148624877013939,0.5491506077055188,0.714213949124795,-0.03153766989795436,-0.03823816934556642,0.04191672622494461,0.06985498139911892,-0.1289590500882266
B0031,34,0.8473441671693832,6,Healthy,2.4782127477667992,-6.663313472292567,0.8962833203934125,0.18820515236119223,0.6641846806791116,1.009217256840268,-0.34600795320374567,0.27398373412705446,-1.6318159526166653,0.4850296602929956,0.6314921342818761,0.21249148531957196,0.497086386523244,0.11846779824095938,0.37647849395361277,-0.08489159853511281
B0031,35,0.843505495649606,5,Healthy,2.4323765575296155,-6.788912690397992,0.8585484607434476,0.14758990111535886,0.7548431508519851,0.8486996329651463,-0.3054340284917423,0.32143565755552345,-1.5343188322846093,0.4899666841258183,0.7233775188975042,0.12110338142164002,0.3328685859628222,0.02583353213232416,-0.030325707837203765,-0.11565737351836657
B0031,36,0.8478534513535038,4,Healthy,2.552762310529775,-6.572546195082764,0.870300173931394,0.7435058878456227,0.7092737656720064,1.0107408608049415,-0.36686049870411225,0.08554604096025692,-1.7412075889411485,0.3500232166203493,0.605726816879748,0.3347651876269671,0.5274579288839922,0.47493555687559097,0.4556165696911764,-0.08276975900878138
B0031,37,0.8438484448077825,3,Healthy,2.52749325939996,-6.459788719957858,0.867594593478544,0.8430041310517365,0.7682903225266206,1.3627298243534811,-0.5005642077741854,-0.10372840443253796,-1.9392035199540831,0.5906919029638346,0.5068105086859563,0.26857328165379457,0.808999663002676,0.8912288933484374,0.2351679369549293,-0.08142419192802683
B0031,38,0.8409808563629647,2,Healthy,2.497922868758513,-6.521759356220807,0.9738387539733923,0.811453496263603,1.0154871475314124,0.895244146288696,-0.3190006705507625,0.19971856212027808,-1.6789550529216788,0.4309903768705074,0.5439595730874426,0.42000783249897766,0.8598849938841785,0.17518614274116667,0.559931230189321,-0.08048184007878262
B0031,39,0.8375016944489423,1,Healthy,2.530496334595858,-6.449968840426426,0.9956022645085795,0.8347998932391969,0.9795147995539633,0.9548506121253435,-0.33075505782389425,0.18431938123241656,-1.7080284676077984,0.43700530920100833,0.4998537254374392,0.510336740069481,0.9702495328968346,0.2064373691865282,0.8209634659615631,-0.060949842954229415
B0031,40,0.8336493897423338,0,Healthy,2.5021769439883297,-6.4482934880642775,0.9777804871942625,0.8604864937777119,1.0420991484781874,1.0215546476205573,-0.3655048357093417,0.11940187684866349,-1.7353698943389517,0.46066529591374755,0.5126410318853135,0.49877720383703783,1.00899736258924,0.322542520443876,0.6160713443075594,-0.07056918247060248
B0032,1,0.852432053675607,39,Healthy,2.652576776706671,-2.7696484123146385,2.2710789471145887,0.05431845728515089,1.859646148686921,1.0312687171035533,-0.935362363713381,-1.559699106072554,-0.16401873722546023,-2.7472084358285174,0.7656766861378806,0.24859845109093207,-1.7074073050502356,-0.9881245464135109,-0.055155097327883935,0.05679251227176863
B0032,2,0.9470159763474284,38,Healthy,1.9849366766914842,-6.2258853539311785,1.0544776755961185,0.6898535324357786,1.2198255273879508,1.8543285799359452,-0.640618252857882,-0.49998827920797256,-2.3298041665502196,-0.1547927840959007,1.059580926658457,0.7151825161299268,1.4592466872792123,0.06818309481381311,-0.09992212894303104,-0.11138076843464584
B0032,3,0.9373843245926546,37,Healthy,2.141889318015714,-6.3855704071735016,1.0828007008593317,0.4933553676269236,1.1441191289478947,1.2479970147666062,-0.3997606100413045,0.10177752913408973,-1.940013535838035,-0.35182714266323145,0.7831615568748557,0.5422517392362107,1.117132844192539,-0.7621311779872298,0.7066731416340526,-0.09173010990695561
B0032,4,0.9327473592056188,36,Healthy,2.2066816690291513,-6.351928264765927,1.0891776360068428,0.4796271636146917,1.0491010884424492,1.2805919750412418,-0.40670969841536964,0.10169302017311282,-1.9376486761236706,-0.32924789410552824,0.7504269149642662,0.5764668043356602,1.1187195329762147,-0.7175634181963618,0.9081828181299869,-0.07875412737317843
B0032,5,0.9263699084509034,35,Healthy,2.1745624667201464,-6.378089219862642,0.9412440949955355,1.0575524315475098,1.2216978871779405,1.5300613000356005,-0.558734443954151,-0.30743894934111116,-2.1962304273493385,-0.15756272709324262,0.7902815072095479,0.3619749299919912,1.0630240832696425,0.12367725582405972,-0.13074136680426227,-0.13588234385938472
B0032,6,0.922087198501933,34,Healthy,2.0204513200464054,-6.213909091223407,0.9575406873346448,0.7219531998037474,1.409052225566282,2.018468817735617,-0.7379847338067422,-0.4976012486127042,-2.2887102274073086,-0.48001751421460614,0.792949552076958,0.6506933962729564,1.5394318056411527,0.2933993543215882,-0.2184000444906077,-0.11665301148687955
B0032,7,0.921511923875638,33,Healthy,2.2025219365162414,-6.435119677173833,1.0461076343835964,0.45278792019336456,1.0986877040780396,1.2034933049771916,-0.3966538332541387,0.10981896425199225,-1.8522914240207866,-0.31120466436293087,0.8008622879636891,0.5476810980972772,1.039827605826614,-0.6993205204602628,0.6455611578065468,-0.09505757732943099
B0032,8,0.9151409087455932,32,Healthy,2.100922598537969,-6.27695376266488,0.954658781408411,0.6422810091586167,1.2429639613775283,1.924052471565001,-0.6968399457570551,-0.3979379427124219,-2.2296445574044386,-0.1792725582169013,0.7595695210147971,0.49367773457426445,1.4020110398777845,0.2722349621680299,-0.16239079147325172,-0.11516250375729546
B0032,9,0.9086919228040906,31,Healthy,2.202086360408394,-6.878109915235738,0.9068804491116189,0.20890045845204577,1.0796562113728994,0.6038674695443369,-0.2200678366296697,0.3843930474547278,-1.4800794906620842,-0.26859581646240793,1.0267080230351608,0.17083083480639244,0.24625665337979863,-1.0756917355109417,-0.22820857206168138,-0.1755307259920592
B0032,10,0.902899649055234,30,Healthy,2.293721282628535,-6.457290526957609,1.0798312021018666,0.3944461207174312,1.0813976002186165,0.9871797923067145,-0.3090705175852175,0.2919115063979352,-1.692092569349102,-0.3570161715874616,0.7484339897393276,0.6312543668708049,1.0130925642112885,-0.9827935244558433,1.0570391236440335,-0.07815969167465418
B0032,11,0.9074914802524592,29,Healthy,2.1439945214293523,-6.651640897947433,0.9191817135604221,0.4022991371614953,1.2600007197366676,1.0990400863761423,-0.4153151957407104,0.033720460008628654,-1.714565465541346,-0.415508176625217,0.981518707671101,0.42279667152070455,0.7425990577228578,-0.541738180320267,-0.33089808172797075,-0.16091720868899564
B0032,12,0.8997575184660898,28,Healthy,2.788260490685498,-2.6529976661588086,2.8132416247503853,0.1368490099277244,1.7680741062365406,0.9031058977062455,-0.8197926755230379,-1.1512849578141169,-0.07652792321607725,-0.3844928866168383,0.4607991219864947,-0.1874222318585211,-0.7301733340463916,-1.5097053290768527,0.6386763859939505,0.09035707466366966
B0032,13,0.8933258471259073,27,Healthy,2.5574694042046087,-2.1725720091104623,2.710693303080939,0.6169194879116053,2.125177673615631,2.5032024605687786,-1.4576682799792235,-2.2344930730340873,-0.9504579120937474,-0.15285553864140924,0.31794578287562825,-0.1093705854568334,0.33429360753089693,0.4550543600239458,-0.6032301121788693,0.08170199113795656
B0032,14,0.8867775359708016,26,Healthy,2.587604935249802,-2.288205474262677,2.702630120915163,0.5348017438546198,2.116919142916895,2.2541968815851905,-1.3718315583345522,-2.094656023229909,-0.7953796605203352,-0.16779899095144116,0.3686907164152075,-0.16063804101982293,0.1273023979677087,0.21033728656121004,-0.6447640775240389,0.06705059540902315
B0032,15,0.8849976666822215,25,Healthy,2.7514162323687783,-2.610276386534617,2.7451008112361133,0.21834991511961088,1.867374288956921,1.2448320357181237,-0.9750007019617325,-1.417160333637612,-0.22234088512596462,-0.29588531045865124,0.46364633388852106,-0.22344012998835042,-0.5759852138422226,-0.9664219215291202,0.07973368872658242,0.07128078589271261
B0032,16,0.8997630401871435,24,Healthy,2.147267623440382,-6.189591632855658,0.9252258514951872,0.7195027791582584,1.342934436869166,2.106451878020039,-0.7940030314723829,-0.5679110720230831,-2.189927744901926,-0.46806373131254003,0.7503818191207168,0.7762527363576986,1.6090049290197046,0.5869011903989898,-0.17552445968822555,-0.10765020160781051
B0032,17,0.8984265342224916,23,Healthy,2.7090138702425857,-2.510886566281284,2.686905877855839,0.3226415476258843,1.8541578259948577,1.6660148271914492,-1.1456095306323377,-1.7168689334703766,-0.43597890670194783,-0.21542343218117152,0.45180574587592004,-0.24979505116415163,-0.38064735720092086,-0.3366091723697553,-0.32965545437894006,0.06819484418085081
B0032,18,0.8919132752040873,22,Healthy,2.7028699526406528,-2.684188581409276,2.6426672140582976,0.23777492053863977,1.8822201762899005,1.4538567537395033,-1.0889671302224568,-1.6119590455633424,-0.2920181116391403,-0.19954893801959525,0.5155157915348142,-0.4092293376554954,-0.6618958883551439,-0.46905763300262066,-0.7067810625416212,0.033903880431130975
B0032,19,0.8848222245520051,21,Healthy,2.864150082466736,-2.607739425458248,2.7435364084912837,0.16456021362786633,1.7086741738058262,1.1559177789584134,-0.9337001248709661,-1.3069018388797824,-0.12038468278104601,-0.30978756315087436,0.3888342332913223,-0.2071108936081943,-0.6122748527846389,-0.9990103810435901,0.4415103989232039,0.0960586533612153
B0032,20,0.8756470228524842,20,Healthy,2.8329918813050035,-2.5378295574224543,2.749441375820635,0.2008098189250418,1.9338498743597394,1.1476403739113112,-0.9487199596808943,-1.3559175362335507,-0.09317228969807557,-0.3113445194812381,0.4899256795919377,-0.21190461855646733,-0.5698278055002948,-1.0057582551182485,-0.11783147948143394,0.048725922023570845
B0032,21,0.8848777148980996,19,Healthy,2.7710971203702135,-2.34263247989605,2.6434988817706593,0.9684559298658398,2.0622269628907843,1.9627297112014181,-1.2979540528696858,-2.096712802289012,-0.6602030572336882,-0.28076399892008946,0.3627661572941713,-0.1307473945143429,-0.10402463710001701,0.3724278499936339,-0.5892808299017758,0.05677984036175539
B0032,22,0.8773863466957459,18,Healthy,2.9893167847489446,-2.7077777998126638,2.7524102458434623,-0.001821579647655537,1.663273068030559,0.6176725312100402,-0.7342854139390426,-0.9753446965958625,0.22399626444565066,-0.36873440294394466,0.509914028172241,-0.2785126815173195,-0.9901996717754703,-1.542629663804244,0.4027951989516527,0.06478075008699505
B0032,23,0.8694583177906492,17,Healthy,2.923549663453124,-2.754908874678663,2.69797027002766,0.02638902886946244,1.7984518279667192,0.705667297366668,-0.7940821633082852,-1.0792374282738286,0.19844701874750215,-0.33793195340584337,0.5541179647253123,-0.3568839125395824,-1.01569982224671,-1.361399552217598,-0.1359397784818844,0.03137255836915057
B0032,24,0.8668600259382038,16,Healthy,3.0233598718512886,-2.9878815201901086,2.6796640515792385,-0.18625432172752776,1.6079827417456845,0.10031902680825194,-0.5616149163912183,-0.693188684831991,0.5433679252790313,-0.3718069132471202,0.6422030164076769,-0.46757750708203993,-1.523655597673203,-1.9832905323233547,0.12536841614188401,0.025462543838538035
B0032,25,0.8575486298750046,15,Healthy,2.8443617205296152,-2.322023677174999,2.662132118104273,0.33367885723637836,2.0279544878593976,1.6763242623885097,-1.1664374797596575,-1.7036652122674183,-0.31990939384197087,-0.21815780851245303,0.45951323068645095,-0.20600368408639447,-0.23893630239205293,-0.21896787148047456,-0.7624601018287376,0.03149208803360261
B0032,26,0.8731463074407818,14,Healthy,2.966028911289529,-2.5874001698725766,2.6944197360734568,0.1103608429697127,1.7388073004876097,0.9753059014394849,-0.8888744502924832,-1.257629072599907,0.08774688671605821,-0.4857442231840322,0.5064864360095309,-0.1450535667109539,-0.7672012804516158,-1.0236238540687081,0.12864162298006382,0.06335794046997394
B0032,27,0.8595746309572825,13,Healthy,3.0312639405243886,-2.4326953842040537,2.7962672226854317,0.12206043558514842,1.8396976010233095,0.836099451275472,-0.8101623277711254,-1.0583871673155276,0.1646383405033178,-0.4063085161559962,0.40412979886050093,-0.05371779940332799,-0.551386641657128,-1.3875141971760687,0.5342503515385231,0.0754725072502045
B0032,28,0.855791123095749,12,Healthy,2.9392977220813408,-2.2051593115845716,2.7487940479712716,0.3409190739604984,1.96750922369985,1.5846722091204923,-1.105726948495308,-1.5641777343923566,-0.24263363539286964,-0.29281095549162084,0.34195813849087625,-1.2727301322961567e-06,-0.05754722020259528,-0.4511584756983323,0.012410185800496215,0.07701778455175874
B0032,29,0.847552559761295,11,Healthy,3.112091268319888,-2.310389402133864,2.7989876157093985,0.14867129161119405,1.7446700589889363,0.9710992855366135,-0.84506017586494,-1.0890920262986687,0.11374251922622762,-0.40428684533254633,0.3026484124912195,0.04122370917144266,-0.3725409995344766,-1.2487131319239873,0.9404711904089708,0.11123470030734084
B0032,30,0.8502562185550486,10,Healthy,2.960726593501074,-2.71008223520356,2.612321727536219,0.07413659191524186,1.7873955204247325,0.9801053157927742,-0.9211858377089751,-1.286344905047949,0.13346289690552993,-0.23468037381588783,0.5321539550716289,-0.37030054032479787,-0.8928306320966385,-0.8163930847359003,-0.5058997969569564,0.025642192019864236
B0032,31,0.8540494675625079,9,Healthy,2.8377972010433146,-2.25757848607933,2.6346520463296157,0.4401385075656983,2.0382814010306234,2.0126065276809992,-1.311987418884967,-1.9565931545503505,-0.4252087181745758,-0.2781448714627776,0.38077481652745854,-0.049178539809731664,0.02037505383606422,0.27487699918373204,-0.6927886163933811,0.05572819876155842
B0032,32,0.8457177152935635,8,Healthy,2.986187905741398,-2.350508310383744,2.6253685475082085,0.7995820275104807,2.063678017165827,1.4114419822254238,-1.099284856756375,-1.6976349598201264,-0.22206602722057803,-0.1709690963081947,0.4171677140557473,-0.20784670243976097,-0.3696229806570439,-0.08364367959782587,-0.7436656885552874,0.01861187775515765
B0032,33,0.8422247164444966,7,Healthy,3.0559792818193627,-2.49472288726827,2.699175244912034,0.10280889906012008,1.8172152149921437,0.8982934501825941,-0.8616935066484416,-1.1488501555329094,0.204553510201005,-0.3274219735747795,0.44026017432707115,-0.13878134070655715,-0.6450189061155948,-1.0682185310714727,0.09040177902445042,0.055593251778506596
B0032,34,0.8320187908440375,6,Healthy,3.00213546353503,-2.3341914972487565,2.639435060521189,0.2186806745292053,1.9703920060542022,1.283130151692382,-1.0188463174358418,-1.4127231390830555,0.00046709578433100916,-0.2634922953936457,0.4496716921198288,-0.13998639051865053,-0.3951413941784379,-0.5614249022738514,-0.5339602108947743,0.029786480195376015
B0032,35,0.8343186007115987,5,Healthy,3.1223188686392365,-2.5946548452578857,2.691517926177629,0.006478805073157715,1.7421948661440327,0.612693375928317,-0.7543132751164764,-0.9564118352092478,0.3901449878581841,-0.3560200493007606,0.45841264938472626,-0.1615231056342074,-0.8515709835571403,-1.3605600936348958,0.25805456355690864,0.054980849289793396
B0032,36,0.8449672037812984,4,Healthy,3.009395274858443,-2.5427829992464153,2.5483672115404383,0.13296222617581496,1.811956889117119,1.1794259967611962,-1.0062879460133918,-1.444038118791116,0.0945643072202965,-0.33403484085216345,0.5564520698368524,-0.25866289829667083,-0.74893552781584,-0.4323743550622896,-0.79130101684037,0.016786111077933104
B0032,37,0.834715856423221,3,Healthy,2.951406553648751,-1.9818390038340368,2.626828065643303,0.48551221480008333,2.0590776057258973,2.1506471888757632,-1.3459939504413985,-1.9491205969502916,-0.45537228128018054,-0.16458195538617384,0.2929204817440757,0.009134707245985474,0.2970639652524985,0.4789938261295843,-0.7280364618256341,0.058791516855535825
B0032,38,0.8317113380919606,2,Healthy,3.0613882314812995,-2.653757409177739,2.565887085076662,0.03680289132955442,1.7997930728580191,0.8539757046810965,-0.883079133925915,-1.1847395869589956,0.2944890167433868,-0.2466048456340091,0.5179783249051598,-0.353239674895392,-0.9262869035598705,-0.8163571957878699,-0.6269175747886514,0.012536877793701067
B0032,39,0.8218076097973686,1,Healthy,2.988096410375783,-2.3233474663174514,2.5999570637551344,0.25829479455906823,2.0559180996548663,1.3928842270658295,-1.0822270779326975,-1.5165046043097932,-0.0027413959651563487,-0.21633294968412034,0.4549103236654082,-0.13636008181380185,-0.3326189808123533,-0.3110921625602046,-0.8679858738724865,0.013442815902228665
B0032,40,0.8179000436769122,0,Healthy,3.084359704840497,-2.276526418554252,2.5791874544562603,0.22238251623381325,1.8771570131344983,1.4042421329575687,-1.069464340268518,-1.4794172761135866,-0.0029050059340861153,-0.21552539786671043,0.39345253492533194,-0.1341360062498946,-0.3388016590237917,-0.25411683651052586,-0.5155926426728102,0.04277323866758822
B0033,1,0.034212861203009,196,Degraded,1.3592396600911163,1.585074510914186,-2.317127152873206,-1.8569253381145994,0.8978668420857927,0.1799472502766962,0.12186652192177842,-1.7448375099347277,-2.012120195621777,-12.211987383545818,0.9774043018501047,3.070279523054409,-3.9241092308925993,2.541962186677808,0.7380252150990669,0.11770292333004595
B0033,2,0.3447849503931407,195,Degraded,2.1796487697537423,2.1065421950510195,0.8445634286700662,-1.1100366783922275,-1.2957393315221717,-0.9891973897208964,1.0872677236185144,-0.47082487398336353,-2.391031738904253,0.5683734329042972,2.5907679730999886,1.2331676831650842,-0.6254247994486586,0.006171168287996436,-0.49470304632785145,0.025335236797742383
B0033,3,0.5805424096155626,194,Degraded,3.406676323154174,1.66249002977632,0.4077796174810384,-1.2725760463719045,-2.1633790699600475,-0.1358368697633142,0.5965168932402908,0.525080261286715,-1.6606636671728339,-0.11099567444834625,0.16606479095506665,-1.3013327123686416,-0.7286311915441047,0.3895404997670543,0.17401837256349317,0.09253553022474943
B0033,4,0.6264696526912498,193,Degraded,3.1768044083544664,1.9452066563045374,0.6706170388224542,-0.651275184400159,-1.2420494287867698,0.6481392564427504,0.23871275699748032,0.1559588543689472,-1.7287981118679454,-0.2597593182458821,-0.12357896283507944,-0.293676993275134,0.853041845863157,-0.0752918418388931,0.47886820329596413,0.09473644105914898
B0033,5,0.651459001223779,192,Degraded,3.171399768478586,1.6446366283023266,0.5238019171390276,-0.7086242984635004,-1.2136235085966014,0.5878087264943204,0.19400976863075042,0.09429232593918312,-1.5571474110081567,-0.17815172092686477,0.03401957971019705,-0.5874890137650198,0.5045308431668853,-0.005030945248617786,-0.5629875277369355,0.022920763953349767
B0033,6,0.6609386605736262,191,Degraded,3.239161889196047,1.411323212362955,0.4047019463448797,-0.8384973214145964,-1.3579952175500882,0.3525127138718678,0.25219385359635116,0.17824797504220943,-1.357089463817234,-0.13686495871956222,0.14650126708848546,-0.8407611114786554,0.07471274157689288,-0.10656130600115578,-0.951741571934595,-0.008614775649185818
B0033,7,0.6442347209150708,190,Degraded,3.7272938228924404,1.5555534860079658,0.20197219694719745,-1.2392353809353727,-2.4740607763938693,0.26656126741869735,0.3703769249427234,0.24342416124849153,-1.48052834757172,-0.065122334812304,0.12095906348403729,-1.4763347331326984,-0.618721548944548,0.8050226385752478,-0.18087639816631262,0.08607120865437118
B0033,8,0.8565846631933595,189,Healthy,3.515717737113839,0.4940852926428941,0.565490223553411,-0.6621573640168865,-1.7342997553226278,0.49518256662952925,-0.018164726026313825,0.1279277764998348,-0.4650706298831749,-0.4683078654236958,0.24229410665217538,-0.848575451347101,0.14487297742385985,-0.9203824975566176,-0.9862748469819198,-0.008972547228101329
B0033,9,0.8280483388360256,188,Healthy,3.4172114051548883,0.9001667605623088,0.6438951543568608,-0.5651568986814158,-1.5294341201633699,0.5996406890824493,0.020251379915628594,0.15395557563498305,-0.8083298436912355,-0.4287802450057763,0.11688533871939491,-0.5991095675131572,0.35831811556549015,-0.7506819504030294,-0.24966748755173082,0.046728587063245515
B0033,10,0.8098648670995388,187,Healthy,3.3195346127930256,0.9464852404271312,0.6022809631835,-0.5386813089686906,-1.3421153252061921,0.641253274572228,0.005392688600914369,0.09874199322804743,-0.9190882929558074,-0.324997414883612,0.14366890159098145,-0.6366838598925773,0.32485717238508305,-0.5860781348385526,-0.6202601410205338,0.02298774349948001
B0033,11,0.8023279061413645,186,Healthy,3.3621364694111993,0.864338173176801,0.5479107061091962,-0.08807457903845954,-1.2238874085900886,0.3431211123798311,0.08913464561880247,0.10131438626900842,-0.9053475635182433,-0.24745598537483568,0.1828523635997603,-0.7392828739648993,0.05106020055142106,-0.5181748600179099,-0.9128457195418176,-0.014551827001732668
B0033,12,0.8127849884514668,185,Healthy,3.291160824759788,0.8298663222599582,0.585209361099579,-0.6294350231803566,-1.2854135560503628,0.3334184060350724,0.1159272470686097,0.25955242968474773,-0.7860208545561508,-0.41593226922765864,0.22696049215240285,-0.6616658906823415,0.008761140600620748,-0.7961529635578498,-0.7052804414198635,0.006304012001228725
B0033,13,0.7950483653122996,184,Healthy,3.333288645018124,1.2716652038940692,0.7173695842356502,-0.4365710727411568,-1.2518790543951133,0.7698295940055442,0.00929565407255323,0.1279610803239702,-1.077749620735044,-0.33915135314522454,-0.027980714836578994,-0.3066880522009324,0.7340221275714215,-0.5564603946058045,0.31585657505591314,0.0897262626673943
B0033,14,0.7869701149811992,183,Healthy,3.260238334207813,0.9383675084837247,0.5106930227304504,-0.5828217579279962,-1.2512014275370242,0.5642770545089898,0.031552462042997054,0.11354854982711442,-0.9544836969257418,-0.22465914722668018,0.21098135529269732,-0.7480980778679288,0.07556588770779868,-0.37160998631466885,-0.9767520055652518,0.002212422768221182
B0033,15,0.7855651675778654,182,Healthy,3.1644691072188222,0.9387738843278377,0.5012433305101673,-0.5393581472852425,-1.0847488049141247,0.6318209177428548,-0.004414261823555622,0.03711205196502963,-1.0220883512339634,-0.21316403732184533,0.24398384916338436,-0.7293101863247099,0.10362057299458374,-0.23821990195439793,-1.3010149646208438,-0.01670100620103089
B0033,16,0.7948853076728708,181,Healthy,3.502050212476778,2.5371394027785614,1.1952777403997927,0.15249484672642755,-1.2263785483877314,2.1188657790690333,-0.3407839911940579,-0.3195228285772875,-1.8955516449117336,-0.5213558106311794,-0.8003074464420916,0.9201863783245637,2.937973617969532,0.1884581857297168,3.671743948847883,0.3651373433158569
B0033,17,0.8128689385537,180,Healthy,3.2840933815594964,0.8267148822743119,0.6154399885545531,-0.14947285379810446,-1.1326112774883914,0.09555087787779191,0.19198712655372446,0.252615254527839,-0.8853548545521334,-0.4002969220307713,0.24520296985265394,-0.6734173449354293,-0.25757002223393005,-0.4689739396013693,-0.7338752968508899,0.0002546363944975413
B0033,18,0.8261753166981268,179,Healthy,3.3477688125465335,0.81366044337912,0.7817561376290566,-0.18226589242436556,-1.2092974346434897,-0.11790904447399059,0.29632925992431164,0.4839572749002513,-0.7756037531787939,-0.26100215271202226,0.18640396136060783,-0.6333937210783894,-0.2037871312891699,-0.8376737090876555,-0.12015432286076624,0.0329140047719203
B0033,19,0.8071908380797693,178,Healthy,3.4951989362396056,1.4865636107899884,0.9648275122135137,0.06142381120591504,-1.182553509980531,0.309748934118512,0.230999028997729,0.4571544694116913,-1.03110360194382,-0.43246480040438057,-0.2777194381615421,0.062436404082212356,0.9084053380879553,-0.9318289945747951,1.9529871333866362,0.17577104488427645
B0033,20,0.79348726697252,177,Healthy,3.2329101497090327,0.8690480433459741,0.6346402540074447,-0.6632626647530072,-1.0809473943010226,0.060846745396490674,0.2353049232709132,0.48323627014368375,-0.7239139461230122,-0.25889270485681665,0.2007361714113511,-0.6086646100465238,-0.06521146665865053,-0.9218729559533166,-0.49991607722140985,0.01235375538139846
B0033,21,0.7909177786393666,176,Healthy,3.2799892473035603,0.7500061047274333,0.5889063073051847,-0.7702267121410795,-1.1677824950684914,-0.1956917090840236,0.32730492501503694,0.6175298812162027,-0.5743457404603457,-0.24631888256251486,0.2658272442813209,-0.7141410138651939,-0.3403404520138134,-1.109879286023608,-0.547971808122519,0.0005562765135065994
B0033,22,0.8459884703185576,175,Healthy,2.869719128753333,0.5903123474722417,0.7761355597812726,-2.0917057452856396,-1.1504427408025706,0.6630280169910238,-0.012660494205357475,0.46192282678407504,-0.4886788450172118,-0.9721939685082374,0.47316126940010594,-0.32826737485834356,0.06067069869851736,-1.0462272318677428,-1.0579274998181105,0.02628410814050701
B0033,23,0.8439741900177238,174,Healthy,3.306140401829231,1.236913985421231,0.8939054716402337,-0.4047169720667703,-1.1854362992659075,0.7356273668814896,0.00635760327698923,0.16686421536330906,-0.994137245222916,-0.4546430558929593,-0.00412019848779235,-0.11585611748859902,0.8483121073459345,-0.3573881322414957,0.45717473106407003,0.11245873992850275
B0033,24,0.8293111503765729,173,Healthy,3.3937640084117278,1.3011776514042144,0.8473441907295707,-0.45316046425869816,-1.261963028496249,0.6602350602962519,0.05203606229121441,0.26290394012886165,-0.9562618573487581,-0.3845282033738479,-0.09831397550881879,-0.18192329422645595,0.8508142952477054,-0.42935636247534126,0.7079750701228675,0.12398265901935226
B0033,25,0.8210089516394932,172,Healthy,3.411040929292931,1.4957303428727666,0.893068522488841,-0.3709567913840898,-1.204560927751647,0.8324868782309356,0.008311585918824409,0.1971539307283362,-1.0640622826297823,-0.408745281568389,-0.21084237048959728,0.0074121451561163015,1.1755893821550008,-0.34093729390676947,1.1226780064575155,0.15569826334619283
B0033,26,0.8190905395559372,171,Healthy,3.4499831487081654,2.4333231346385897,1.2423163431542439,0.1357574070930034,-0.9793231804481467,1.9037612711082863,-0.29393427534179717,-0.21623194291465936,-1.6893855456690656,-0.5593458968096894,-0.7727072227411124,1.0049013806160143,2.9608638513222663,0.13911374235090818,3.310895916833113,0.33358485151127887
B0033,27,0.8211446253956193,170,Healthy,3.398324975069754,1.0351029559306035,0.7213580834820857,-0.627853547346845,-1.2517343803340684,0.2658692482472746,0.16821138296765517,0.4002920649830913,-0.7318124898752998,-0.3413995613584825,0.059854859292994146,-0.4415167753244002,0.2982800911744916,-0.5699331615231761,0.07046611178989287,0.06785552188291284
B0033,28,0.825635438132046,169,Healthy,3.364663303742079,1.2335696787142096,0.8563007686859918,-0.491256550892527,-1.102587437418812,0.45427398614546327,0.11799152148278208,0.32963561069318953,-0.8481642168523394,-0.46246973399948815,-0.05215391312822141,-0.09504822346753808,0.744261730708203,-0.574704381076189,0.62886653563012,0.10829853557891705
B0033,29,0.8163279648958606,168,Healthy,3.3827443643655686,1.2569988844262021,0.8032656783313614,-0.49290446788852454,-1.1329200462836846,0.5374402292969225,0.08407804710599513,0.2745736824521719,-0.8896723143360251,-0.35796802915523956,-0.06986496138711434,-0.1939072645179695,0.7470669566568169,-0.3895755139965156,0.48387247990319976,0.10462322005056718
B0033,30,0.8130444055840366,167,Healthy,3.4940558247104274,1.047225785826317,0.7168994979975737,-0.7130874034290524,-1.3513061032996032,-0.00231416414856891,0.28817721948859987,0.5821898169295899,-0.5812419673600914,-0.3655167584995962,0.040155823734813724,-0.37670104560744305,0.21298945663748406,-0.8477096884016929,0.5291970693110142,0.0872581635951437
B0033,31,0.8039646481911844,166,Healthy,3.359174831082843,0.9806031086260121,0.682813072713309,-0.6631601587791428,-1.0789770213764074,0.027966756712556884,0.24795155489407172,0.5065541164463756,-0.5943658430622821,-0.3364652257773283,0.09398948078807808,-0.381338158466888,0.22370549638014933,-0.8067121376888773,-0.08145528673354431,0.04251014405730435
B0033,32,0.8062680557453697,165,Healthy,3.420298295701194,1.0361035534269198,0.6345909600390459,-0.6541660644861421,-1.2028626686073416,0.23715290186990576,0.16824985295200712,0.3634060373581183,-0.6959157577131444,-0.290280056739193,0.06497365348328944,-0.4696382758119274,0.25811107283327583,-0.4225119280927509,-0.1234524153726523,0.05551148400939171
B0033,33,0.8109192084493946,164,Healthy,3.4022824506473297,0.7633227156112319,0.6040297147321753,-0.24601464559908467,-1.0043280435167075,-0.2811715536301572,0.31020774115749766,0.446907961754894,-0.5342680315751254,-0.31819264583014506,0.20978026049707835,-0.5718450302270147,-0.22147866125030571,-0.6140899529549183,-0.6885560884091143,-0.011049666444121193
B0033,34,0.8072721514550567,163,Healthy,3.4685052513763317,1.5627567388434664,0.9446485115572415,-0.39659586529928115,-1.0539862545541654,0.5580239100048303,0.12280117856840778,0.3624392286216858,-0.8909654043410912,-0.45467774195223765,-0.28711172534413765,0.27929168200259,1.294184195951387,-0.6367197147215582,1.708118646360591,0.1793821843974738
B0033,35,0.7976979458553798,162,Healthy,3.3741485230308665,1.005891566485905,0.5691154191270754,-0.6477720116530511,-1.107976202244716,0.2763468923562635,0.13384207329439196,0.2775036867206077,-0.7034577833034977,-0.22840220466373762,0.11325502110324762,-0.5190406492531587,0.22200772644618488,-0.2302785946444469,-0.5780629482297508,0.02825509017108433
B0033,36,0.7938621513556527,161,Healthy,3.3689650005054315,0.953162166827417,0.5929404748361956,-0.6815932383509551,-1.0655029444094213,0.08362539437386422,0.2062976277236171,0.3973427267133312,-0.59318550124887,-0.25458754800561667,0.1351811963431663,-0.46801511078977004,0.14936340315601754,-0.48969538731113327,-0.48382959359065236,0.023611855645600963
B0033,37,0.7905920289152802,160,Healthy,3.336224033856294,1.1100111566332218,0.60483724011218,-0.5580181463994486,-0.9604664482067026,0.42363829392651126,0.0789961670567501,0.19243520822820046,-0.7738061049648666,-0.24802673091620875,0.05126186754141583,-0.3510304055162273,0.4868179953935903,-0.14687748988925375,-0.47247684189870476,0.037767105789332914
B0033,38,0.8064211304133877,159,Healthy,3.369868528919292,0.970598084663667,0.7561276128288227,-0.6527754426985938,-1.0270463235920562,0.0006155571928092434,0.24838261517587315,0.481933349631301,-0.5492544217506837,-0.3773868784803094,0.10438692530957544,-0.24259732682757476,0.2521375208441144,-0.684409988936603,0.045848263950461335,0.05542220144169138
B0033,39,0.80999303164011,158,Healthy,3.4296403593602545,0.8102055707460716,0.6866238618851392,-0.21368001370878506,-1.008024653490277,-0.1766896498841406,0.26989681532804566,0.40325939808336714,-0.5712466344031851,-0.2203802282167773,0.14606657325563854,-0.5391571340519753,-0.1006104991813111,-0.35108581696057317,-0.5411780433232456,0.00989584496198384
B0033,40,0.8049690926805938,157,Healthy,3.50021280211643,1.254746324939954,0.8503637595217207,-0.5737060057033538,-1.1245539167256726,0.20395748695986265,0.2152382852020056,0.5018035204288844,-0.6500732007122012,-0.384225133377757,-0.15482279905640567,-0.04811521758361666,0.7069563620041308,-0.6198001033750827,1.0741977371410905,0.13204295673659786
B0033,41,0.788548876978258,156,Healthy,3.4499446332093253,0.9970922519141605,0.6098656619713229,-0.7011657261971586,-1.1176492695043454,0.04833651245225147,0.2252509754657382,0.4436750555305506,-0.5421127646845042,-0.2593651720702062,0.0567054382084375,-0.42392353982043196,0.19268703805508441,-0.4374755700491422,-0.15881414714074185,0.04707426573325789
B0033,42,0.7854299533277196,155,Healthy,3.46255057478096,1.1329428870650815,0.5405935200749182,-0.6258783656247896,-1.144487987436239,0.4051004556702583,0.08912724160899407,0.1944877708842055,-0.7279884492775461,-0.18511755475930228,0.016034221549174967,-0.4405321348267613,0.4011312649814849,0.06654136795312988,-0.3369296514276801,0.053992158619678446
B0033,43,0.8130790672674124,154,Healthy,3.2980064740256294,0.8405102291173623,0.5921033012603707,-0.6078599572116263,-0.9267463870997992,0.25749942491232425,0.0858595909654434,0.18090273808360072,-0.5777201655952252,-0.5098928018381405,0.20256905812605067,-0.35291403615333117,0.11938212092392338,-0.08359308373209064,-0.9297563525203303,0.008237497082076684
B0033,44,0.8174064986122863,153,Healthy,3.4134272531045506,0.8979636097435189,0.6897841190953105,-0.6700903633009042,-1.1476292931300767,0.13964539270325418,0.16647733707140008,0.3367433029568729,-0.550948515669093,-0.2905260339621489,0.1419382668193414,-0.41026395719183817,0.13536063883131466,-0.19101925184140636,-0.38820285858914305,0.04473545430301905
B0033,45,0.8058526818671305,152,Healthy,3.3863547152085283,0.8525173829696129,0.6189491965888849,-0.7097379656099833,-1.0718644329568865,0.025332749685518297,0.20293723422445575,0.3986819458807797,-0.5007680746601209,-0.208232762127839,0.1461672227229518,-0.5275646680812752,0.027712609512209094,-0.25231202324644114,-0.6961283138248444,0.01687063425531126
B0033,46,0.9425700849860332,151,Healthy,3.3525056975583563,0.5163563953131889,1.3972908652710372,-0.11823242795380232,-1.530502407101339,-0.4954837812291827,0.4257720290380538,0.6043304424913155,-0.353702431269137,2.1539407239930237,0.712259994059651,-0.7213327575410566,0.5138368671717506,-1.015178147538711,-1.159930577147586,-0.025556713242586366
B0033,47,0.8292478943890116,150,Healthy,3.373157309371261,0.6253734566313427,0.6650333002535526,-0.7093034076624568,-0.7188530456170339,-0.19546610973921572,0.23705658163994148,0.9063085502967616,-0.18478560522109658,-0.6077488921481508,-0.46606510142101315,-0.8753572929842216,0.02052178346058142,-0.8555075819983408,-0.4578531553666006,0.006136692146629139
B0033,48,0.812094673224685,149,Healthy,3.3689142293092043,0.6895067374125584,0.5218580972845711,-0.7198235682908318,-1.033687261428376,0.005336296027616975,0.16708656769010397,0.35447541139089017,-0.38309010606092836,-0.18941053712860445,0.20571970565009665,-0.650546293885915,-0.11428248863370065,-0.18917158000230216,-1.2354580017401864,-0.018668581279927012
B0033,49,0.802086049428182,148,Healthy,3.391292053705487,0.923711126286814,0.5981143686727236,-0.6299098563658109,-0.9832341933334849,0.14346740037531638,0.1471716495982802,0.3174484329589392,-0.4819034647276047,-0.21256640811577024,0.09158967124855787,-0.3770140025070329,0.28144486387152556,-0.19986699226048774,-0.6406271212661888,0.022171827817076273
B0033,50,0.8040008370453673,147,Healthy,3.418375694687462,1.0383015779536755,0.6480535969958683,-0.5737339575155371,-1.043746389537656,0.35531213229996456,0.0790659876725088,0.20844721400110303,-0.6037993851311418,-0.212574480505411,0.028759804645229908,-0.30595181000457944,0.46934885774507157,0.06538173738665817,-0.4074003802524652,0.0507665932696604
B0033,51,0.8128376069217798,146,Healthy,3.4577432800604413,0.7836532320154109,0.6222742698349208,-0.17692067184094865,-0.9736961840387438,-0.0666817190960108,0.1902272626530929,0.2818681998353585,-0.49221658183637407,-0.1502741641221104,0.11508496581268146,-0.5390371384823671,-0.020955664673684753,0.05418949066379427,-0.8709137933358935,0.0004422219143064437
B0033,52,0.808816382955359,145,Healthy,3.8081227747414865,2.0071587994323665,1.202382416817523,0.25598543611672336,-1.1124261610337358,0.578470741593229,0.1481658168612163,0.3800521038716513,-0.8818931899090052,-0.6092790706006168,-0.7466465441355988,0.945670283159178,2.070226301594782,-0.42290878377648966,3.8212452742154106,0.3210670305696081
B0033,53,0.7986595744547133,144,Healthy,3.5011969855507155,0.7573669945138989,0.5464181700949282,-0.25519886234671463,-0.964518867097913,-0.31988660478619735,0.28776997529569825,0.42756175951629644,-0.3372677745982475,-0.1667490546295787,0.11147922150206298,-0.5471861460063996,-0.14234095742066413,-0.21471305746312253,-0.8191636041184439,-0.0114268183939856
B0033,54,0.7937926125085303,143,Healthy,3.747129010424453,2.394336937371093,1.2429186946241082,-0.05042965875805541,-1.0593544542331121,1.2150014510242069,-0.04290872747100769,0.19334671737212125,-1.098423663623739,-0.5959060097008159,-0.923600950611709,1.2719146465018778,2.8487971113587576,-0.18572278877170703,4.314163448775889,0.38040908997007394
B0033,55,0.7901265007701842,142,Healthy,3.440634087183792,0.6207789332271777,0.5374852304914256,-0.8652952765958299,-1.0321061574740482,-0.5347744025439134,0.3822905948401676,0.6777914522191819,-0.08411303737963335,-0.21635468520091888,0.2198444939885321,-0.5524025724635995,-0.35388800924375685,-0.7002240658793426,-0.8352262971105845,-0.0175671115288954
B0033,56,0.791518265243888,141,Healthy,3.4941255770590747,0.5654142928966932,0.5351399048608683,-0.9223256012581453,-1.1140083234869123,-0.6509585591884125,0.42440240109101995,0.7587434788353917,0.0002458645632572919,-0.22887956100403534,0.22626587924120115,-0.6122152222842112,-0.47770393388127097,-0.7671177591261127,-0.7689549173072445,-0.01550023070190206
B0033,57,0.8013569416398518,140,Healthy,3.6194384763325416,0.7065390432775861,0.6902854642652699,-0.36857064903119635,-1.0722144451933664,-0.8168953971112489,0.4999354876933549,0.7867526654926403,-0.04599825105422643,-0.3581100324634948,0.08674937580737425,-0.3125208692995393,-0.2854676105212158,-0.8591446299008605,0.14820808089086435,0.030693279784827165
B0033,58,0.7965354577256917,139,Healthy,3.4903384977764698,0.6996209869437876,0.5694750641066273,-0.2781624426950017,-0.8897236314740452,-0.47136129357660334,0.3334962148411897,0.498360284295149,-0.22558635659930013,-0.16739332947914132,0.13387293738296366,-0.493614037875511,-0.20425170932751327,-0.2985731595807028,-0.874901778738948,-0.021447031068056868
B0033,59,0.7724444342510123,138,Healthy,3.557165888058945,0.73337468913632,0.49166190949549365,-0.8924050320879711,-1.1485724459029134,-0.5380869913913021,0.3986038392799665,0.709090849573574,-0.04529807299884624,-0.23699439458524554,0.12152629532355032,-0.508229181635323,-0.255540047438356,-0.6268518876735016,-0.4781125120004826,0.007834834958803839
B0033,60,0.7676094282820258,137,Healthy,3.5735497234474263,0.7294202193759894,0.4518174298099451,-0.9013946030838761,-1.1477982491060026,-0.5367580464812004,0.39309521670265785,0.6937305442943779,-0.027202187055683075,-0.21309673720689112,0.12031548015737305,-0.5308529406494702,-0.2644018232809485,-0.5932522357634452,-0.547349764658764,0.0029165509099631647
B0033,61,0.7626338657113666,136,Healthy,3.564265774289865,0.8642867430826592,0.46511045578803273,-0.8190277416498775,-1.0979406400297054,-0.3327227420990629,0.3234919236723372,0.5658966323458898,-0.13617318120441807,-0.20210528025367125,0.07239682537241068,-0.39622310406808137,0.0013625591497838131,-0.4131950266442296,-0.4351157696044847,0.017816717721113845
B0033,62,0.7779746002726813,135,Healthy,3.588986512741632,0.7511069319546276,0.5528678256335207,-0.8876007548398914,-1.1754077696421426,-0.5583669649137768,0.4084473951116167,0.7003054450256874,-0.016160334039365197,-0.2981375601068739,0.1310210459234322,-0.37224616225192597,-0.21611088440652124,-0.6129274334305426,-0.2371286854139117,0.02517268748626207
B0033,63,0.7824014719213574,134,Healthy,3.6578202886494835,0.6728645123859005,0.579456418926231,-0.4057066858249522,-1.1133838660346231,-0.7468566780331198,0.4515588833739997,0.6873319172036519,-0.03706068562454499,-0.18412949414868574,0.09678015470874336,-0.4990803101410787,-0.37907970663646,-0.46646279788006423,-0.34462714381992887,0.007049672089288272
B0033,64,0.7759310230940601,133,Healthy,3.5886152375337934,0.7121484030450345,0.5314724804712685,-0.9033266765002914,-1.1489845241126204,-0.5945559310227999,0.4127953819161841,0.7409794688858523,0.025104293032378305,-0.21879911573549515,0.10622944167570446,-0.46997396360125865,-0.2610234188587161,-0.5917939849379029,-0.39306802151625847,0.0138422910940327
B0033,65,0.7572275272552502,132,Healthy,3.5597023452072705,0.7292106689909997,0.3760367189630427,-0.88338712595856,-1.1017204157691634,-0.412749776209643,0.3241214293641976,0.5553341405964343,-0.05114699758185982,-0.14512332166456748,0.13409838797166082,-0.5828301482209258,-0.24661407251160478,-0.24624041711707303,-0.9905358198814106,-0.018054413625777425
B0033,66,0.7525968101073214,131,Healthy,3.658082065447383,0.8037450034611486,0.45753298818549737,-0.9229549160673991,-1.1861060851999508,-0.6535292138217051,0.44769896307245866,0.7730253725930739,0.08483613476345572,-0.24135313734186423,0.05766609147168079,-0.372545894774103,-0.1604413974407657,-0.6942651421855176,-0.13495039438495307,0.02462498749297441
B0033,67,0.8029119849585225,130,Healthy,3.6434805993732207,0.6219156244730714,0.5326430938271853,-0.8650488551168278,-1.2977663323874673,-0.5317614724642677,0.3570685208699639,0.6551289161300966,0.16578720662587826,-0.685966807011767,0.14117303377837,-0.2283812094567571,-0.25053116127813657,-0.5659102112575213,-0.09399107661719155,0.04311694233974565
B0033,68,0.8124502597938524,129,Healthy,3.8808241086698123,0.4105765336575832,0.6695910253778913,-0.6387483037782302,-1.5084494891800648,-1.5571441983239298,0.7663266082535093,1.2544940129694688,0.5441957411907893,-0.4150924018661138,0.14415437718050436,-0.4120860984733127,-0.8286259266146518,-1.4465648460284943,0.6786673804638271,0.04613009745868232
B0033,69,0.7948925650183075,128,Healthy,3.596044714077275,0.8864415673559677,0.6502330695524801,-0.7297521623486529,-1.029998425309907,-0.35816787750534823,0.3238514620553432,0.6743640160303837,0.010776520057946402,-0.3248996672645778,-0.08114317944517954,-0.13378634598337077,0.29963038254400576,-0.5871718562059005,0.16186084779404974,0.05591647430313508
B0033,70,0.7776193076149952,127,Healthy,3.6605368671661442,0.8047667302127923,0.47586151983422137,-0.8497181793828625,-1.1934151329354439,-0.4639144168055167,0.35427096174311,0.6543738929245251,0.07098530888740656,-0.23915954516638685,0.021361077319923635,-0.3637478351444029,-0.02058127418300693,-0.42825440200393566,-0.27380363870396035,0.027915739836303955
B0033,71,0.7698782023184015,126,Healthy,3.5928799569251435,0.9234075633601828,0.43802765723096787,-0.726997720949147,-1.046321098408271,-0.10824081538145276,0.20865117682349246,0.39947322882733577,-0.11292403016306227,-0.1851577089762133,-0.015319462028196203,-0.30767320383272817,0.2681758978883015,-0.019297323153205297,-0.6078192715564986,0.019003168179701473
B0033,72,0.7646587001069178,125,Healthy,3.8094852674690003,1.2862885854102701,0.6336780241664945,-0.6956449437908309,-1.2583176921306611,-0.19130647175753424,0.32441704491642165,0.6462782094940968,-0.08206306367174876,-0.3519639246913108,-0.2965888134667588,0.16498850391422104,0.7640862107420198,-0.4960162245198113,1.3673318990649346,0.1420132972568046
B0033,73,0.773840276788438,124,Healthy,3.6138434987531247,0.7658440427636966,0.39475919175539753,-0.8103745816902792,-1.1689232671854144,-0.17042844537180787,0.20965653001397783,0.3581192972843165,-0.06636146144267158,-0.14633059518331568,0.10698011895358397,-0.4965143229664752,-0.059509407043530985,0.20219577469056893,-1.043431858186774,-0.0031789550268699583
B0033,74,0.7829960469719893,123,Healthy,3.6159971132619892,0.86793886331484,0.5267014642460265,-0.740375742702482,-1.1247015055046596,-0.09641845956273526,0.19642647025308632,0.3832265558238086,-0.10156124060770153,-0.19019907941602598,0.013155070874304233,-0.311383606355437,0.18699533660579828,0.14206146148470716,-0.5661691253391378,0.02979857364287355
B0033,75,0.7708126425890252,122,Healthy,3.7539326874625703,1.072063339248086,0.6165055593228757,-0.7530706474748894,-1.1560276392201119,-0.3790410277440758,0.35807274586649945,0.7076980958052099,0.06240963854966764,-0.33644560306130344,-0.20816000511779303,0.029916013674474114,0.4890465348178348,-0.559587115609715,0.8053647268160946,0.09718206310468093
B0033,76,0.758795327995084,121,Healthy,3.849363308653488,0.9559739581959323,0.376729331711181,-0.3418302520077741,-1.254224041872518,-0.4459498000600117,0.3351674592959757,0.4690957481186194,-0.019436601998509734,-0.15389779782681468,-0.09431128912552737,-0.3492602155988472,0.06710703389310062,0.07367102731896244,-0.12699935536392673,0.03693401276976319
B0033,77,0.7537601021296546,120,Healthy,3.8141821992717824,0.8134510081173772,0.3838498154299009,-0.9545100593735444,-1.3123789220159,-0.714612918749655,0.4519795842803993,0.7972740440068511,0.28781161675442357,-0.2552214850208037,-0.03561405894859355,-0.33568413670264224,-0.1043996643698782,-0.5865402966079871,0.04741888210222475,0.03788006095030182
B0033,78,0.74774641313017,119,Healthy,3.9048875857086487,0.7682108586693307,0.3647445148798894,-1.0442322124897845,-1.4850190652747615,-0.8980982692458472,0.5285793592732386,0.8910761381604245,0.40100517346822584,-0.2678793400734113,0.00498567632756315,-0.36374349327575206,-0.2760035661537431,-0.7143727465078351,0.2345485848990163,0.04578009159863758
B0033,79,0.7498809405786574,118,Healthy,3.6627975907172443,0.792349022930945,0.277464127622801,-0.8451967195894943,-1.1144365583882252,-0.31466713614130154,0.25638007906551513,0.4212259251646036,0.08491120679532979,-0.12267247029061672,0.061320776035758286,-0.45275621682805517,-0.021774599285570625,0.09111748690223975,-1.0831258284313776,-0.017132225331380806
B0033,80,0.7453483403901977,117,Healthy,3.7329657279252784,0.89577959386098,0.33210329711238945,-0.8457607578380026,-1.1637627853946748,-0.40131809292214454,0.3141224667944327,0.5341364910767731,0.13971512630802832,-0.19000407589315807,-0.027611004043699813,-0.2829899682052103,0.12393713864218651,-0.1421600152164376,-0.4444127377429999,0.018599906877024786
B0033,81,0.7400499712525933,116,Healthy,3.8505946218502065,0.5738965391545002,0.27219850810597207,-1.1138836576082753,-1.4029921111062345,-1.0645535161363986,0.5547876299525626,0.925711772728396,0.5257127932760289,-0.2027344453924019,0.1079748187590134,-0.5589218956695968,-0.5824404816082408,-0.6959899045298369,-0.46322470180510295,-0.006195476068134775
B0033,82,0.7338045748050316,115,Healthy,3.71903480004562,0.7305046191728156,0.2515997132565189,-0.9293454284426141,-1.1610352222022802,-0.5760374308916191,0.35536101893459104,0.5877258856649389,0.2527689654416509,-0.13643409878989457,0.06581488525160248,-0.46847629237750976,-0.1901970747021298,-0.14792691726092097,-0.9286024421728948,-0.01791448435394357
B0033,83,0.7364909245960252,114,Healthy,3.6992277396692432,0.8468600873715327,0.3237022917841991,-0.8482694792527704,-1.0370264044992674,-0.5192337803205732,0.3451476932755942,0.5788098338074036,0.23191122291339683,-0.2515829760959251,-0.009147903712778831,-0.2020397327419508,0.09375377691069199,-0.2724834851310535,-0.5329296120601963,0.004247412118081905
B0033,84,0.7371436068603202,113,Healthy,3.722644808962575,0.6118351186750225,0.2525866841872248,-0.996128813017389,-1.139944719639077,-0.8618163194349268,0.4536673432964424,0.7403624091075295,0.44241133740674937,-0.1595946376041433,0.12731166127623697,-0.4443431514942414,-0.356548031441887,-0.47934148209378497,-0.9510109534524375,-0.034700683033727996
B0033,85,0.7317581404173069,112,Healthy,3.870190262160163,0.7546967367213946,0.23666085051690658,-1.0281090309321366,-1.4118057936727404,-0.7484632668637404,0.4413964440640996,0.7256256106568344,0.36233976027414755,-0.1494607159490009,0.023192084619538693,-0.49283658519721324,-0.31717293486633213,-0.22408649600496836,-0.4190768243247651,0.014765658905094348
B0033,86,0.7263547840244181,111,Healthy,3.832535359444542,0.8234446036220928,0.3309377160087247,-0.9526818684681586,-1.2258570393022077,-0.7938957710767258,0.4642015425724507,0.7946404281448756,0.41612385350871073,-0.24288808946294724,-0.05250742027390635,-0.2216437552351515,-0.04161094930605696,-0.5461000329613594,-0.035185861080919825,0.028059701220506612
B0033,87,0.7278651923615124,110,Healthy,3.8338785029685516,0.8420408118768947,0.2375373371887727,-0.9238895456384646,-1.2839440942702447,-0.4944085371929805,0.3330763023908419,0.5509240267887413,0.26755838441730506,-0.13871723008689776,-0.02500948794162042,-0.38928470908103435,-0.03866626156252792,0.023986959597194893,-0.5670716914685954,0.01281328415281433
B0033,88,0.729870049809284,109,Healthy,3.7135693950584185,0.8219203399536322,0.2629594089996623,-0.8542024119693629,-1.039895708189513,-0.49678690844962853,0.3182477890758388,0.5130163041930682,0.2771810340777885,-0.15417206009310808,0.013940257429445737,-0.2479370632268165,0.08218848579255775,-0.08842940111293997,-0.8409905262830842,-0.01287995434285895
B0033,89,0.724355752079096,108,Healthy,3.9824311523924725,0.7812074335099183,0.2974350342661679,-1.0863293880100033,-1.4878407221135137,-1.0350551630998803,0.5682308706102474,0.9597865687286883,0.567714925845759,-0.24426056750926625,-0.06314742031460595,-0.321113723408854,-0.28877860390715804,-0.6461597446578109,0.31966541640514723,0.0483857095752275
B0033,90,0.7333379881442168,107,Healthy,3.895055646062402,0.8327177754054494,0.3050103499273473,-0.9753831285158476,-1.3615391413207831,-0.7086554833218124,0.42708147993539597,0.711112805084591,0.394629519791188,-0.17761907376774508,-0.04473874741224135,-0.297575495675067,-0.09572816603885027,-0.21672124693897477,-0.12405851718944036,0.03428961568266081
B0033,91,0.7344751054752209,106,Healthy,3.8421597095261744,0.8584048772865736,0.3581376828728161,-0.9145019980650324,-1.259021744313778,-0.6077538835266525,0.3846398598542101,0.6541445664879983,0.33553343542666086,-0.17960704748275252,-0.06389538993472624,-0.2287408370972871,0.02159735186610191,-0.12581730664675997,-0.16941702966409575,0.034892469609516835
B0033,92,0.735558294261021,105,Healthy,3.8783608776792082,0.7446802798417115,0.31627970552850343,-0.44226900395260343,-1.1551622058529252,-0.8339078278224815,0.4307133809752966,0.6074034518087492,0.3438659419353583,-0.11601783169722928,-0.02382892275819386,-0.35086374820935795,-0.2126787398909089,0.018882469060056244,-0.5807903548370033,-0.006254517176775512
B0033,93,0.7236506182327463,104,Healthy,3.921812408306408,0.7827450125902216,0.17665920815651476,-1.010562189552814,-1.409586960180553,-0.6558491581507296,0.38593541795419684,0.6337132209440348,0.41145401019171995,-0.11786765715253637,-0.03678630396702,-0.48129536846016724,-0.21656999425370385,0.06333958763638743,-0.592830124917288,0.009289500568635112
B0033,94,0.7102657773780822,103,Healthy,3.908274268266315,1.0087249557332154,0.14472606966036267,-0.8635822093309874,-1.3515126654350533,-0.17379530409028007,0.20755769077376351,0.3350603834850477,0.15757124925230145,-0.07741922167041525,-0.13871989005703997,-0.38449745569239013,0.19748600230185678,0.604651203341645,-0.6149138345822174,0.02930000194566858
B0033,95,0.7120733047408708,102,Healthy,3.8443144934296405,0.9075884040002621,0.22182563340589884,-0.8749234428144825,-1.1721541410001384,-0.47206891100897186,0.3141110860769562,0.5258748837209314,0.33434873207581167,-0.011432098367796094,-0.08757067689489798,-0.2748588458022326,0.18810303010034593,0.08455342564806531,-0.5855177363740238,0.010008133103784293
B0033,96,0.7206410041682147,101,Healthy,3.9144136465226067,0.8133349837161826,0.18744486884700234,-0.971412819966532,-1.4105124346830828,-0.522772832569341,0.3303442595542844,0.5109168757304967,0.34885423405909166,0.05973740812996593,8.049145648694507e-05,-0.4782013609316389,-0.11150973917140646,0.3115440919493464,-0.7660813771258548,0.007590715248858735
B0033,97,0.7224482694460808,100,Healthy,3.8311801150950995,1.1567113088594403,0.4154159559659743,-0.7110199830088313,-1.0635940591413005,-0.19739965245267196,0.23817497044443614,0.4450238271239463,0.1703047640802647,-0.20570225643706253,-0.2737932466649953,0.11979531300521959,0.6846712927575329,0.18512753138872434,0.2524057659852325,0.07492542858257564
B0033,98,0.7270128177397873,99,Healthy,4.0113736032359455,0.8113811221707291,0.21734580524546934,-0.48411981039255475,-1.3135027113475595,-0.8188923405277356,0.42562287321008835,0.5763341070147849,0.40501856608026976,-0.13014411552350663,-0.08274970837151686,-0.3516673977011484,-0.21000979732730127,0.22181241652195866,-0.3879047152694285,0.01223050519080995
B0033,99,0.7113015223771456,98,Healthy,3.860546686380138,0.6891204179076112,0.058738416977479016,-1.0134888976812773,-1.29754595921054,-0.626364845733956,0.3358557413946626,0.5145260359341844,0.4439705648889576,-0.03869275926994231,0.04206389261730198,-0.5973587875199281,-0.34538370950319375,0.36927798774848686,-1.3332722506114794,-0.034403489819939584
B0033,100,0.7050984772945486,97,Healthy,3.8351268599308534,0.8699026247810829,0.1431031976949997,-0.8889930845561141,-1.1540478381013632,-0.4549778074274853,0.2869617133983428,0.45356477028203235,0.35842142744241035,-0.09245510472081997,-0.06835486910324129,-0.3076540551951173,0.07474058124623613,0.33496986647383487,-0.8908464273661997,-0.0047539408794921014
B0033,101,0.7072440649499728,96,Healthy,3.9005282160724293,0.7839978751900895,0.1571833759985513,-0.9723498373125898,-1.264030821167319,-0.6632022025828642,0.36837536314017577,0.592815441589673,0.482914365518619,0.034807891481489564,-0.038908978538673825,-0.4120835857897852,-0.08445497929378519,0.14594886952744338,-0.8040576524367677,-0.005305198226686046
B0033,102,0.7156800164730766,95,Healthy,4.136395268653908,2.1136044962924365,0.6878957995603079,-0.3606580269999528,-1.3989444756939147,0.8104460535184042,-0.01502490675124523,0.08936467731695123,-0.39096599116395486,-0.14593122074034479,-0.8506021374644729,0.8480746807409627,2.2325014908080894,0.9515658262844916,2.846844795205785,0.2961581938592531
B0033,103,0.7257566618258764,94,Healthy,4.050695883579926,0.5923421792255809,0.3592814714316965,-1.1920917100130985,-1.4822036805349112,-1.4884161136916874,0.7115901222190099,1.2028177200929544,0.9298142268670158,-0.2489165928582531,-0.03126401217209298,-0.25928686497198994,-0.5530480833517635,-0.8829203338256406,0.40419697706034885,0.040577387153951185
B0033,104,0.7115188378863366,93,Healthy,4.000890158495389,0.9272246041178483,0.26372991269624396,-0.9685860675303172,-1.4080767841265243,-0.6810884130537642,0.40831837645822266,0.6888991435292179,0.48418986965023986,-0.15336626306242065,-0.174792467544714,-0.21785498616465301,0.03348605291544254,0.11774043136147674,0.08086711869996398,0.05737170279481942
B0033,105,0.6981493481279565,92,Degraded,3.8770303914586557,0.8710644339942885,0.21136440797207814,-0.9239098619579872,-1.1283828634403676,-0.7300351327361063,0.40089068592386135,0.673079882606587,0.5371786089822387,-0.1653349552518657,-0.1348332251180006,-0.15960663542209153,0.07801945343821914,-0.023165316814798397,-0.38561895824703135,0.015279794432935388
B0033,106,0.6989530365199562,91,Degraded,3.8356200524055746,0.8659099310224877,0.10646495395999933,-0.8815426421130499,-1.154911771214828,-0.39755777689251803,0.25143821514299325,0.37327341172815504,0.36016941320516055,0.11677673390839012,-0.04534581525716868,-0.38500026893462086,0.09967125116598055,0.6082700240816566,-1.2378195098212867,-0.019660649898672736
B0033,107,0.7005673780048384,90,Healthy,3.961322713621634,0.8723755956412779,0.13415807045698724,-0.9606600660566871,-1.3325131833708377,-0.5870392139551818,0.3424080303357154,0.5518633376118621,0.4802566207274937,0.06793114724593535,-0.11075378161680165,-0.3811695769524905,0.01151060169407456,0.3822833217410868,-0.6633281644815585,0.012320192528831599
B0033,108,0.7183912644726335,89,Healthy,3.9610500313653514,0.710784213258451,0.1464604208335123,-0.48023938775881236,-1.2280020457542535,-0.7870544963487015,0.3714605508627828,0.4417228567164564,0.4529867970851806,0.010693837754217636,0.004599550577916826,-0.4417295412212427,-0.3243076785536231,0.6362226157631987,-1.1336107592031344,-0.027556638270000898
B0033,109,0.7185003439773191,88,Healthy,4.132501123461406,0.5797056665684721,0.3179634797036116,-0.6870671239538292,-1.3998389219007314,-1.624704569190635,0.7279604797782351,1.1204797368131763,0.9269024446877517,-0.18946011773567495,-0.08004873703660757,-0.29184358166740115,-0.6402627751593161,-0.5730614106091368,0.23139505771117067,0.02080662597958045
B0033,110,0.7051777642267405,87,Healthy,4.01800631411463,0.6450944320809221,0.13403917834937368,-1.1240793334274295,-1.4431076847873494,-1.0223463429341366,0.4933012128750583,0.8175633713055976,0.7392773128729583,-0.08115786550266692,-0.04159444665391217,-0.5065655178287315,-0.4994919206931331,0.08963067444729567,-0.6439036670673344,0.00019782102234438843
B0033,111,0.6913166989980944,86,Degraded,3.930798570633105,0.8837937780419911,0.2420187177074887,-0.9248431947383232,-1.0977275277606944,-0.8530183791700058,0.4433580667834379,0.7706531574356407,0.6813476805052957,-0.20567441616518786,-0.1989364192606768,-0.017440137685727792,0.1563645511646906,-0.18276883090894036,-0.07731769483901159,0.027746118538154948
B0033,112,0.6849701791533782,85,Degraded,3.978279332862847,0.810641707421347,0.0645711919452805,-0.9863732002630621,-1.2896221637831096,-0.6872128635576046,0.35681892301676166,0.5646113485630393,0.6121678460644644,-0.06511956816615777,-0.09163234436983493,-0.3315612116574775,-0.09277804118736348,0.37675239521575415,-0.8046402571187977,-0.002162687088440982
B0033,113,0.6893064663941161,84,Degraded,4.109242330363535,0.6602322967556553,0.10711806767992013,-1.168730085764611,-1.521286829582763,-1.2099006995620312,0.5691121980334894,0.9017283765876319,0.9101329665488171,-0.1328070883047859,-0.027116597068262062,-0.34630398696060416,-0.4708371062836684,-0.18565219916010745,-0.2987116193768003,0.011078322960647546
B0033,114,0.9017979931573598,83,Healthy,3.8232926277680495,1.0916398988235108,2.150868889121738,-0.43380818479561484,-3.0897560786041027,-2.14332597697399,1.292784846572614,1.303337734430678,0.46094225226588165,6.767176389282614,1.6767361972466257,-0.27672956647707925,1.6412619325871014,-1.5776833252703457,-0.6702700307230495,-0.010418400091112914
B0033,115,0.7117212145331004,82,Healthy,3.872291751866272,0.9167009735785699,0.10680348855088459,-0.7754704786607356,-0.15306546724334708,-0.1749201762715433,0.10782941804470868,1.520145420892444,0.545752079571494,-0.8960328801099376,-2.393269370656075,-1.6911389806992982,0.5797872397267974,0.3718927679978629,-0.32041759049077556,0.007326986822699173
B0033,116,0.6973001946479332,81,Degraded,3.748981871497994,0.7393552975500634,0.16132426851825749,-0.8882739456813974,-0.9059485506407648,-0.7077383515192053,0.33923143378015386,0.5653566974903372,0.5892012128154918,-0.059587819068025225,-0.054766259691207596,-0.24096485645229365,-0.04421128039273505,0.3734015588616238,-1.2968747498829463,-0.037223805669566894
B0033,117,0.6980806993911143,80,Degraded,4.002874400534748,0.8697597097324331,0.21687782037973988,-0.9934729950930566,-1.27904570289117,-0.9289910900664536,0.4750847188711137,0.8079354224370434,0.7245389086330628,-0.14773072157067493,-0.1862814708401202,-0.12385991713068004,-0.02637597933560798,0.04996647388672631,-0.035774130158426454,0.04068903139382237
B0033,118,0.6924843041578985,79,Degraded,4.028188438181094,0.8248189710260884,0.12059401492993599,-1.0117478295367115,-1.3743858849443056,-0.781925673257042,0.4021086942313362,0.6614241844468891,0.669942353533626,0.09202155696236662,-0.12779158899748116,-0.3559216131931695,-0.09956587637245029,0.41607045079913835,-0.5862988819877587,0.01597162247237023
B0033,119,0.6857557371237739,78,Degraded,3.9779668807048387,0.7674828856102216,0.11435480436192533,-1.0194255187956824,-1.2504141029975946,-0.9156071693988935,0.4400457092812088,0.720514362062016,0.7568095786897258,-0.08651014840167671,-0.09926065434699034,-0.2620970420446389,-0.1863950637888409,0.2419708600642794,-0.6465132833951841,0.0025732270693276187
B0033,120,0.6808432542439627,77,Degraded,3.895445450222846,0.7941341642055262,0.14332912499943762,-0.9417461788555525,-1.0456806139062962,-0.8607065097852479,0.4096710402628771,0.6681561116289674,0.7419467942620053,-0.16494273719331665,-0.11008374127130192,-0.09016513227905783,-0.010697546431507445,0.18344368767871969,-0.7142602923265414,-0.00631655283767305
B0033,121,0.6898150680483043,76,Degraded,4.001846560199529,0.8063606244622208,0.17424016303892537,-1.0101036045806964,-1.2142589902750742,-1.0461834886778416,0.4992554323601949,0.8289604953495773,0.8588762627463896,-0.14571306812252688,-0.13961629275351436,-0.07219960544881958,-0.059826039812768905,-0.04959448321920348,-0.24039415239093556,0.018605987507114487
B0033,122,0.682115888001602,75,Degraded,3.9745908261160414,0.8510683369945156,0.01720223281796639,-0.9509560166893136,-1.25873003119846,-0.5528485426244938,0.28610134469200926,0.44519061572150237,0.5918992887226271,0.007836792190123282,-0.12186746915062724,-0.3500823879416667,-0.04813016002039449,0.8567946722420101,-1.101558388518989,-0.006777329531085893
B0033,123,0.6709207256040728,74,Degraded,3.9256909398838613,0.8858038718108784,0.07310356102300966,-0.9035517703588308,-1.1589346973476657,-0.5274359669953719,0.2806490424984613,0.43533712925822504,0.5612755877180154,0.17405150123395155,-0.11289770407358955,-0.2892826378406828,0.10848910496219734,0.8200622470092188,-1.1348116686121252,-0.01004017620513119
B0033,124,0.6776107847896125,73,Degraded,3.9601582899586982,0.8365132005730841,0.07381499616444304,-0.9547624401028685,-1.1985036184579085,-0.6961871802711167,0.34562380136909204,0.5520775356176887,0.6671095443139352,0.1465956246954223,-0.12157805322359924,-0.3080835991947456,0.0037591078638709923,0.6312558686245404,-0.9994597822714842,-0.0083019697299548
B0033,125,0.6701930132014887,72,Degraded,4.0457260472687455,0.7603314972472021,0.06815923275812243,-1.0588684129650017,-1.316971280983432,-1.0078593445470294,0.46880805777620493,0.7483611127582803,0.8657857845691029,-0.06383163167145627,-0.1099899724617811,-0.24818525572488323,-0.224483858454194,0.28183572022809433,-0.6170764038621174,0.0030025869685176352
B0033,126,0.6797039457097719,71,Degraded,4.107543392908594,0.785384409651276,0.10658349719035859,-1.0781194834805339,-1.4058351872557477,-1.0448537275257685,0.4958528592208511,0.820991559424531,0.887579036620686,0.08256304530012575,-0.1578551084268379,-0.29757038251803825,-0.18127365909022114,0.23281306439120028,-0.36458858891125884,0.020663023893056052
B0033,127,0.6728550430677751,70,Degraded,4.11948209984228,0.6631921424902718,0.16110116373572028,-1.175322750261975,-1.3355723817154408,-1.563562203226639,0.6953099863697823,1.1704376011304118,1.1895662334681014,-0.19753846248425422,-0.14850867847203877,-0.12101822203531166,-0.4119147131070298,-0.5144284096828386,0.14223080025264953,0.024529230038634126
B0033,128,0.6738805710427179,69,Degraded,4.001921280418776,0.888350980415293,0.10099861690024398,-0.9334479616017243,-1.1940329294770073,-0.7119385638178575,0.35337839598063775,0.5667002712021367,0.7234692774348362,0.12446354586871142,-0.1724463502738039,-0.17624162283490843,0.13708369569117831,0.5897298036749279,-0.7351898140446017,0.007612545636984042
B0033,129,0.6677410515670335,68,Degraded,4.1325790584734206,1.0024355180905216,0.0942429781477624,-0.9510623673544826,-1.3943425580893238,-0.6366655022000827,0.34738461898899436,0.5721046402053163,0.696800734707967,0.11316982255952135,-0.2782654469617341,-0.1708903876392733,0.22379666504555723,0.7039094727279135,-0.233607103113186,0.0481281680114415
B0033,130,0.676577470921117,67,Degraded,4.109061008262267,0.6097962538957848,0.2165716084032135,-1.1781104490633152,-1.3435395664282967,-1.6085828754047067,0.703322988353553,1.147909108785117,1.2343278075944906,-0.18068423494423047,-0.07550495320251589,-0.049491963890146005,-0.4490762139809395,-0.48558398150127624,0.03168267124369552,0.01691177068303476
B0033,131,0.6854838853022146,66,Degraded,4.2727083597213475,1.2278210390146302,0.30578179760389534,-0.3461333803411495,-1.3784964333218221,-0.6480484971435446,0.3701578107624381,0.5392164373536746,0.5760900356955972,-0.09534417063929752,-0.48480567439832023,0.21192411508784034,0.543974438633232,0.7895596722858295,0.8668688624063556,0.11436513892739732
B0033,132,0.678713336245933,65,Degraded,4.269319995345528,0.702782930569799,0.18942992656067922,-1.1702080748531998,-1.5639568661472287,-1.3816474393129352,0.6218764012889485,1.0796830735613587,1.1974210580319025,-0.0050793048324878215,-0.2279986731553298,-0.20151558904517275,-0.265332674386329,-0.180586928170634,0.21638596359689133,0.0426025298954471
B0033,133,0.6721839410553452,64,Degraded,4.170713374714374,0.8493030207107617,0.10793869942494767,-0.936148495798573,-1.231155640999122,-0.8031260538547239,0.3609610282537734,0.662668215721137,1.022824210067953,0.017218254360474253,-0.306418528513992,-0.013338569559600656,0.34705209449745633,0.25096212179968286,-0.4353374544054885,0.007964818036479332
B0033,134,0.665029119297265,63,Degraded,4.334954362136183,0.6586748278120592,-0.02519603231521087,-1.1842312108980668,-1.632093752308428,-1.2067451761717822,0.5179236455850847,0.8610881176531598,1.226888024573825,0.044662812433936765,-0.18927225736044576,-0.3547758571995396,-0.2911315564082611,0.16387768513768652,-0.4317656716886082,0.0057896506734222385
B0033,135,0.7016820929033313,62,Healthy,4.0971963127306115,0.9267379529765944,0.12301820981095997,-0.9204107094200737,-1.1855379353644888,-0.8103412738305068,0.37680170393650936,0.5770376152950498,0.9252900254017598,-0.4748175180641317,-0.20644949299830498,0.3070406766046691,0.21766432384271395,0.4327821640234574,-0.016714680616622356,0.04761909500674691
B0033,136,0.6932785475114689,61,Degraded,4.253515672225891,1.6638203914115253,0.6208907455107278,-0.08160008173469895,-1.109485104327786,-0.4581344225525076,0.3556995473275549,0.6006287514901575,0.4814239478413233,-0.32266088499830714,-0.7979954291638719,1.002236653753327,1.5023482213084904,0.44532678820760013,2.478005107011325,0.21670485256934918
B0033,137,0.6852069088436316,60,Degraded,4.17249986542392,0.6505062955100228,0.14427721230800286,-1.1097886711698681,-1.3219565030181877,-1.3936044568192048,0.589835381033224,1.0234883874387397,1.289544109588219,-0.15868993328337244,-0.1997078886395101,-0.061441086147026744,-0.20375791580188887,-0.1833070408958949,-0.2538948077637277,0.004663020913368576
B0033,138,0.6626596968178565,59,Degraded,4.061326987517721,0.8476460383045583,0.10412695453397769,-0.882623460298566,-1.074255358848104,-0.7395211011602474,0.3222942292849471,0.5918211212075248,0.9662913571118362,0.09184674932723408,-0.27849822806836383,-0.023316121082156173,0.35875295273427127,0.5014679614852035,-0.859353625885321,-0.01225382215583865
B0033,139,0.4219842496600328,58,Degraded,4.119963556864932,1.3716811307104162,0.029093228006909982,-1.4271634816992695,-1.6525758767124628,-1.5260081718293999,0.849569381365049,1.0985408403429844,0.5230069047796659,0.2763408012843577,-0.28009303488238013,-0.4193195043027877,-0.4551643945237281,1.0250314744652158,0.3588517342747171,0.0818068258823507
B0033,140,0.1493309018579175,57,Degraded,2.764930465977679,1.8337176846899237,0.2544373722991507,-1.9513257059416436,-0.2437807212916344,-3.485771372549691,1.8725091900959467,1.7837525070669848,-0.34102660768895615,0.339946587029705,-0.0045945945797304195,-0.4350089355850583,-1.562378657115914,0.7464925606028898,0.8038929719326974,0.04407757681256517
B0033,141,0.1172433987351278,56,Degraded,2.575379524294281,2.19210538664596,0.1532710145165815,-1.8431804490113122,-0.302405226473023,-2.55359090248922,1.55171164385858,0.9734987674013819,-1.2305792781167462,0.6303497282046207,0.06665928271676182,-0.7987755249014006,-1.4861918404093928,2.833652221503625,-0.1558431970224699,0.05436765049846109
B0033,142,0.1012816519036291,55,Degraded,2.2815578460163963,2.2334221868495456,0.5260331568104644,-1.6990602906071333,0.33760150059943234,-2.965370268798881,1.7314420908109076,1.3167292188703321,-1.1097323774707912,0.44813143363252983,-0.045761029756959816,-0.20840406330621367,-1.0465384312120134,1.7928233427665559,0.8041689429723967,0.07715179397585804
B0033,143,0.1176599782703512,54,Degraded,2.153700942359021,2.370854756066698,0.5396497909143325,-1.372077496860392,0.8951432918473521,-2.4787771513504837,1.4966658918259068,1.0730065699564535,-1.14355432670106,0.36287161134554624,-0.19139901078355775,0.2366148044362515,-0.2434443674150304,1.6790160660410485,0.4164253122044935,0.04382831764648517
B0033,144,0.1177521391874143,53,Degraded,2.5307862173937927,2.235298381910774,0.16135616907085254,-1.7222500860652197,0.03872720234549496,-2.598886475361248,1.5478881071751571,1.050908487501488,-1.058366359918352,0.5670088247598937,-0.05265034001404457,-0.4793750468805765,-1.0941059722452005,2.330054681307241,-0.006706890182280735,0.03959345844747233
B0033,145,0.2152121128376461,52,Degraded,3.106767090682659,1.8699830708014291,-0.08666793796997821,-1.5794059810353398,-0.4076820353672724,-2.121041472873234,1.2110219119425154,0.9560113849727992,-0.3161193607744352,0.3976252185745133,-0.13490715159403754,-0.3288147453516498,-0.7012052264392067,1.7638111262107226,-0.6271158050821174,-0.010519568915267218
B0033,146,0.2321816660134821,51,Degraded,3.5991403644681563,2.11696790408204,-0.17986664547535958,-1.864303144879988,-1.552417625117148,-1.9959307745492372,1.261333506512089,0.9593358254966655,-0.5429542362918051,0.4678528834177261,-0.2359483144939926,-0.8078278641867515,-1.1625338594458117,2.7320680674428393,0.6112078031664522,0.12627703001301682
B0033,147,0.1997419690123864,50,Degraded,3.1387050476518836,2.2700071593371725,0.07881369842965358,-1.612328542919483,-0.7478669156034045,-1.9239412801470641,1.2438435473513783,0.8756002650747998,-0.7879449541883344,0.49592139628653253,-0.24925265391812498,-0.3442495008409044,-0.6165357051665417,2.5518628907233487,0.512494222914772,0.10492423283801022
B0033,148,0.7307348947131495,49,Healthy,4.461417032884841,0.4917308454776387,-0.1338896535939591,-0.998125983881475,-1.6577935600035982,-0.581335577364111,0.1519313567016754,0.2641568153092477,1.3859058176855894,-0.062186246439023686,-0.2040120439541389,-0.2722968453725758,0.08444015746760358,0.9858366531242225,-1.4536683939571757,-0.038359899692753344
B0033,149,0.7075499772691266,48,Healthy,4.100494218150141,0.7220299520146453,0.10644362250566843,-0.34232847861109095,-0.9080906916410234,-0.8981857276673776,0.3203515477284173,0.4677201999916292,1.0076438602530273,0.1292990181209349,-0.29176260681968735,-0.054103166803399355,0.19983952774889868,0.8899183690593004,-1.1403674656491798,-0.03129025643810733
B0033,150,0.691816186936978,47,Degraded,4.106713275732663,0.6966927991435635,0.06342549027300678,-0.9460442129575513,-1.1223432186902953,-0.9363790735292397,0.36707038492195077,0.6474340977845922,1.1326054869774134,0.14083311625266423,-0.2444530820013253,-0.14767593003031249,0.06053459628293144,0.6859111628614787,-0.9713313282163167,-0.010350077587944482
B0033,151,0.6852701446804916,46,Degraded,4.191673280496497,0.9486574463105587,0.08923057707948136,-0.9035743993790427,-1.2454426349710266,-0.798561388501101,0.35696912441316103,0.6112328735641022,1.0173133544327706,-0.03843933676185885,-0.3598614799964212,0.09775722149359886,0.3006537394023223,0.8118263835073304,-0.14750292461062336,0.053730507851082875
B0033,152,0.6778521283057699,45,Degraded,4.182500028511037,0.6017981039507488,0.19973200164108426,-1.1234350215000641,-1.1693838314822427,-1.7807694295208172,0.728214888553732,1.2531085093399668,1.5537639879241334,0.002141003057365666,-0.21931034682237793,0.10075203254689082,-0.21627567690957217,-0.4810485162135429,0.12733124963439837,0.02037089490684312
B0033,153,0.6789192896959882,44,Degraded,4.157650156314269,0.8362221377628222,0.10499009366358338,-0.948614247552569,-1.1775692183576045,-1.0071864644574322,0.4259900686697696,0.735936468066174,1.132916189982351,0.12872127238727948,-0.3111994835691541,0.008385185009127825,0.17596517211494633,0.6089988582906591,-0.3728036350143321,0.029054844003567643
B0033,154,0.6804541989785698,43,Degraded,4.244932726286999,0.6209738711710462,0.034186539891894754,-1.1266488012769604,-1.359268353478894,-1.4002478313636468,0.5633122459455494,0.9476661102442956,1.3732015170635603,0.1404250615115675,-0.20930076530356348,-0.20812595956701527,-0.3059607614450244,0.34101069150410845,-0.49216146045261755,0.008864582080793366
B0033,155,0.6747813273842379,42,Degraded,4.138923322107121,0.8825674851573571,0.1291806411007208,-0.8919441116796939,-1.0745782857664061,-0.9544914391226357,0.4019797901994669,0.7004666194499001,1.1373922867637076,0.11721098474626385,-0.3375718889933622,0.14510090188345479,0.3542150314845942,0.5846577549355391,-0.3052821169005419,0.03185000189849833
B0033,156,0.5944438566243321,41,Degraded,3.792668932676877,0.9646665923374557,-0.46717875842916845,-0.48048125278669007,-0.8964369278425596,-1.0480574459912302,0.3738143792400628,0.05810752617955817,0.8579098119573018,-3.366897890918041,0.012673892954805714,1.2364375085392045,-1.0214156152522593,1.8965387908234703,-0.601085658316026,0.02653599463556022
B0033,157,0.7520746967304321,40,Healthy,4.257594440969342,2.159035959184598,0.9736737247263596,0.3642010762734211,-0.8934707200638404,0.20307717395149363,0.12102411003855429,0.3468336981573334,0.29238258062058287,-0.3363354395412364,-1.1867094778576506,1.773525574899751,2.773120351881816,1.0015294730603541,3.8743994434268876,0.3495156370029884
B0033,158,0.7449544319356384,39,Healthy,4.236713804923935,0.5227198982707604,0.3051683695221421,-0.6008665346569146,-1.2434818934839986,-1.9393856528412998,0.7584746485916166,1.2558677131059337,1.5378042019243434,-0.14758428815074168,-0.2705149663300263,0.04621550373520362,-0.45059064531505316,-0.12702564571649164,0.26388211368433345,0.03606659357018192
B0033,159,0.7376650893215965,38,Healthy,4.000295888279691,0.5954764695833662,0.22542617219921082,-0.9324351131139522,-1.040170520627162,-1.2588683526188482,0.484666181048121,0.8902011671774314,1.3064188337874405,0.1047563887559966,-0.20539597626302894,-0.03073384475433483,-0.056319500731207374,0.4402598784169065,-0.821199218150306,-0.003035538953521106
B0033,160,0.7299153827068515,37,Healthy,3.975827407594374,0.7663394827915572,0.25316647616087223,-0.8252838041404652,-0.9410843697703111,-1.0177501169524914,0.4047731719542656,0.7599198090975671,1.1653936938185239,0.10471298114295734,-0.29475070832151945,0.13272474875561008,0.2759143610859819,0.6256834484062321,-0.6319853950585371,0.01718199425052083
B0033,161,0.7237084528862864,36,Healthy,4.341124006058316,1.1960137340375037,0.49157394903657636,-0.2962852447381296,-1.2597018104866624,-1.1533360384016738,0.5390692037418751,0.9238647565887066,1.0778111776442023,-0.006185670288967113,-0.6486354951212141,0.579681163743276,0.7330218052357963,0.4454790867928752,1.6779209051940331,0.16092277767833688
B0033,162,0.7338161837323577,35,Healthy,4.117786395799737,0.9309569462947277,0.35902327952507346,-0.8409394338354521,-1.1837242920908575,-0.9897662230532073,0.435161929219241,0.8097109309227317,1.1231201143369298,-0.07732331927295935,-0.40091400048575093,0.3221403011921979,0.3600525732249144,0.7045038898087612,0.3293598711034236,0.08981058912410426
B0033,163,0.7207762465827635,34,Healthy,4.080584334073488,0.8007368451149096,0.3133186159911994,-0.9189564174020579,-1.051492405322482,-1.361708145580697,0.5639983734165628,1.0377514915554988,1.343979605821927,-0.15426725317083498,-0.3657508045565403,0.31596294635923616,0.15110449961638509,0.23053310361076687,0.21399435557666044,0.05902842128354356
B0033,164,0.7091964367922015,33,Healthy,4.0908620370009885,0.8317186187204544,0.14399337439815266,-0.8807654325645327,-1.123052914821205,-0.9500038249578237,0.3848778576818905,0.7104761325357415,1.1443078622922418,0.18275273858497015,-0.34710548382876416,-0.002254488318069478,0.20494139602041692,0.9628987790402762,-0.6247913928584036,0.028097815321354403
B0033,165,0.7015912419426259,32,Healthy,4.0746537696477745,0.9255399183214831,0.19047495331146666,-0.824886450500171,-1.0399494740765514,-0.9177458541520608,0.38353341391906953,0.7038585615032218,1.1236578176200478,0.15725521454569058,-0.3835554936744852,0.18228499717722293,0.4093771284036127,0.8797584166335384,-0.35278700185902995,0.04380636830116224
B0033,166,0.6955552330605821,31,Degraded,4.1073771963717025,0.8317134549836468,0.21435182228577793,-0.35395651200523004,-0.8713377593461142,-1.2912091591457797,0.4982983066015116,0.7786883619770872,1.1983248664725172,0.16650620382107528,-0.37459399742585975,0.20669050920674523,0.23058288963392615,0.7077762044297936,-0.3725289669045997,0.01733264795891153
B0033,167,0.7043009979067268,30,Healthy,3.8309455035595033,1.6542505909978165,0.34870783125057747,-0.22342037061727218,-0.5374172600516651,0.6084932407213436,-0.17585643106567395,-0.2322874272245175,0.24909368565670947,0.07230664227085874,-0.6756124982236813,0.8787025903909391,1.9547154524289754,2.342470606923786,-0.24393379933342085,0.11154762718935514
B0033,168,0.7068854451974474,29,Healthy,3.8360673519334783,0.8313369087075636,0.17555637062675175,-0.6947537202985526,-0.6818917648579004,-0.5969779184548554,0.2086435274255182,0.38730285340158693,0.9404230497564089,0.2886090040369873,-0.2684522661714938,0.09921776186472744,0.4570511448432616,1.4491416915071653,-1.5843685557440552,-0.022473725016648596
B0033,169,0.7062361172704225,28,Healthy,4.1568582112866945,1.5622106573365477,0.5347497737874831,-0.5184884142008827,-0.9681701648471469,-0.38718533272341493,0.27028162289440544,0.600299186459694,0.804634321328063,0.022690659326248506,-0.8057072526112793,0.9554360388529968,1.5958522509766435,0.9878209936666248,1.6614174937815025,0.1946623694915479
B0033,170,0.6915950013287794,27,Degraded,4.153617847127778,0.7066777519098524,0.046556269873153304,-0.453830839550155,-1.0218018768822046,-1.2962991071338255,0.47346320538751835,0.7017216986103968,1.2275089913627815,0.2943484573569802,-0.3010856494187366,-0.13364882156620062,-0.11891471092816909,1.1265211671943314,-1.05905590256254,-0.01716663136996978
B0033,171,0.6823049053716282,26,Degraded,4.006648055515487,0.7386707853035207,0.14667841359911052,-0.9061516842389669,-0.8804451791195311,-1.294851743224775,0.4988900056505111,0.8678640102447482,1.3536441717458485,0.17658590328793466,-0.28049209147556325,0.15494976843006178,0.1254801731824374,0.6037435436419268,-0.778252525071151,-0.0022400362547042875
B0033,172,0.6848756828912185,25,Degraded,4.132106703317492,0.8490193961009591,0.058913734009026796,-0.9286656491504557,-1.1142846398409885,-1.1277769513306088,0.44713826848201355,0.7533926284231385,1.28016430067641,0.03831318786159719,-0.3379497207686325,0.13620870657484052,0.11438888407689238,0.9575941817783076,-0.5215238309510792,0.02959157558747267
B0033,173,0.6933973455535831,24,Degraded,4.326119156211035,1.651251930482905,0.4253948082171375,-0.02264345094643938,-1.1118128962278968,-0.30507534266815817,0.2211245553223938,0.35467145307049947,0.6512616099049601,0.1553399705002347,-0.8517564379046972,0.8340206603382475,1.5325492695670266,1.663314825982772,1.5687659531506644,0.19718257123687558
B0033,174,0.6959307937871396,23,Degraded,4.037806890823802,0.8535474303800181,0.18157430606810696,-0.8499360087361832,-0.9525862545704332,-1.03905987135479,0.40631339365400443,0.717820173260897,1.2139961341728958,0.010087190037554497,-0.3509034721931418,0.24185363439281496,0.21655335695804298,1.052762635315179,-0.5497622401808719,0.032438959329678704
B0033,175,0.6885811760904825,22,Degraded,3.9629403891489328,0.8997296493334661,0.11016160358685534,-0.20757758415300137,-0.6164441048087157,-0.8475660472499857,0.2851877352195875,0.38292754874830237,0.996473594463477,0.12652599735925768,-0.3624111538228674,0.24627646801294606,0.39405018074399395,1.5739538754429068,-1.281837104244902,-0.017668761159787043
B0033,176,0.6799762679695426,21,Degraded,4.067521706761779,0.7419615668988379,0.03993829986718816,-0.9194490453540153,-0.9972015418839094,-1.1113149331496108,0.4107707201046761,0.7099071887176864,1.3028782111435764,0.2801747573935425,-0.28957279771235883,-0.027906042853808603,0.05472462530045827,1.1300472476089665,-1.1588928636873779,-0.010028917767019894
B0033,177,0.6898895215853625,20,Degraded,3.9738937944600785,1.4658944772423985,0.27068155313622333,-0.4628400138232513,-0.7375751440026865,-0.10655668404822251,0.08627793355015838,0.1514079186958414,0.7137271766334568,-0.48166018638308006,-0.601397742466519,1.0209885347921595,1.295125984521927,1.8717036819298234,0.2752660375274825,0.12281662990663753
B0033,178,0.6815686830983221,19,Degraded,4.0634519715824515,0.9763651404511291,0.1709165171342706,-0.772475305996083,-0.8489671735563834,-0.9633549221178513,0.3795952559738352,0.7068716082622146,1.244249695829737,0.013009688293516883,-0.4838431456880052,0.4067064459304628,0.5510597994040224,0.9921642203044909,-0.30676111331735323,0.04475531355653132
B0033,179,0.6826147614397404,18,Degraded,4.114477857966579,0.7140200391561045,-0.015133812528336971,-0.9458086545893549,-1.0789531297982227,-1.1218354864511615,0.4050972459276667,0.6865436074351243,1.3521598558486778,0.3121683550842949,-0.2737210751596477,-0.08592851100995039,-0.018217150645630432,1.2426678430343105,-1.272211128189074,-0.014253994720465804
B0033,180,0.6749310347029566,17,Degraded,4.055357539058306,0.8891467537765875,0.07611163326756723,-0.8059792635002953,-0.8838385118942391,-0.9199508798929336,0.3407967175124981,0.6071440989220657,1.2386767013684377,0.2602123925472562,-0.38353672334101035,0.18890715019984136,0.40576587397840186,1.2600923336793386,-0.93415454329286,0.01024164821962579
B0033,181,0.6764752086166216,16,Degraded,4.159158898549595,0.9334978062994418,0.0634220772251478,-0.8465344297909111,-1.055539267383911,-0.9402107630917934,0.3621425163309651,0.6408098701752317,1.2633871988733045,0.26511613643134524,-0.4185343635272985,0.1734343084905469,0.3822210002702443,1.2884315002492113,-0.6057167769773435,0.035314351108377204
B0033,182,0.6767870271302564,15,Degraded,4.21412901281764,0.7102651752778618,0.027488058701846865,-1.0216411733933715,-1.1943564338014088,-1.3980517114633535,0.5268419711375643,0.8954392057346909,1.5215103912393826,0.24523657931218767,-0.3022691667118851,0.013003637856174562,-0.1094129610930567,0.9157209071989828,-0.6715868744716819,0.014836304124750687
B0033,183,0.6716112591952512,14,Degraded,4.193639238298497,0.6620001744766228,-0.03221021949024396,-1.053802864073688,-1.1549452746993598,-1.496796339153806,0.5529222690769442,0.9121381964539744,1.5846094138777844,0.01765036344051078,-0.2677952749355545,0.05945032481789724,-0.26544978321120166,0.8798557022932919,-0.7713780611878872,0.0035318735864051
B0033,184,0.6706040884526713,13,Degraded,4.304196139905437,0.5940550261227862,0.1379384098505325,-1.1746074583461537,-1.2431576132210949,-2.099377820010974,0.8171075084139271,1.4159550434493473,1.9151091202304396,0.09655835257663734,-0.32963312497364056,0.17188522684689825,-0.34765720064417366,-0.07534885938965347,0.24109749685754853,0.03904807862445452
B0033,185,0.6638694984993903,12,Degraded,4.0668640538656335,0.7788013830805308,0.07687471661499672,-0.8829087134190341,-0.8479286679190196,-1.2503518732506143,0.45618434822223575,0.7963559538834374,1.451103829199454,0.23095620416031304,-0.3487582685361952,0.2153681725722898,0.20860006282677582,0.9619920917867361,-0.8855759623519396,-0.000730724183523661
B0033,186,0.6648894502227045,11,Degraded,4.180076448539659,0.9001080095785746,0.1473984195818761,-0.8860377909049184,-1.003344953125438,-1.2486931526978824,0.4856666079322691,0.8710255122896459,1.4500044517236919,0.1522394045834535,-0.4680324129861262,0.3431687919240308,0.3277852559928646,0.8947621250808292,-0.08111413467712456,0.05539144122067285
B0033,187,0.6678022514351248,10,Degraded,4.05917983129396,0.761249715790024,0.09697466014436235,-0.8781386469499394,-0.7818580876288554,-1.3106438170292647,0.46940475823000255,0.8271149353279269,1.5221925409165353,0.11280356871782081,-0.3335287534384224,0.3190971882608445,0.21658713097226512,0.8922535065956716,-0.8628082506316225,-0.003326425756740134
B0033,188,0.6588744842855562,9,Degraded,4.1185712318119725,0.7499908793307538,0.01041217055507365,-0.9413860643284979,-0.9118821854251008,-1.3889386514916164,0.5033140351359303,0.8452937618191645,1.5581753094182864,0.04180245149620395,-0.3301848673263465,0.2584744311937112,0.03928844738930087,0.926199933314693,-0.7849490788622067,0.002446870745355564
B0033,189,0.6588027362370985,8,Degraded,4.2810568155228905,0.7174466342275804,0.19096480720658263,-1.068768232304845,-1.0616165570262683,-1.9827285306150015,0.7728904691029622,1.3710686164913093,1.8907459032803033,0.08845511162445484,-0.44067131393411296,0.39322408648869983,-0.012287405413860699,-0.04484546141819101,0.49927208407862445,0.056914211112881606
B0033,190,0.6592639761036191,7,Degraded,4.105924913791266,0.8435235170695414,-0.03614497820372999,-0.8372508459507656,-0.9007701121617848,-0.9401400705403159,0.3197075922394911,0.5527982758076047,1.3337648557630548,0.32744027850448737,-0.37404047278500513,0.10937674963778786,0.2753768395372943,1.574471797952239,-1.232420276888115,-0.00213660728071605
B0033,191,0.6607698634906991,6,Degraded,4.318778400192424,0.6570587032646584,0.028732404366969132,-1.0995789166873655,-1.2040935132710697,-1.7614229894636293,0.6599032208662337,1.1417257405451195,1.807312649081164,0.20701858027352976,-0.3582383839853519,0.11191930376780718,-0.21450424574370566,0.5654182715860014,-0.2083162186170756,0.03025971524186178
B0033,192,0.6523307686464352,5,Degraded,4.194685971174443,1.1136256578697457,0.30042657306570747,-0.7610571025525438,-0.8540172467003776,-1.2086602184619393,0.49593607359296543,0.9227179884181506,1.4534603067738334,0.09644026811305798,-0.6321932395412418,0.7720104594973528,0.7960604266135918,0.6978428473766379,0.8409586008384097,0.11268487600246428
B0033,193,0.6640162385104339,4,Degraded,3.9700358037559775,0.6767971209902819,0.20658693832042607,-0.8967380096876924,-0.6446127255560322,-1.5222752170057698,0.5304504189047734,0.8775972272744413,1.6336002792774633,-0.7301113045548624,-0.24028101877400337,0.7651318909673058,-0.09133528874794954,0.886522104234793,-0.5666313828325383,0.013271693428800675
B0033,194,0.6817274885356963,3,Degraded,4.074007576353736,0.7670972494044492,0.22938988184975917,-0.29741701031470286,-0.6049798484996001,-1.3810947628947954,0.46820774218592287,0.7416085489222204,1.4329445012846607,0.1780490670823951,-0.41191529610785754,0.4001937455808311,0.23954410687931388,1.225417409737808,-0.7825236771400814,8.446839225255725e-05
B0033,195,0.6645658373701233,2,Degraded,4.245377510335851,0.7547396001144534,0.1158175293121996,-0.9687169389669387,-1.0547030636389794,-1.4633430868990536,0.5396081643429398,0.9850581706923487,1.650324913643211,0.23928706736617616,-0.4538187839108254,0.19354346560460256,0.0666896828127235,0.9471925580073908,-0.30309922528322375,0.03904418595928354
B0033,196,0.6562100543458841,1,Degraded,4.210204681804501,0.8001658605100492,0.07234916272840214,-0.9065302250645315,-0.9370152812323691,-1.3256400852048233,0.47609303312247075,0.8706011139082146,1.603310638533241,0.2637889460337477,-0.46372748832498695,0.24796774329452442,0.22256656706817665,1.065170647718869,-0.4966981838676679,0.02859657807292688
B0033,197,0.6576412751838178,0,Degraded,4.0898629440504815,0.7979208482324088,0.10423228486741083,-0.8282823556966528,-0.6957206543150036,-1.3003503596417165,0.4530919071326884,0.8149375853669154,1.5892585422634182,0.2629871230455489,-0.41693447009766843,0.40207727740940846,0.36025849374691143,0.9921324197720325,-0.7243528072710358,0.008657226131477024
B0034,1,0.3729651478822832,196,Degraded,3.277195999183237,0.09055110139517508,-1.3475770324942276,-2.05746925003361,-0.35200509862633617,0.6925660241579948,-0.36763023518785864,-0.9425461587210378,0.039228990899293076,-8.511843175956768,0.8731736721535083,1.8244920831242244,-2.6167201678996816,-0.32236243046830865,-0.01831297147451372,0.04595992625621366
B0034,2,0.8311608576422926,195,Healthy,2.9239157060334064,0.8440679015969011,1.0723051215653139,-0.40300459807228295,-1.846577937816666,0.3461614326851786,0.1616844207841953,-0.921850932720897,-1.0442109522797336,-0.07490338773299615,2.588060263057243,1.5450224803803698,0.22640590430307825,-0.8784664503799378,-1.0793741499529175,0.016801234595063493
B0034,3,0.822543684847266,194,Healthy,3.0540165475665577,0.6468256206671734,0.8152743544524973,-0.5375926824762495,-1.018349823029439,0.2941508498736433,0.10547270757753287,0.36377643651924846,-0.737012225748536,-0.6895428200587357,0.338354120002546,-0.4751884099225903,0.11174089533105837,-1.2465403925320873,-1.1702963144150336,-0.03994754980040967
B0034,4,0.810364644638787,193,Healthy,3.1289142976186173,0.888023257049797,0.8387094312577308,-0.49899690623688847,-1.0159442762535122,0.37828985305111973,0.11025669193196251,0.363885441188057,-0.8207985235560238,-0.7223910585696186,0.2003830147788257,-0.28673473777102415,0.37937541654450674,-1.2357174559939654,-0.5676616652910874,-0.0015838359204885942
B0034,5,0.7983701012563001,192,Healthy,3.1597280931970166,0.8821010475748532,0.6833447609995813,-0.5375337495681265,-1.0962429053003448,0.5320179392273408,0.03750008479971004,0.20140406294175361,-0.9046259987799676,-0.6112224646180796,0.24379143112270454,-0.5221671865912376,0.23601933432029126,-0.7710492452758652,-1.141486954314254,-0.027045589845393778
B0034,6,0.7428250309406349,191,Healthy,3.183142850555845,0.8698852465593865,0.5581633079151225,-0.6282642312272251,-1.0635121481757728,0.2494428244878136,0.15264181907306743,0.34311563038799137,-0.7777166131188594,-0.5885868747976934,0.25899777391465445,-0.5217212932952487,0.023012084303244352,-1.0919706395356186,-1.1037998700110947,-0.045590432948241465
B0034,7,0.7433351098748506,190,Healthy,3.1945209038941735,1.0097249029062922,0.5447549223196005,-0.5676467742127997,-1.045797394870641,0.4490399959228433,0.08515514694262363,0.2261748603438701,-0.8853660511680103,-0.6643962515976229,0.20301945966536278,-0.40469562780206786,0.21824800575070996,-0.8574813567566801,-0.949911049417597,-0.026302479366692964
B0034,8,0.7350665479202634,189,Healthy,3.170241293555569,0.9594793301798924,0.5268223319121172,-0.5756043140669832,-1.0215227460139438,0.4673700722582304,0.06792816689104236,0.1855986058027432,-0.8986170290129105,-0.4768442029728177,0.2528682341351054,-0.5137590873061721,0.17315298778490318,-0.7475690731985919,-1.3069316123332746,-0.048126987223473305
B0034,9,0.7282520900509818,188,Healthy,3.240526579409726,0.8876862571779378,0.5247461284935173,-0.696018318476439,-1.1144094828492834,0.08881303109976918,0.22358911506589854,0.4380076819864239,-0.6960672171442789,-0.6039424354602115,0.26268084499644,-0.48558803452035093,-0.07489736157438534,-1.170593943529787,-0.8990725276025082,-0.037694244751588904
B0034,10,0.7209480517788236,187,Healthy,3.136408954790116,0.9060007502375992,0.4568145137670107,-0.6220441428738783,-0.9584113260205869,0.34019529119954256,0.10687716259131454,0.22646357521874588,-0.8418459153885428,-0.5319628856898095,0.29044754579995363,-0.545873766779678,0.003637687906930336,-0.7685916643055204,-1.5162214050080494,-0.06713987189455109
B0034,11,0.7185474794485146,186,Healthy,3.2380628611854188,0.9394569360897997,0.48985037098736267,-0.6797555435934594,-1.0783547359900085,0.15492629442080932,0.19823832057583554,0.39199326580309085,-0.7290536510842289,-0.592149262653062,0.23582326013733523,-0.4628272695999649,-0.01414208420524326,-1.040184658632783,-0.9231758420267595,-0.036214420566345634
B0034,12,0.7229351812483702,185,Healthy,3.291533142255149,0.9082640121485329,0.5462558422058943,-0.7505516792255025,-1.1396025119458353,-0.1040397597188767,0.30990264693928027,0.5839482526288868,-0.5980236758500711,-0.711564177540993,0.22729907193880314,-0.3935598767576294,-0.1402432387380549,-1.344001769690528,-0.4659585286900538,-0.015354159750174987
B0034,13,0.7160520272809185,184,Healthy,3.2526018091024227,0.877399015713976,0.5361334489617392,-0.7574044979438477,-1.0687083329249496,-0.1613805221098022,0.327642501771808,0.6082897083824581,-0.5801952313726776,-0.6350262430876694,0.249883750905185,-0.4197184541770209,-0.16666094559445255,-1.3832017500976221,-0.6233371006587723,-0.029057691649663746
B0034,14,0.7133603166512325,183,Healthy,3.267721924159532,0.8356425695485243,0.49952571736037066,-0.7924681014578355,-1.091376364998534,-0.2137566851942177,0.34147023094153756,0.622116969289539,-0.5437635470440064,-0.6184867483643018,0.26902980428883,-0.4840407552575515,-0.26477953041594543,-1.361369352370887,-0.7310746484244178,-0.03671562921005762
B0034,15,0.7115423442564913,182,Healthy,3.1347224306174,1.0968677059392473,0.4780545812013197,-0.5520071826758629,-0.8625247014904122,0.5064119126976779,0.060532789328174186,0.13541989913377553,-0.9576401947654496,-0.5567069115974458,0.19099199198391315,-0.3558237934221882,0.29246944121223406,-0.5101962620174454,-1.176505946739504,-0.03455782039244186
B0034,16,0.7204739761209454,181,Healthy,3.1693190501137556,0.933359671054047,0.4806609541799269,-0.13025108524120002,-0.7808766855993021,0.124483020715587,0.17260071147586004,0.18144265437195892,-0.9057374604591071,-0.5055907436092425,0.2652830251652181,-0.48881324320786,-0.07518794724571164,-0.4944163227944532,-1.4571480162812982,-0.07044131382045671
B0034,17,0.7434507720259325,180,Healthy,3.253873386825641,0.816649114386571,0.5258660582967603,-0.24563289386620393,-0.9505196297989031,-0.1544624218890359,0.2823616445863144,0.369778941944528,-0.7493947454575771,-0.5858401344083671,0.3032915955630618,-0.556890633973803,-0.3634067911704936,-0.7003442353088233,-1.1833789116182982,-0.057330433282050085
B0034,18,0.7622656613425352,179,Healthy,3.213201422571552,0.927285627160917,0.6499388732039937,-0.13186424944054445,-0.8582849912418885,0.061413044386851544,0.20888253690667985,0.2811469284799153,-0.8786861166992548,-0.5231074557828757,0.22510047852320256,-0.4299493619055524,-0.05255649088789121,-0.5544771720503782,-0.9645651977852923,-0.0328716932610648
B0034,19,0.7314524802595354,178,Healthy,3.1854247497679427,0.8565948255901882,0.49337660695918834,-0.19000768380443894,-0.78278438523231,-0.0584811262085557,0.23718990859865186,0.30922107811893196,-0.7977378873731131,-0.494315533649204,0.2607433470822596,-0.5579451020389891,-0.21337071489318804,-0.5950564048751114,-1.4485984880425224,-0.07429962702887516
B0034,20,0.7115397254274946,177,Healthy,3.3002854535738044,1.0190289070574452,0.5054466163104387,-0.18808121675700404,-0.8868108569197656,-0.06394901905969655,0.2689788245562487,0.37176005951907265,-0.776455713482809,-0.5745229059034351,0.14277945242990295,-0.37920413243112694,-0.02092764579873011,-0.7241689585848913,-0.7081505085300344,-0.028182514168915398
B0034,21,0.7025520431801718,176,Healthy,3.1571485929328684,0.869781122781121,0.4197324384268276,-0.7452996924952864,-0.8559538804734513,-0.05801437097145313,0.2582654938650382,0.43063055202465805,-0.6453883930048592,-0.6281910702041762,0.294022314944389,-0.4646133013289251,-0.21420174478417922,-0.8718031645477408,-1.2962930514412794,-0.06179867478686876
B0034,22,0.8164731962535431,175,Healthy,2.979425448281013,0.5930726232634147,0.7718331363527127,-1.5943508333673098,-1.0056467659962267,0.44694283316442546,0.03768491799515369,0.4658123502763063,-0.38006901356495537,-1.1770528556196744,0.41212176276419005,-0.11712186284885383,0.1622344918284872,-1.180959861875263,-1.0364397032067572,-0.0022657383845328064
B0034,23,0.7843569104129559,174,Healthy,3.4770804866924943,1.4546823737572732,0.9935032979343466,-0.49014791762604515,-1.0992970236803814,0.21773960749299395,0.25675773764166726,0.6176948764866412,-0.6626836909300995,-0.9643371568740886,-0.1767758213214186,0.5126119268891641,1.09175762386957,-1.4013594240808165,1.8125854305956892,0.14913419425349547
B0034,24,0.7574760483026701,173,Healthy,3.3092963319927495,1.0526228354523819,0.5982257707675336,-0.6201997101073982,-0.9955406041775383,0.297143879002809,0.13146864669727767,0.32515620484485985,-0.692994743422744,-0.5836317694327903,0.13312381081244892,-0.28828344854654103,0.3538895463214359,-0.6100575869120156,-0.7767268475833716,-0.010565700394606964
B0034,25,0.7427591470317313,172,Healthy,3.3572252705275334,1.8318692674729995,0.8594212210836388,-0.2283944950344435,-0.8453320769531156,1.1403411643783279,-0.09888248923450205,0.017647651158393708,-1.185846570933466,-0.7426009956922692,-0.3397031700420395,0.5279893524809167,1.7886022642303097,-0.23290013464454135,1.0780071915827254,0.13760736420867833
B0034,26,0.740385964524537,171,Healthy,3.4014211452227348,1.0415167693402865,0.6085569712199022,-0.725348483899059,-1.0764110883090237,-0.01700794733426365,0.2679067295959664,0.5514581519844096,-0.5186292541908898,-0.6446947394179876,0.1106433790994177,-0.22952897658772506,0.23082058121230187,-0.9581915466748138,-0.31541711421219987,0.005060803914059246
B0034,27,0.7420131786585294,170,Healthy,3.3527529901525255,1.009319555862872,0.5992414034973139,-0.7060054555993682,-0.9830700578159475,0.028850874675568395,0.2370487054173919,0.4912880572083336,-0.5448625422767289,-0.6267833256670887,0.13255174240529277,-0.2524793593394016,0.22247155092824045,-0.8497788665330676,-0.5707042319896294,-0.009379838227308143
B0034,28,0.7461076527753261,169,Healthy,3.338912878653957,0.9724746709666379,0.6627573124159645,-0.7278379250955217,-0.9245805510133588,-0.1679452063030396,0.3148530101747456,0.6152805538625846,-0.4420737221325887,-0.7576280269954083,0.14910711489188938,-0.11677686883790193,0.17711546362285607,-1.1330206432193903,-0.3237850790938056,-0.003503097486944959
B0034,29,0.7366564620496395,168,Healthy,3.345619687487234,1.0070033501641438,0.581449489188168,-0.7082888798085114,-0.9600703097994362,0.04753069418332609,0.22468227726269938,0.4626692730918691,-0.552363670040092,-0.6007476314755312,0.14084859656548748,-0.27118461376992287,0.21387197454331672,-0.7353635595621895,-0.6914485384388476,-0.014431469293260805
B0034,30,0.720796589490003,167,Healthy,3.255997908191481,1.2360050347115368,0.5073450973021326,-0.5257950453149262,-0.8277577627165507,0.6583863063997192,-0.01336218383664615,0.026717477139728427,-0.8954643043056653,-0.5182568425854531,0.09528087894661492,-0.19957166628163958,0.6499795688491545,0.03532965162850903,-1.1617923465872368,-0.018285086830465664
B0034,31,0.7112936599007894,166,Healthy,3.459006282190277,1.1690154875530445,0.5553668850187751,-0.7213463480950933,-1.0888498603372578,0.06256770186911821,0.24719402742196062,0.48970498318205447,-0.5522701682843986,-0.6358427281262454,0.034935994435175706,-0.15735185264264148,0.3718043649614996,-0.7344017147594855,-0.12463624008776497,0.02377764444389323
B0034,32,0.7133244689743332,165,Healthy,3.4000810131815373,1.2071477371641919,0.620893287974292,-0.6531338400668559,-0.924906913597549,0.10754308681354449,0.22832976712081804,0.47695434758243643,-0.5767363428904203,-0.6460601606987872,8.333179667144999e-05,-0.024851276078172047,0.5458680407129028,-0.7952121359995363,-0.03569093561578491,0.02763992832882007
B0034,33,0.7298387780119288,164,Healthy,3.3960680836250092,1.2132788363186933,0.6768121728046853,-0.6357741423699521,-0.8992235238096948,0.09799536197912032,0.23320330211177423,0.477891667617025,-0.5695337902174676,-0.6975597293032951,0.0045568877941848055,0.06933264230391453,0.5982215454467933,-0.8239003662882564,0.10018340905651464,0.03699679559304489
B0034,34,0.7198079969272577,163,Healthy,3.386200861168577,1.2605708443825088,0.5966002999777066,-0.6037586375944629,-0.9229378137741873,0.34891718742288663,0.12867162570527407,0.28735447546190923,-0.7044346307950701,-0.583494743564424,0.008858152618277245,-0.054581613453196245,0.651957683704147,-0.36720012569959737,-0.3216122167032035,0.024421336076589008
B0034,35,0.7097756328924256,162,Healthy,3.3247177026006383,1.1752111971925185,0.5497009998720302,-0.6224130925667626,-0.7916058769445729,0.22105402897418588,0.15869578594689557,0.3336197287434181,-0.618491718403895,-0.5557911648593592,0.058744184407789606,-0.08923359477991011,0.5510743685701953,-0.5071086011147826,-0.6615534139967786,-0.007934646596307625
B0034,36,0.7059050857235226,161,Healthy,3.513254190816854,1.1207589328840788,0.5518194229716542,-0.7891687984049205,-1.1012057617553024,-0.15295003371694868,0.3252184452137184,0.6100275044469126,-0.400271577438898,-0.6364734534954781,0.04619822858393926,-0.12892869021679337,0.2722304802363198,-0.8675684678870831,0.007669792607325488,0.02521272135236083
B0034,37,0.7022098350922656,160,Healthy,3.3807909925375808,1.2341494973521012,0.5321407561901667,-0.6136048042522505,-0.8568211409427215,0.32733369282689895,0.12130237307468725,0.27075522224456583,-0.6548923487047666,-0.549026822954911,0.01969718378999707,-0.08087942224603677,0.6263537612593774,-0.3114187984631106,-0.5560369444753591,0.006734297426940318
B0034,38,0.7367529549303433,159,Healthy,3.431844939136445,0.992059095801059,0.6278442865785803,-0.21070221750777912,-0.8029373885444224,-0.23161567110778972,0.3001122785679173,0.44226774091094595,-0.48378652318954923,-0.6013716550526848,0.11924725491462435,-0.11299443656729743,0.17264886294553874,-0.602899665845818,-0.5265267519195903,-0.01718723286901894
B0034,39,0.7463293003225745,158,Healthy,3.552715487512141,0.9043683250553325,0.5971233869057359,-0.3239743872511687,-1.05142645473273,-0.3294066075821264,0.3366863832487463,0.5150261770694983,-0.4157897297403098,-0.549234101438398,0.12211272516521281,-0.3497838151934244,-0.10465035436192048,-0.49117029936453327,-0.5014683905124873,-0.00982717546415467
B0034,40,0.7410130074972967,157,Healthy,3.6672603338966,1.0140171652699335,0.9068097015468495,-0.9331448476051974,-1.1286186174908401,-1.0864423136708778,0.7241198592713426,1.396207489558591,0.14461126482697845,-0.9297910168198438,-0.10108682099028285,0.28966632685368976,0.166714002705025,-2.3712031734526122,1.946473921485672,0.10532750478337616
B0034,41,0.7117876788294974,156,Healthy,3.454801916938586,1.1530702579385304,0.5727384760005315,-0.151655978644614,-0.7267904506168061,-0.0705976878820304,0.24597399065739084,0.3738450412081912,-0.5426977663961046,-0.5824438419720362,-0.01388205979371925,-0.03163885193975284,0.4552582212526742,-0.4483494116274705,-0.38694571477145817,-0.004890784396519283
B0034,42,0.7019126098622674,155,Healthy,3.408816949484194,1.1018881262548745,0.5366050672553917,-0.7069116323331781,-0.8340383686884029,-0.027691432321489982,0.2444998051515068,0.47714022631374636,-0.424015850600131,-0.5693382820483606,0.05171532049332927,-0.08475920783994452,0.4020259332064195,-0.6249032981568581,-0.4785691208775728,-0.002478540412817889
B0034,43,0.7681586739418061,154,Healthy,3.424061547656433,0.9578687683059869,0.5714065391391763,-0.10910736686402979,-0.7138610446810901,0.055182425124600136,0.14280018578302808,0.1952429719242194,-0.496781038158151,-0.757623385101431,0.12140253806130201,-0.052109617549168444,0.27979169696566186,-0.19023696948999505,-0.8971027278782531,-0.026540099435258754
B0034,44,0.7720183584088366,153,Healthy,3.637591281475193,1.4435893631482055,0.8799783325456566,0.007741917859372336,-0.9574155881313959,0.26459201701424134,0.16426150410164214,0.3153395244678129,-0.6609992811619622,-0.664579975461968,-0.23309748875308064,0.38393389963846897,1.0743815432851864,-0.32968315102971096,1.123827486786462,0.1167048938629772
B0034,45,0.7539460776801244,152,Healthy,3.334542321325069,0.9888384652036958,0.6179290089039001,-0.6340981359553051,-0.7467441462082876,0.11101901852485349,0.15637814865714048,0.36130517332272494,-0.44186551157410986,-0.5547331218283167,0.10400215020808921,-0.11415189248767767,0.4034455238209916,-0.3799658360187428,-0.9218980055332258,-0.020588266708187548
B0034,46,0.9101530029345544,151,Healthy,3.5544472980542263,0.3755271230714985,1.35465163962689,-0.22716783625659104,-1.701823624816699,-0.7150180235368114,0.462043107591635,0.7786606648365446,0.12225234233391319,1.2734583347279433,0.7117250503890888,-0.35278881330126355,0.4719297446747842,-1.4635300814118564,-0.9094711332536402,-0.036150375868075534
B0034,47,0.7968287879113322,150,Healthy,3.573687231723107,0.5193591983468939,0.5473381680852589,-0.8512497794665692,-0.8917062542440098,-0.357881684323702,0.26441740241343503,1.001085319321921,0.14129722126253852,-0.9651212756418518,-0.4240495335067031,-0.8228954422272403,-0.12184263325452657,-1.0202451375370636,-0.7304796560533947,-0.03421133115730994
B0034,48,0.7665352324840485,149,Healthy,3.4553751501661076,0.8287041134741693,0.5042371301318374,-0.687598382119474,-0.8882105915521746,0.06988298203183756,0.1300228708363061,0.3461352566094107,-0.24151999265723548,-0.557256532369245,0.1335165472619962,-0.26618136081128596,0.2409287363827125,-0.35993083890185823,-1.2224505812971813,-0.04185308477308041
B0034,49,0.7431071546553643,148,Healthy,3.504763665175548,0.9500026965175952,0.5865355433102207,-0.7054776338766001,-0.8814067549808651,-0.1569279452424973,0.2534677542271953,0.5508490275531636,-0.14721133764262215,-0.6158141181834693,0.05622184735746836,-0.012873738373475956,0.39161516673019126,-0.8086880535247922,-0.44329889033811953,-0.006493220401125887
B0034,50,0.7514659424133892,147,Healthy,3.6541497092149537,0.8860593269646713,0.636882737746248,-0.8609092840688148,-1.1565734010533621,-0.5241095704777188,0.41865602641659866,0.8217600010825019,0.035227793889343106,-0.6958359523206694,0.04982672252130827,-0.04875121230966195,0.10324808459143023,-1.1375667662857096,0.21004839770563768,0.02790878063587646
B0034,51,0.7601092703464031,146,Healthy,3.593556995424162,0.9338934224032774,0.7478684403540424,-0.7744194213483674,-0.9970734704561088,-0.41816860155971247,0.37966194166627265,0.773847112998538,-0.03982553240199056,-0.7037459536935359,-0.014173679562750459,0.08007627402987424,0.32522131547040645,-1.1174481336560809,0.35780885473989343,0.04082743020683139
B0034,52,0.7559097367502232,145,Healthy,3.7517926084354203,0.9288569481746783,0.6684434637640339,-0.35067833813878857,-1.0947442993151157,-0.6489182535663832,0.4539983966434549,0.7512197382819834,-0.04143852950436019,-0.7345555587372398,-0.03586386166741135,-0.008798805727948026,0.09680591966216591,-0.926814762289298,0.4346805736210207,0.03578699290686134
B0034,53,0.7323006509104525,144,Healthy,3.600926991601855,0.881824465486411,0.5638942395195816,-0.8567663592525564,-1.0244980171916642,-0.47533185999400746,0.38595888044288373,0.7328282612707055,-0.005159042008933099,-0.6981703398576973,0.04492160808659364,-0.09560019345718354,0.09573364401000177,-0.9162104650157225,-0.1909575159747191,0.0045294173599400595
B0034,54,0.7273070480755874,143,Healthy,3.8112615702479724,0.8059871515450109,0.6424858397840855,-0.5135791041708251,-1.1226412418600455,-1.225194651928604,0.6831975801037178,1.1305374213503139,0.276488853945005,-0.713693807007229,-0.008581544353910875,-0.01820913747756079,-0.19160619235617907,-1.6206053533500286,0.7370636780397203,0.025166909544034534
B0034,55,0.7166700245102071,142,Healthy,3.7431466729442344,0.7678758908373069,0.49709625391045187,-0.490065429174475,-1.1116971748198767,-0.9097707125161322,0.5318901553686067,0.8186572312591681,0.09527159291141905,-0.6054292951366903,0.08409854261307108,-0.25420892408428686,-0.30540949995817446,-0.9264482556979153,-0.2141257291875488,-0.01607916137383297
B0034,56,0.724663117319808,141,Healthy,3.677428919203812,0.9260648402946753,0.5112064547109421,-0.3312664919989421,-0.9818212683607267,-0.4439856852041091,0.3483192256067728,0.5232029846908056,-0.15223411638683434,-0.5537245541675767,0.016491567361296366,-0.18093999787856802,0.07200248003084975,-0.3923550589449507,-0.4386950195493413,-0.00976594742649882
B0034,57,0.747599910899454,140,Healthy,3.524520591394314,0.6937051390212563,0.5042860001379911,-0.8857220637768606,-0.9776848462554475,-0.4289326965595432,0.3237380459937867,0.5705225347960567,-0.01739681810971495,-0.5641227433490525,0.2154034062576864,-0.31743171065649195,-0.1865880550217334,-0.4878182169567198,-1.148433048203714,-0.04690823943830296
B0034,58,0.7360295120923004,139,Healthy,3.7017211924736815,0.8215558112842307,0.5007112341071059,-0.39940388809594735,-1.0516088315022518,-0.5788388464350747,0.3897273845978384,0.584743303466174,-0.06921422559096528,-0.5414355746645797,0.06774340296886555,-0.29222896399703363,-0.13947929340043627,-0.383206802388261,-0.5905541448754306,-0.020026462453741598
B0034,59,0.7048691507324364,138,Healthy,3.574677683052248,0.8421195270453511,0.5164856363601326,-0.9041986538118489,-0.8988527110434115,-0.7183831528339042,0.4701459969495163,0.8472169562045223,0.14427510456593,-0.6662600654916235,0.06006806291643125,-0.04518032609775755,0.034629737449713094,-1.0913773284356043,-0.31134568577872573,-0.016646977619582594
B0034,60,0.6930972090692088,137,Degraded,3.597704072546001,0.8941726951909772,0.49695081973219074,-0.8876664015722738,-0.9019244613457397,-0.6481007084568062,0.4453717799053407,0.8057112250025782,0.11918828841168488,-0.6156555779789609,0.027187430286337112,-0.036950859418448015,0.12346450129131581,-1.0080230064468199,-0.27037157112355753,-0.011130564445284945
B0034,61,0.6812062703775268,136,Degraded,3.5168967320598536,0.8827966563680307,0.376460456969034,-0.8369585133862667,-0.8288601306724075,-0.3580222531274371,0.30657297139990647,0.5205964525387038,-0.03613028194110836,-0.5106359209336734,0.11524302841778665,-0.17345818028843663,0.11938261080691832,-0.45522029302544076,-1.1161661523073283,-0.050607564588891825
B0034,62,0.7235688722538639,135,Healthy,3.7102753728882294,0.8173983414906054,0.5521375383022573,-0.9829623498839395,-1.1730965764230608,-0.7885758650514544,0.5067655177321575,0.8818246288670964,0.19126281956898705,-0.6237085874475761,0.08715516699567573,-0.11212545512254633,-0.1333781205310477,-0.9624658845740136,0.01923548314424648,0.015225998334876098
B0034,63,0.7277241695225024,134,Healthy,3.5792235983708642,0.9001618310386269,0.6019117705553209,-0.2716785180045076,-0.7118269430961887,-0.5315946075834543,0.363384030604591,0.5511296953022463,-0.07629645676628904,-0.6547032833031108,0.007224213692214542,0.050139490852220206,0.17540226836114056,-0.48039651777201015,-0.4373833021932574,-0.01616360906212988
B0034,64,0.7211976083651479,133,Healthy,3.8717658083798794,0.6171767188773943,0.5610487279156979,-0.6591996255435533,-1.199887719451171,-1.5188444100651213,0.7645490826526252,1.2385160459183813,0.4923233778277367,-0.6218752120204809,0.0685865738472135,-0.2337491456545402,-0.5954867667461194,-1.4856092613227647,0.3209335550803454,-0.002854489248586339
B0034,65,0.6887709729948025,132,Degraded,3.7700252643007737,0.8465158796784504,0.4390916743774906,-0.47741964851321633,-1.0003915085298585,-0.9446714025774408,0.5366286959862642,0.8272716801227431,0.18360221735038168,-0.5596018840663202,0.0017330252030398948,-0.15283353337924938,-0.1426210997577182,-0.8095607887872458,-0.20165504999572506,-0.016800844893976048
B0034,66,0.6769967946450266,131,Degraded,3.6766390058921448,0.8988833713518918,0.3785879072384208,-0.9433597916818438,-1.0558640195783187,-0.5930971104715638,0.4141758934192883,0.7044212907089331,0.12471752442400502,-0.5818679230982053,0.056137061181021485,-0.15304047201593482,-0.01009903299175352,-0.5826320487627334,-0.5162840044700462,-0.014262739711104248
B0034,67,0.7754519430832224,130,Healthy,3.6848670394721426,0.7758369516115737,0.5534920482699456,-0.24957584895588247,-0.8999650872452625,-0.4794891872396435,0.30018851215071096,0.4792720712455368,0.11736070871015632,-0.8684622147172735,0.06057127850042787,0.11017647518901214,0.1407875766406302,-0.43315951098223054,-0.40711373985774085,-0.005382381620100282
B0034,68,0.7781466348876434,129,Healthy,3.635964000613875,0.6184158057707301,0.6398237953575476,-0.35123093840532316,-0.8204056214234611,-0.9186528614563747,0.47173342147372793,0.7656010068088872,0.29269902063844483,-0.6311430003086118,0.13636095072598103,0.0010874654730804064,-0.11582881331419645,-0.9167069122602851,-0.5427688318966212,-0.03647181046522601
B0034,69,0.7533763302532354,128,Healthy,3.8447879640054623,0.6719535164378393,0.6170510751200529,-0.5208016081688911,-1.052215614566219,-1.3543331199361803,0.6814767406531621,1.172201791783273,0.5256022682811737,-0.7026070516729912,-0.03043066705009972,-0.028573657139069647,-0.2626684804543052,-1.461474325823973,0.43600122815512266,0.007525584088106804
B0034,70,0.722069366651383,127,Healthy,3.759970338200298,0.9225643074730292,0.5171512566300921,-0.9119357348200378,-1.1127902154339213,-0.710573505462794,0.46580941735122394,0.8713620493051951,0.2791565591610554,-0.6828226775700322,-0.052203594866622696,0.04079866692077029,0.1461739244168189,-0.8937975316955103,0.2141077539994378,0.029209422671403966
B0034,71,0.7072051905646218,126,Healthy,3.8261945058893945,0.8924836752431258,0.5530589569740406,-0.4484231020256116,-0.9514948011534912,-1.1779078216388337,0.6335020474328523,1.0414185038732628,0.40125482051718336,-0.7300227701426598,-0.10422230853151584,0.17335390396322475,0.04624015121370412,-1.2893807581073682,0.5948717963479715,0.021073451765963983
B0034,72,0.6948787106181364,125,Degraded,3.866478636974359,2.234361315375663,0.9533221617628265,-0.2533884245070927,-0.9171167728100632,0.7113910127647002,0.07954336540738276,0.34780517340045486,-0.5449976261289532,-0.8527762234697568,-0.8444591681954113,1.3811820205426844,2.576250454187194,-0.2647843914030686,3.3702256143718725,0.28260668963639324
B0034,73,0.7249841557376495,124,Healthy,3.839233617461087,0.6682890046617651,0.5015591022086906,-0.5537304428454363,-1.0855246433759953,-1.267410124590878,0.6357441818668657,0.9988220233037913,0.45887071554467157,-0.612857881328251,0.0632668257978832,-0.12634328677996742,-0.3916042687455861,-1.0216555721691243,-0.06810729312218733,-0.013981191332698577
B0034,74,0.7339326534006083,123,Healthy,3.6213337707850934,1.000912090622958,0.5388804485760444,-0.1760441924818873,-0.7261462675887486,-0.1923225318295461,0.20868460822190998,0.2947025212564812,-0.14229357809803028,-0.47130369356651197,-0.04908137240118418,0.04224220066150605,0.4357952987824867,0.18961965705605593,-0.7779875615079445,-0.014605176694933048
B0034,75,0.7145322155222533,122,Healthy,3.7847546368455878,0.7449254901783954,0.46149320144481104,-1.0419649801603728,-1.1424915752735914,-1.0164916513243012,0.562374405376872,1.0075166547227372,0.46089488809313667,-0.6289882048340575,0.02281564125039231,-0.13350712838645495,-0.21872024336636187,-0.9617747628846769,-0.10821490761893292,0.00033628983823600283
B0034,76,0.6883724173341635,121,Degraded,3.902886774413985,1.0087475916741988,0.40677967421554373,-0.44465925909078313,-1.1400292598238688,-0.8022212298575011,0.48600521006800784,0.7325561291792386,0.20430800389313464,-0.5901247619679258,-0.11395694339778295,-0.01165641982274393,0.0824154425764865,-0.4176366479655397,0.1647708240833222,0.023156249190413446
B0034,77,0.6757906631260528,120,Degraded,3.641746179847679,0.9409385766891377,0.3929253240977506,-0.8602062251478638,-0.8169753666436653,-0.626508799836281,0.40383498311710303,0.7113724425266055,0.2535878631810669,-0.6317683563609006,-0.0330961931256197,0.08582062321300377,0.2430051697943847,-0.6097519339969264,-0.4735599815276184,-0.016371064022635853
B0034,78,0.676996736414464,119,Degraded,3.7702165806067094,0.9133328225818881,0.42700131182321055,-0.4109826256968013,-0.8358039949007715,-0.9879991995575697,0.5329162069171807,0.799824096518608,0.32802130887276437,-0.5975933615504644,-0.04422443401863095,0.12953950206505901,0.09997888381305865,-0.7623087727403751,-0.13657087821250224,-0.015079074436436846
B0034,79,0.6788582558446883,118,Degraded,3.785343517367826,0.9628373060147651,0.384449139731253,-0.3793973576851444,-0.8872301308155913,-0.7485845997449274,0.4371440857426668,0.6415285122317234,0.2014989530548204,-0.4940214997443412,-0.07185503052915575,0.012229528508850306,0.17000070795500064,-0.34670974106591157,-0.37511495377341636,-0.014815994162717241
B0034,80,0.6670846576755135,117,Degraded,3.7206116953414203,1.0491244548457208,0.3181745212729939,-0.8478097230754497,-0.988927677641876,-0.3603737672782759,0.30632487757596955,0.5130420663672228,0.12286357353289466,-0.5310764274194346,-0.05403207007982313,0.00020225941716003738,0.3256390010168081,-0.06410095239617244,-0.5871937394374749,-0.0027918162572058976
B0034,81,0.6686073944391994,116,Degraded,3.7116971182107994,0.9222553385281078,0.4446481586528664,-0.9289148652283841,-0.8647773183547478,-0.9384087738676663,0.534623458794466,0.932320929992668,0.4460747117381894,-0.6904493644587849,-0.05527422554983473,0.20867530021219563,0.17558499792592255,-0.9821778037656317,0.03710936451885393,0.0036049418273170044
B0034,82,0.6695226121384635,115,Degraded,3.7388510174863216,0.8985622400340875,0.42809388265418613,-0.9477933896735026,-0.8989654666603718,-0.962525982795841,0.5403835787500813,0.9501645973842889,0.47720574570218693,-0.5862621676059366,-0.053113625432429555,0.13473694406996067,0.14636730965312894,-0.9739725877859792,-0.029536002782491376,-0.0007696245307690447
B0034,83,0.6719622302378161,114,Degraded,3.8081034052392573,0.9104286501025068,0.3489494401620772,-0.984626833269061,-1.0627427771474167,-0.8688167032498443,0.5019359237831157,0.8541024384115784,0.4403634322473499,-0.645575346158894,-0.03386756620401154,0.047551640206571676,0.035237596096330905,-0.6649990434074797,-0.11647488895110544,0.005322308169691391
B0034,84,0.6727393096045122,113,Degraded,3.861384938890334,0.9853236934619429,0.32402391204365716,-0.41385620793271916,-0.9976610471890425,-0.7512287833887317,0.43546446990010806,0.6187489383549748,0.24315921607445076,-0.43794268474825016,-0.07611324384206256,-0.025749517574215973,0.12912345016588309,-0.15747139549082395,-0.36967341169548096,-0.008515020110070265
B0034,85,0.6741131514841272,112,Degraded,3.9313320673908354,1.3769531708009073,0.6219953072289213,-0.2502735398569411,-0.8760456435018403,-0.751235334998782,0.5087331524666358,0.8379776852233535,0.2335853819942853,-0.6795454218075204,-0.41000966312378934,0.6628523415262798,0.9084420116460635,-0.791965277931838,1.5838954285307982,0.10647013522772909
B0034,86,0.6686596149788029,111,Degraded,3.757291188624979,1.0190045907254461,0.291003691386561,-0.8678307068463094,-0.9858974614795323,-0.42827197256143995,0.31885961201125296,0.5368416212184367,0.2153851354355586,-0.4571057992996876,-0.06441409928690464,-0.02317226488719983,0.2949906543935043,-0.004272079263635944,-0.6531825878987604,-0.006829233116465934
B0034,87,0.6701261670776517,110,Degraded,3.8124261226003413,0.8236296542365869,0.27920718431816216,-1.013859459110005,-1.0809153501734445,-0.8458294165722404,0.4693356825005589,0.7904150309420597,0.4632208014335746,-0.4791600761779974,0.01464095855607744,-0.1406082816822799,-0.09390829653032538,-0.40125678144737387,-0.6250762327816772,-0.021344065731019615
B0034,88,0.664548284118956,109,Degraded,3.7470687270433425,1.225976994096516,0.40560453194989254,-0.7458823085284181,-0.8671652841689108,-0.30956180386433807,0.29737159504930905,0.5186055234352931,0.1581983347567529,-0.6033313163466281,-0.18806508678236947,0.3566270678511133,0.7208890502093596,-0.10910662998400804,0.03797479365176345,0.03789228457153956
B0034,89,0.6661742827883176,108,Degraded,3.792082415765535,1.0193943525404572,0.35840994526203634,-0.8889848903812974,-0.9725601754091996,-0.6361212664101781,0.40656265976794365,0.7069861081581122,0.3520423991242,-0.5200913452837836,-0.10867740616204696,0.11460219289071398,0.30990178418598174,-0.3209406878747473,-0.1991278121627303,0.012073470804688978
B0034,90,0.6750770655277758,107,Degraded,3.7141769971006457,1.0760785617255715,0.48508150785388077,-0.7905382570283929,-0.7869725227944145,-0.5925372034354505,0.3935067527972583,0.7090682627267078,0.32546841518807534,-0.5339053077379192,-0.14412847852659924,0.3399257914263155,0.5626008529982779,-0.46400092176730295,0.02628880666934565,0.023269731883505694
B0034,91,0.690761720527064,106,Degraded,3.752593780384629,0.9626563887978479,0.44747084387408126,-0.2974820152232526,-0.722467686514798,-0.6760609345009023,0.3804545555856822,0.5636747437996379,0.2527414220219007,-0.37550049367696836,-0.10214423436903369,0.13065806483708026,0.33714372221144623,-0.08437006261850738,-0.5286987103406519,-0.016819912708296636
B0034,92,0.6917985976408904,105,Degraded,3.9252192165751416,0.8473024597038601,0.4577911018769305,-0.5063194148844722,-1.01596294301193,-1.2160433248016032,0.6078547479247572,0.9426060336702468,0.5526081300949138,-0.6014744105516038,-0.09329205515502789,0.10810399557632004,-0.08617317608514118,-0.6133498245642139,0.18060025143113845,0.01206899058865443
B0034,93,0.665058093104045,104,Degraded,3.8883109866148446,1.4317324141868413,0.49630380423221604,-0.7109162035533335,-0.9978784410338322,-0.24131897298154287,0.3045691588707169,0.5886776126524649,0.1572111939893397,-0.6954950880242696,-0.40083814359254916,0.5554013081917725,1.0186176112465626,-0.07854194747502827,0.9968603065058541,0.10756526341089864
B0034,94,0.6588491060851616,103,Degraded,3.817725511511127,0.9020887467034937,0.25078064842322295,-0.9647012792855473,-0.9897409977213693,-0.7865391337599913,0.4378519934498965,0.7493990680477473,0.4932589280054048,-0.5320258805899569,-0.06787330692544255,-0.01375042378651622,0.06885892639318086,-0.2628283874704016,-0.5601417547469772,-0.014961919011705726
B0034,95,0.6531828859825636,102,Degraded,3.726888721504461,0.9925596793686915,0.29813680208533533,-0.847724109760458,-0.7759632481271043,-0.6404037430001297,0.3798595820213232,0.6521324643113778,0.41846593833637385,-0.49169399562048444,-0.08950732492700444,0.17850600839535144,0.37234485907869536,-0.25592016815307694,-0.5902126239462088,-0.0175086773016702
B0034,96,0.6690783691896891,101,Degraded,3.7999095021686493,0.925104864798923,0.3974404840094635,-0.9329523173068031,-0.925348716960954,-0.9215863432305836,0.501915501941309,0.8557219948299628,0.5609672943962839,-0.5640156302884751,-0.06485410377467354,0.22736727929528455,0.18961151400369594,-0.5608186743479544,-0.0953027400226529,0.007936722141078066
B0034,97,0.6781629046082533,100,Degraded,3.9079746009744896,0.9457757017466265,0.39936538117831394,-0.9664374040761962,-1.1145602941485817,-0.8450316408638957,0.4802788443005411,0.8533320610499724,0.534103187301546,-0.4990943933670443,-0.1377917009073796,0.08847727334742744,0.1515258038989041,-0.3552609238829281,0.10394825041329579,0.03200673511597665
B0034,98,0.6824498764775029,99,Degraded,3.9878637932157517,0.8173509111869106,0.30373782548563505,-0.533348679795247,-1.1168672212223305,-1.0819732994874562,0.5301212912998553,0.7824035579008232,0.5523420084533229,-0.4471801079271395,-0.06291177595588766,-0.09109451575751976,-0.18733852565813375,-0.12928632537405,-0.3388498080690419,-0.0078234320078768
B0034,99,0.6668819987767529,98,Degraded,3.85310027233512,0.7747540875278107,0.3327262734780746,-1.0439619300337382,-0.9586653265660886,-1.242433883277955,0.6078302470773885,1.0625560323074092,0.7927725453772948,-0.5419744425554459,-0.057736394981331665,0.08057361504611239,-0.08416013473625092,-0.8447968006848001,-0.1916776264992376,-0.012753687810939055
B0034,100,0.6530061834329381,97,Degraded,3.743374990806956,1.3226808082424548,0.39875263309746295,-0.6380201917877858,-0.6890473302465344,-0.14635895856683084,0.21249820935647626,0.4142737370975679,0.18290970902932982,-0.4814209150151863,-0.3049730854663731,0.4900860088152071,1.0431773827293283,0.18746878675360243,-0.03337642056862587,0.04073159026956307
B0034,101,0.6550934180687904,96,Degraded,3.8345902339570554,0.8182452327108662,0.2496169311739649,-0.9977523185756323,-0.9504727478635048,-0.9806555654869485,0.4930237255907882,0.8328857906085764,0.6648215516092701,-0.5010247861490372,-0.03144762934790451,0.028005496097621357,-0.02493401386766385,-0.3667777637170676,-0.614253442851649,-0.024796498597163763
B0034,102,0.6783834470848052,95,Degraded,3.8279470874076327,1.0634076565132673,0.41459760127849754,-0.835258844888542,-0.92303635831025,-0.6104395323592212,0.3806082970629509,0.6619793660717544,0.4341091622786542,-0.5371795237873221,-0.16013251214223237,0.3147045825077698,0.459244901602681,-0.08020376746443637,-0.004443011324701749,0.03376275345859886
B0034,103,0.6958428716793859,94,Degraded,3.6868524619395084,0.9557901698008904,0.3207644211371195,-0.7567192855247433,-0.7744541433317751,-0.241701126076405,0.1876528216525405,0.3222152849342056,0.25560783188519376,-0.4172934795323982,-0.05089148862252121,0.07586233005871397,0.38939875700944065,0.6121092876244334,-1.2364759484209151,-0.026183042051600502
B0034,104,0.6814967539672389,93,Degraded,3.9198648886301,0.8564708317339306,0.3450116262947826,-1.0139731372545489,-1.095964387739518,-1.0161060277100011,0.5223072899444424,0.915441148600688,0.693136077395003,-0.5364111080298788,-0.10727067040725308,0.06751111449659464,-0.008578468674986161,-0.34845406966491715,-0.10957721853285135,0.014343340058732716
B0034,105,0.6605855986950314,92,Degraded,3.8428866688916514,0.8642155055007841,0.3298632813217029,-0.9659506983993746,-0.8602156066698345,-1.0939427641249706,0.5422779577341226,0.9604454930560464,0.7639230553181353,-0.5343310442876885,-0.12525415387852115,0.20050909908976836,0.13678696489927053,-0.6222752853995963,-0.19579920133267206,-0.006198226129682724
B0034,106,0.6537434507796678,91,Degraded,3.863646341323224,1.1125253765708887,0.27127868931293597,-0.8300408749748045,-0.9571613143393922,-0.46831361212420214,0.313097410709829,0.5360877928159554,0.4127315339073489,-0.4131338860616577,-0.1813564445902911,0.19947808493795138,0.5139431617012975,0.2594141440760363,-0.3934749107394747,0.01638846449745091
B0034,107,0.6552940947741744,90,Degraded,3.7775124108315765,0.9524816415300479,0.3259017475898684,-0.8681737613488393,-0.7304764354974156,-0.8640958131845541,0.4473137556111163,0.7854675202308041,0.6454565676312456,-0.5426373297999919,-0.14111134216976937,0.31198142078307767,0.35132799355700317,-0.35125343897168854,-0.3715844763820833,-0.008928267101732367
B0034,108,0.688156334098332,89,Degraded,3.999345673969133,0.8251178546784737,0.33881815319148684,-0.49626476045964313,-1.0608079507172932,-1.087411513526981,0.5150103056825674,0.752347056322032,0.632652756655305,-0.43660791646506525,-0.0792689080155019,0.041572768031065764,-0.0999028499585583,0.033414103028945964,-0.3223310270754667,-0.0017441428357522668
B0034,109,0.6958824645661436,88,Degraded,3.9056479064582286,0.654651478580078,0.38361949895946335,-0.5150269097685921,-0.8651775627992901,-1.3245872906021436,0.5805253400653945,0.8984257114426388,0.7804247046709404,-0.43594508095507906,-0.03950292596803199,0.014922840915190838,-0.2520789153333998,-0.2990520380928981,-0.6005936773718185,-0.03602233830262492
B0034,110,0.6824873176726762,87,Degraded,3.932390890399996,0.9368222621663805,0.34808018147164127,-0.9316706909911746,-1.0445941308122504,-0.7825982673940967,0.4211892242784429,0.7663635413037905,0.6243285187422258,-0.4684090848937752,-0.1874721651296425,0.10731916499934754,0.21099305496102747,0.021332173892828342,-0.17885532336440643,0.023570407444289867
B0034,111,0.6609546968645948,86,Degraded,3.896721813996671,1.1009453328295928,0.31992957610417855,-0.8259217947575241,-0.8975424223979745,-0.5836762134952704,0.3509327298771727,0.6465473625251645,0.5340672108472085,-0.5013590382874877,-0.2641017478975405,0.3033050360893074,0.5543277139633142,0.10563942280747744,-0.07679575047977777,0.031457669984413586
B0034,112,0.6545016944036957,85,Degraded,4.017320682974615,0.7262929628395027,0.1939914774176399,-1.1278173142560344,-1.1826535934279634,-1.2617746957953921,0.5884428070726303,1.0007208928669167,0.9301209442581679,-0.4206141406186852,-0.05520302289237448,-0.08462913964938491,-0.2688950212068183,-0.3606044195811563,-0.4153042472783691,-0.012634422594484227
B0034,113,0.6663502860986866,84,Degraded,4.070782593153358,0.7328802847566356,0.4186934874196603,-0.6295546281721071,-0.9520614947037255,-1.9258506444858805,0.8518510308121465,1.354840176398949,1.1543209644833148,-0.6263687753407324,-0.1399342562805028,0.37434363908420637,-0.2237835156539264,-1.264493887982475,0.7235184158150124,0.01510643991223813
B0034,114,0.8711987594834699,83,Healthy,3.7861626403687403,1.15999508542853,2.221437510224156,-0.3861386857688423,-2.80858347689977,-2.1987619762396093,1.3013211158559226,1.3490818839931076,0.5663123703766989,6.11548470236243,1.658901241093357,0.19614490247369498,1.8198305053450812,-1.8011461300621425,-0.5244222774730944,-0.019753581768061766
B0034,115,0.68867378140973,82,Degraded,3.8122088966171175,0.7009082669281013,0.14664253135631408,-0.8626159710526459,0.12108740792056354,-0.5995893564203394,0.23214313070181763,1.75880056932622,0.8616469486216073,-1.2310951665969603,-2.2658921434561448,-1.531342446974331,0.3743343428936539,-0.17751284174081353,-0.7922826051746932,-0.058479234017258803
B0034,116,0.674379943838875,81,Degraded,3.9064563929725944,0.9271541646311136,0.36597243136844737,-0.9222016097198186,-0.9150798180544779,-0.9858189822997352,0.4924115481904994,0.8988559387212751,0.7811069005762444,-0.5170876848688255,-0.2124606864403058,0.26958970971895335,0.256741586821784,-0.24699700594937352,-0.01171102379688832,0.022459385842173604
B0034,117,0.6750752279940573,80,Degraded,3.895484291273958,0.8043024566160807,0.34976623881945795,-0.43160797368683107,-0.673538644515737,-1.3320285938554066,0.5831306202347154,0.9242113645634775,0.8584177158934194,-0.47206136211769023,-0.16467555891025015,0.2776656626733888,0.07549585684214134,-0.3981014157600059,-0.3135938354418167,-0.02417494431836878
B0034,118,0.6693907437542976,79,Degraded,3.904542460315116,1.078516820475212,0.3584882896575046,-0.8244198852068615,-0.8758288983675461,-0.7034913326485934,0.38870935142138513,0.7149708926195,0.6446494541933332,-0.45635774688506886,-0.26156605754757273,0.38025936086255374,0.5528384792008408,0.06579225144210925,0.01889022607762428,0.03678002428820628
B0034,119,0.6626685605201342,78,Degraded,3.8484689720244694,0.7594420536464284,0.21483672126834918,-0.41909802305461746,-0.6474540943289937,-1.133497268281969,0.4773833499754751,0.7000087503359633,0.7684079311800903,-0.4493001026446489,-0.08422792696503635,0.13053449842991277,-0.03373975518034013,0.09388297105767614,-1.0477439862312687,-0.05857935446044649
B0034,120,0.6654080298167024,77,Degraded,3.983184605729805,0.795479936161544,0.21340929714639267,-1.0244483931834203,-1.0783141344820966,-1.0521809163063482,0.49000925014788405,0.8473490871737844,0.8777356248032557,-0.4348911410126572,-0.10099557768655729,0.037635464415151546,-0.07270140459200095,0.018459208050721758,-0.5192986308058288,-0.005019735878561268
B0034,121,0.6665416883092515,76,Degraded,3.8997485881251484,0.799803878163673,0.2899387391190907,-0.9786703636482585,-0.8794496693773245,-1.17964189135251,0.5396221135459094,0.9416269748239368,0.9433238589907831,-0.4565160050332623,-0.10656639893261755,0.22576220355297172,0.05768875095692866,-0.31201340214448803,-0.38905754920611274,-0.00983261851920976
B0034,122,0.6666613267447962,75,Degraded,3.95437577408845,0.7719065615612571,0.26276531403753617,-1.0209144362296456,-0.9564158498991562,-1.2240554764737568,0.5548963112392251,0.978290822411645,0.9844536779173491,-0.4460094405753764,-0.13001705504012098,0.13923841427536876,-0.030765094638241626,-0.28842134475425485,-0.3553206009817529,-0.006842571399234049
B0034,123,0.6632140548758239,74,Degraded,3.8378016838927858,0.9358873535737902,0.27754639095941613,-0.843400432097586,-0.7448078311647858,-0.8022076954036065,0.3878783049035233,0.6832488551738531,0.7508352313539147,-0.39508116197608456,-0.15699288716631454,0.30709326430036527,0.3816859461990118,0.1295391146402814,-0.6264680787556529,-0.0095497013809816
B0034,124,0.6619855204934285,73,Degraded,3.8018964527418837,1.103118654832283,0.21847627168954273,-0.7111492092046791,-0.7064303644322312,-0.28773800509018144,0.1858681379609675,0.3371827883855779,0.47460357779759665,-0.36461192039088836,-0.22075926919543062,0.3023778673120598,0.6790889938033454,0.8298747542605482,-0.960022832957214,-0.005455344950673594
B0034,125,0.6624682112535578,72,Degraded,3.791404144909822,0.923883831829479,0.2290616440123263,-0.8046593967346963,-0.6749989594447109,-0.6651924897111907,0.3156238666180808,0.5534004543798214,0.7006856399788307,-0.411282082191575,-0.13895655266478701,0.2764853356574819,0.3888743726324749,0.3949737074447778,-1.020208672349433,-0.028290533129670663
B0034,126,0.6641533837785462,71,Degraded,4.127289150386932,0.9108638201226761,0.2670078706706247,-0.5053079193589728,-1.027627300535878,-1.2973974033562377,0.5826665014625699,0.9052640185004419,0.916615210603062,-0.46641385300747645,-0.2536377511097095,0.23588796796133046,0.042963607034738706,-0.010405884024091889,0.15027700435792246,0.023098156878767057
B0034,127,0.657292174454613,70,Degraded,3.9927811097918537,0.8952126798710354,0.2102715249156433,-0.9479179776021344,-1.0056490676099004,-0.8853326630637051,0.418376795781109,0.7444564467880206,0.8464595566556964,-0.3398372492701924,-0.18649221700474114,0.11463568373614277,0.1714158316242143,0.2892805235717088,-0.5326670253768186,0.003003318076589777
B0034,128,0.6583420899271653,69,Degraded,3.8669485512774084,0.8231437835105629,0.2336595595033852,-0.9138184279775265,-0.7635159641179601,-1.017126144507614,0.45132141206225723,0.7838167545365424,0.9216598677337913,-0.38676189122014476,-0.11853754834930018,0.24642939181494672,0.17782085259446975,0.03713114543302476,-0.7869128120044082,-0.027177578749348962
B0034,129,0.6520863824827036,68,Degraded,4.122612412876469,0.8833032234089314,0.2739659289164472,-0.5031556822134781,-0.9618953618230116,-1.376723095125327,0.6040339490097264,0.9528682421245261,0.9959975912217833,-0.38621729488773887,-0.2584017862222128,0.2547994315623502,0.06905226679348278,-0.11124799287065867,0.10250747674055136,0.014307901860825997
B0034,130,0.6767225036786153,67,Degraded,3.969723405057795,0.5625874880241836,0.2844576252805859,-1.1284628223234736,-1.0098564328591912,-1.5847581088621867,0.6656323982352711,1.120245170841802,1.2338820937349921,-0.45352023451130263,0.013244582966066433,0.11657933627192493,-0.4051924158505772,-0.4133330974651864,-0.5781985921154194,-0.029283166266906364
B0034,131,0.685647041256893,66,Degraded,4.138890591977975,2.1401807597578038,0.7328134026901365,0.2622309896742345,-0.8175517339222341,0.6162876761252131,-0.03503405514780365,0.00020551476551859712,-0.15372586848875128,-0.4565889758653743,-0.9681548125486019,1.3370629742137075,2.4670302541154254,1.5290990229065042,2.328712828968601,0.24814935116898246
B0034,132,0.6788496609612555,65,Degraded,3.995656177124598,0.880707054978095,0.2941701124857978,-0.38278367761594523,-0.8174624931601121,-1.00623076755122,0.43318980335731433,0.6674298162527462,0.79548350776904,-0.33910665828156067,-0.2363471703713954,0.2025608000571873,0.17429504885324093,0.5055780815930094,-0.5717840114321912,-0.007718389788482669
B0034,133,0.6643451545459751,64,Degraded,4.07874196522448,0.9062783216891731,0.2576566363744878,-0.9925682330151236,-1.089667422410441,-1.0803220291499909,0.5018105123982185,0.9076419352350797,0.9916888367166273,-0.42146264818003776,-0.26658402577317547,0.20356534762758013,0.14163868909216729,0.1331971395849496,-0.03601744387689254,0.030989312057362287
B0034,134,0.6571971634090862,63,Degraded,3.883265547938662,0.8592802256104669,0.16832044735274185,-0.8726039116618273,-0.7781010174853458,-0.7865045740037792,0.3448096808312108,0.6067947752702507,0.846704040691004,-0.2984949604979041,-0.1597057450628726,0.15585231931231636,0.24621873367172503,0.5460469980503657,-1.1275721406494703,-0.032461013291645
B0034,135,0.6933391515055362,62,Degraded,3.9532971699909716,0.6854342635946856,0.08474901593682548,-0.9730849662166808,-0.9732201101551181,-0.8462107006013305,0.3369811552728549,0.5307163241128422,0.9412888764571726,-0.4735189068797641,0.030846242548965293,0.059422881317588175,-0.152985014754357,0.7657715137993297,-1.4353425758970493,-0.044328472585456455
B0034,136,0.6934165229214604,61,Degraded,4.018455180357214,1.220695393465366,0.5795672069302285,-0.7199001044315607,-0.8766818224631711,-0.7532108923522831,0.41040037783975836,0.8214367709446956,0.8336207246556324,-0.5650796790622864,-0.4592655651067312,0.8411019362650904,0.9493416482042158,0.051522023517421,1.046625566992971,0.10928917952870262
B0034,137,0.6774018689645507,60,Degraded,3.895399073748644,0.6893952658948106,0.26587075857001,-0.4105450072536555,-0.5938556089852113,-1.342856221119391,0.5238614015515163,0.8278189993605228,1.051928612000079,-0.3820909400268996,-0.15106055795327017,0.24309328862160343,-0.0035031656509254758,0.1172964864146808,-1.0252133029150223,-0.059286959412608566
B0034,138,0.6627893834975834,59,Degraded,4.018156231867887,1.0375899372640114,0.30570465816176573,-0.8690037761598556,-0.9135715320097394,-0.9392620165591188,0.44638337072609546,0.8302497480583169,0.9534334306473612,-0.56050628356611,-0.35660677016189213,0.4823649290745644,0.46449716815016434,0.21245112608841893,0.1517079620425444,0.046031596173323405
B0034,139,0.6559864338188776,58,Degraded,3.842752161879945,0.7022517025326954,0.2142105168153101,-0.9369158503186417,-0.6394722676706565,-1.272270607815008,0.5152529913294333,0.9073715523960226,1.1601591846540065,-0.42037959460199836,-0.11576991848795046,0.2901979954266761,0.05750018142791702,-0.07065622575925046,-1.0176765807795118,-0.05163426296191115
B0034,140,0.6532243974397599,57,Degraded,3.93967397601035,0.9195002459957422,0.2641098486779691,-0.8969395484784031,-0.7409650135950663,-1.178627013382575,0.5197890121215543,0.9346695794639092,1.0904863946676286,-0.42340565521861584,-0.2754325529353852,0.4531679024917029,0.35138151017979646,-0.08606576094602852,-0.18918957128501054,0.007909479091862496
B0034,141,0.6709215940274512,56,Degraded,4.000664441779504,0.5219579992111121,0.2838065335823581,-0.6057297900392314,-0.7432961696220388,-1.9886537715050907,0.7808808222676941,1.2119016452360245,1.3991603388677833,-0.4637982901473448,-0.070977096008864,0.2729924494481943,-0.44480301761004454,-0.5334051163642526,-0.4663166969808341,-0.046074859837787585
B0034,142,0.6804605085379664,55,Degraded,4.059403060235277,0.6692576731713427,0.20351875222853924,-0.5284149172153095,-0.9424440900821793,-1.3666365641021958,0.5409869584268948,0.8064459333732877,1.0595615568159564,-0.23203078337565491,-0.12932954543515365,0.010382516379151545,-0.2651468980895438,0.5071057415387064,-0.9341331950482249,-0.03539461908829622
B0034,143,0.6649801838697486,54,Degraded,3.9027248797340217,0.7969515527197853,0.3281455484493434,-0.9147834829011856,-0.6412336319361194,-1.3533709535499978,0.5685920050073375,1.0428220030483821,1.2111932513647834,-0.4282064242983484,-0.25567608751008153,0.4527279693284108,0.2378775111916014,-0.2632423384816536,-0.283135575416747,-0.006109575027810897
B0034,144,0.649534693812968,53,Degraded,3.891439117850818,0.7427475711601623,0.21381839382847057,-0.9516079806946345,-0.6634457472370564,-1.358351404911923,0.5547805161346546,0.968935414435543,1.2232790829289821,-0.38621140610880667,-0.16724400255406574,0.34386114439947296,0.08715044899328414,-0.10274338962447227,-0.7359547341489888,-0.033727226587835224
B0034,145,0.6492272185977848,52,Degraded,3.9534762023988703,0.7307538060727965,0.16651342879374456,-0.9888825015310331,-0.7731148479305856,-1.3457954322670094,0.5476105136844408,0.9487816995823297,1.2372719764207727,-0.3807616732673127,-0.16525660190812425,0.26413633224915445,0.00828953549474018,0.024732611052363483,-0.7623148452622617,-0.0308344822895876
B0034,146,0.6588243045805044,51,Degraded,4.038703123579738,0.806773501198669,0.1578394241076858,-0.9775849079860223,-0.9687881570013003,-1.106778539655969,0.46333954453044957,0.7881988028475292,1.112619321230188,-0.34083017052560116,-0.18216264868919635,0.20300378064536045,0.05657836511212216,0.4677769755837297,-0.7035287186648683,-0.006840598547223382
B0034,147,0.6680324282053297,50,Degraded,3.9648318192773324,0.576611930399012,0.3264723329188807,-1.0663711107314477,-0.7762401483252018,-1.789452011549563,0.7201853724043107,1.2544852553863677,1.4830689306126574,-0.4093685789248545,-0.10416792438126829,0.37139974846872165,-0.1898465217216172,-0.5713960835003149,-0.3553549932829013,-0.02361687874471002
B0034,148,0.6817898680930069,49,Degraded,3.9313016436050754,0.8187104549035178,0.4619877578245917,-0.8549268100270558,-0.6520428099458565,-1.2476547680026928,0.5205147662009981,0.971120733176745,1.2149297866608144,-0.471290986174962,-0.26263963774481963,0.6300076486924772,0.38921347298434866,-0.09702925672127638,-0.09864254673484922,0.01435442571360378
B0034,149,0.6666556270772414,48,Degraded,4.0649245686817626,0.8266281923285269,0.3108659523381428,-0.9686429913276637,-0.8900904736443112,-1.3417980164881842,0.5659149765970438,1.0415173873469754,1.2756247643892107,-0.4748906741815403,-0.3143760409689129,0.42081195897731666,0.17514035226990438,-0.01364357107324694,0.01701416234141003,0.02460027623652369
B0034,150,0.6511636731559463,47,Degraded,4.0389082632973565,0.8087914617840946,0.17680323677178064,-0.9559425931060768,-0.8628766763773054,-1.1730994523197902,0.47907969430234676,0.8618687540320472,1.2061892965338599,-0.42282740698909366,-0.26361686711425586,0.2978494592975543,0.12755878481964728,0.3438601817278507,-0.5586022511276058,-0.0042576082818577676
B0034,151,0.6444364222227938,46,Degraded,4.174219291833822,0.7938778092804352,0.16238542447495197,-1.0558233178687986,-1.0789036757917967,-1.3929571571240718,0.5783650977751705,1.0135526624469091,1.3480365068057436,-0.43070428230370145,-0.2604555438804973,0.28524356898572834,-0.014932493958390854,0.1257923407007808,-0.12689195900268727,0.01798579531109636
B0034,152,0.6451373097101517,45,Degraded,4.050887161454825,0.9212027229807032,0.23454559754280602,-0.9074677186166896,-0.815588355998195,-1.2073699338775432,0.5095164185184127,0.9017116869061849,1.2365605971051534,-0.4297103383957779,-0.30259818269803757,0.5416382066368769,0.36535489361387186,0.14264174498820745,-0.10505036487907134,0.0195550254021968
B0034,153,0.646203782838412,44,Degraded,4.111416033605421,0.8170869120956155,0.21974709433362946,-0.9990842532443501,-0.9020894528806331,-1.4319947638352857,0.5907740217111642,1.053325164355367,1.3808353770243438,-0.42378413717392877,-0.2930629475681176,0.4321641452724123,0.14481425998972408,-0.04989017990879727,-0.0467170064290755,0.01562297864525565
B0034,154,0.647704575255117,43,Degraded,4.116825282566706,0.9391010330394425,0.24194280375151203,-0.9130374997886911,-0.8822991000734132,-1.177184905146882,0.49916291061608514,0.9095593426538027,1.2512374858392672,-0.37587096895071936,-0.3575602044877336,0.5058423703325199,0.401571031553639,0.21327319179707402,0.04655637085224208,0.03363675788984687
B0034,155,0.6416149407963475,42,Degraded,3.918991272658118,0.8970380278996118,0.13291835222613294,-0.7935585440760107,-0.5912116039230267,-0.830343355627499,0.3198409357391151,0.5676167036786591,1.071146845527441,-0.2801262715154081,-0.2498566548575789,0.4212488429041248,0.47512112530051287,0.7523618368525051,-1.1300827176138655,-0.030706009370376756
B0034,156,0.7278727012183908,41,Healthy,3.8772575190936673,0.6589807683924742,0.3015900159927388,-0.7516359066716285,-0.6756480678827541,-0.8944897896348718,0.3017760972298922,0.5195985083425166,1.2254365809561532,-0.6811595291880984,-0.029057508193053926,0.6581866675450373,0.2738321974893187,0.6501481067865912,-1.1667132548176253,-0.0276990089937069
B0034,157,0.727338171336621,40,Healthy,4.274395765834649,0.9484765617967346,0.5225205398037581,-0.3279703220258188,-1.0392922013727686,-1.2996801086960543,0.5373912072417306,0.9457364221531438,1.2841840882628337,-0.45171057375285867,-0.44613579764729616,0.723892302731996,0.5428100598235394,0.19887273233723807,0.8805766453166484,0.08674168768423912
B0034,158,0.7117138590992474,39,Healthy,4.223244210578271,0.5462252694635393,0.4317700310767375,-0.5961080174024255,-0.8974783658904514,-2.2659048118873075,0.8787477644348217,1.5179286648739148,1.8111757013402239,-0.5876101034309905,-0.3056513942881784,0.552927288942375,-0.2194558400181876,-0.8723701159885677,0.5645508042955685,0.013864838256811882
B0034,159,0.6962756051816565,38,Degraded,4.1347231297090286,0.8593955314520128,0.2641347945238715,-0.34791962667026005,-0.8290030923944925,-1.2037104733904307,0.45835449514300386,0.7622219276304962,1.21824099372147,-0.3274192906459727,-0.362400545470566,0.42397699504760417,0.33170525710982546,0.6332302412051413,-0.45621113523375745,0.0010398571517720046
B0034,160,0.6882866246873454,37,Degraded,4.091012334173575,0.5748966174605419,0.27307491041080356,-1.0556571528030265,-0.9049205224330394,-1.786295753630808,0.6906478189755485,1.2701268295221684,1.6811631343760849,-0.41623735980702015,-0.21902688256492203,0.37016192162523515,-0.11789483385951816,-0.3459405312666844,-0.35281900229318763,-0.016479290223594786
B0034,161,0.6905095414491176,36,Degraded,4.084547616104143,0.9360025110860715,0.3562425492832478,-0.8299213981631214,-0.8889595029026541,-1.0847971150762827,0.44953683048643467,0.8701428981088243,1.2755732197425327,-0.34255613444148836,-0.37701410154165726,0.5915836315369262,0.5444148211371213,0.404878992434048,-0.045156989182030614,0.037934221894468406
B0034,162,0.7003784160836432,35,Healthy,4.3635258933587036,0.9116019552921539,0.476240337796284,-0.4773090969226274,-1.1283389081907924,-1.7053682598206004,0.7064924534240188,1.2158661975735878,1.4893581182902238,-0.45541205176128335,-0.48656734332320883,0.6704405866237931,0.2782159923212217,-0.09367317054155942,1.1768918920309703,0.09027075795678095
B0034,163,0.687322651739986,34,Degraded,4.153533012797174,0.7197071743399477,0.29889621927396753,-0.44332528215259825,-0.7887510598273259,-1.6047704064137398,0.6042443059921241,1.0190908592605683,1.461348527498793,-0.2816021003317505,-0.3341756370587425,0.41463885061078565,0.12732459623306616,0.201647682358306,-0.36937561397973906,-0.012494001535430494
B0034,164,0.6672962057198919,33,Degraded,4.04542476044401,0.9132221759005111,0.28286368251496624,-0.8109738828205416,-0.7242935784140553,-1.0973418695886923,0.43442519106177746,0.8595921588429534,1.3265965037552867,-0.26605927714424443,-0.4062579215437706,0.5554783873538367,0.6018282615569004,0.3972867192697329,-0.3914331806574417,0.009115686775889704
B0034,165,0.668198310782369,32,Degraded,4.069574998849377,1.0367238501245668,0.25345527210755164,-0.7339637675322352,-0.7830989755613357,-0.7402964368218107,0.30038756356825624,0.6203747169701872,1.1411013507035936,-0.023632151346406803,-0.4295539529703763,0.4890760752104993,0.8455025515476814,0.8878883581200824,-0.5962219914777204,0.01568536615628445
B0034,166,0.6534576485878124,31,Degraded,4.008706851794871,0.781465674336988,0.18190879186843106,-0.8897787465163307,-0.6877894971050927,-1.296111029014116,0.48731005095417723,0.8836557481300624,1.4406456687673765,-0.41888822714770463,-0.2827749497984825,0.5247286101742393,0.28130609765476733,0.3592624102768001,-0.7747019149001767,-0.023281426839313217
B0034,167,0.6707697283370405,30,Degraded,4.004518264886836,1.0587268803872074,0.2441518523051642,-0.13938511804984371,-0.5069100941058082,-0.7365741846838311,0.26041092067911364,0.38489131800111254,0.9954046055467929,-0.2713400468233287,-0.405906255866662,0.6852254987314752,0.8272013445369879,1.254966578626296,-0.8739739926388708,-0.008543619093219075
B0034,168,0.673194485080961,29,Degraded,4.186494146060632,1.796439610634503,0.5486450813151025,0.1694608746054488,-0.6023142869482891,-0.02438291694091028,0.09432893828349319,0.22074688406635706,0.5840047749167934,-0.4077401073012677,-0.931347119217912,1.3784174437855603,2.111914275541398,1.52735987318481,1.4286371283918713,0.1710193093751022
B0034,169,0.672494903638887,28,Degraded,4.162058400114582,0.7807395240786896,0.31002313886229216,-0.9761266798779308,-0.9111658939669045,-1.5906276633348952,0.6283245604787301,1.1550846506278376,1.6163970183556937,-0.4223997370564566,-0.35131086155478525,0.590471052438894,0.22026544052636912,0.0003679585750767423,0.0844939359727206,0.026236458740440585
B0034,170,0.6579380402523892,27,Degraded,4.034627526577123,0.7894026436716842,0.12907046235484398,-0.8593420011775004,-0.731425913076966,-1.0714260473027304,0.38486792287906124,0.7260432950485697,1.3623709360790788,-0.18688866562517445,-0.3043578258962893,0.34513318580371755,0.3458021634450207,0.8181130274544701,-1.1918995349798784,-0.034353005921659886
B0034,171,0.6486383444870044,26,Degraded,4.230918649088207,0.8835702732818116,0.08789073651672472,-0.392913389601376,-0.9013825396588896,-1.1639649605329896,0.42138142157497377,0.6401023934972448,1.2828750956022714,-0.13625290850829522,-0.3687297448390848,0.31095069014493254,0.2897408641693822,1.117130107746505,-0.854654080305406,-0.014629937836611881
B0034,172,0.6425627605502824,25,Degraded,4.209621841711281,0.9752288763609344,0.16794878438445898,-0.9010788010861991,-0.9598104966070439,-1.1964417510020693,0.4781326724507046,0.8696314602831682,1.436751686447128,-0.41440574787363027,-0.4304812670940139,0.6048079794287783,0.47130925887461694,0.5962927527050197,-0.05798643485751875,0.03688286486729546
B0034,173,0.6595104578265126,24,Degraded,4.168230027273612,0.7722167495473541,0.10154346401258459,-0.40919480248527274,-0.8453007955841827,-1.237381705501885,0.4298173847870471,0.6237466341658481,1.3175667988151856,-0.21965805042278122,-0.2740830490216121,0.3075766907509893,0.10381004098609738,1.1755962931173414,-1.1537505600809908,-0.03361398272007116
B0034,174,0.6705048924645497,23,Degraded,4.028087731927239,0.8407206738931811,0.2801291089429551,-0.7983959695201752,-0.6501929839821068,-1.1075869785304036,0.4059109537555054,0.7840863169285786,1.3998362700191036,-0.24210479544743382,-0.3636024491270967,0.5843246060710321,0.5321121535323252,0.6726558982861989,-0.7076992316101997,-0.00440497724082236
B0034,175,0.663063491941373,22,Degraded,4.064292629232747,0.7804129446237804,0.17899564422611422,-0.8802997236573532,-0.7301535989066483,-1.2420709075027696,0.4505990450735762,0.827163777213429,1.482199000914756,-0.3484767101610131,-0.32011509985630293,0.5054147286438305,0.3035093398327396,0.6738082850856111,-0.8408613782868477,-0.01608917739353966
B0034,176,0.6545721339995362,21,Degraded,4.128162228486321,0.8698101592197273,0.10350415806409721,-0.8537081911472898,-0.8467937502979929,-0.9851277798044772,0.35419905416642833,0.6694204557634453,1.3664885672734621,-0.14846635986424062,-0.36366297938891773,0.36896304715126976,0.43027298875524195,1.0760115280567657,-1.0050420288284465,-0.011458769623789873
B0034,177,0.6815006448085725,20,Degraded,4.151681309903594,0.5140743431962678,0.16197482997139748,-1.063788917869482,-0.9483305259852071,-1.7406677439604974,0.6223340810181074,1.0706522702074757,1.8052990150269677,-0.5928901652086939,-0.1450854439392653,0.4568955695037738,-0.28287730474843603,0.28710357237448775,-0.7728229030132197,-0.02588637372314153
B0034,178,0.664642850843597,19,Degraded,4.1195200924448425,0.5776511946350706,0.12087128052260773,-0.45517685160188764,-0.5755470088393814,-1.7580175591981764,0.598756051264725,0.9773755138903621,1.7020460700117752,-0.3311951811220439,-0.2999494668496699,0.4178178829728625,-0.032558525997023816,0.37683882239134747,-1.090601042765561,-0.06527470879799191
B0034,179,0.6484542965310928,18,Degraded,4.047756912386436,0.5781798171800154,0.10245129568633388,-0.9738292015192083,-0.6514493820156471,-1.634191758858494,0.5707571313709573,1.0185689907380258,1.7606802123143657,-0.3542646002782416,-0.22949275476273379,0.44874032696214944,0.004703031503136135,0.2824109394359444,-1.1560465570820266,-0.05767022617412454
B0034,180,0.6493142962470698,17,Degraded,4.3212897924408,0.6581903477812793,0.14986533349597536,-0.5636989454198268,-0.8746662258318912,-1.9938569756758646,0.7273246646298279,1.1861986419532091,1.8363498048835263,-0.35336092052946544,-0.37073948090353587,0.483826915740683,-0.08490696290867385,0.1203835535788919,-0.16915635348789584,-0.009420216386730625
B0034,181,0.6420328805910971,16,Degraded,4.02591481109925,0.9603709762309166,0.14772724316823022,-0.7250540231182562,-0.5310707250400385,-0.9501430902645615,0.3304965166750708,0.6284561303527482,1.3921699943720314,-0.3306333022618525,-0.42124037655381136,0.7373672685723903,0.7458814327809183,0.9378989428077605,-0.8399856542448817,-0.008375106430518087
B0034,182,0.6510507957068181,15,Degraded,4.204951807080886,0.8315091505124084,0.2491507136810763,-0.3384504363001824,-0.6106226837468713,-1.5289502291282024,0.5456573096990971,0.9113206210226635,1.596815784000629,-0.04987089023425268,-0.4399933556793448,0.639197041362252,0.5122374127756879,0.4735495184531421,-0.3812205763934855,-0.00859087287807058
B0034,183,0.6544538175865668,14,Degraded,4.214954174124781,0.7055551702384069,0.08038126228009199,-0.9686781357051448,-0.9165467423571968,-1.3911098087789762,0.49129949188141886,0.8832960874878593,1.6725080050170107,-0.11005749662671192,-0.3076888365269063,0.3413480808177925,0.16572712491740477,0.7375503865360589,-0.9378139666147159,-0.02190524010283041
B0034,184,0.6361259848256956,13,Degraded,4.319571125402937,0.8019347334898584,0.03466796032677494,-0.46419075678461247,-0.9173685663060821,-1.4785665472489127,0.5176426029273746,0.7921301315822117,1.5781512894353196,-0.24395267309078283,-0.3873697910481896,0.40640494772647856,0.12212722140917724,1.0001613023743912,-0.6900683449103328,-0.012399718676652986
B0034,185,0.6380057671801656,12,Degraded,4.017525017183106,0.9575991467329144,0.0646941855504781,-0.7036971374576234,-0.530504449018211,-0.7723546835193109,0.24173453664901437,0.4600957391604989,1.3298393333342986,-0.21818532972906693,-0.40138021913615834,0.6197909119519036,0.7437319314500231,1.366929348270574,-1.337756352292465,-0.028200133861148727
B0034,186,0.6302526501551502,11,Degraded,4.244418872483609,0.8422248146374783,0.09420874561411587,-0.9378317472782202,-0.8808989476329606,-1.3979948148743109,0.510496286451086,0.9230105500356947,1.6857324286630682,-0.34816677360277465,-0.4201620521373294,0.5830217464714172,0.32458247268724655,0.6701995800776736,-0.3772735231363119,0.012481091578738928
B0034,187,0.6330340625673558,10,Degraded,4.133688066032532,0.83868784560279,0.17778796824939405,-0.8649030328893795,-0.6071302774094736,-1.4904687733343804,0.5390699995396073,0.984594498265301,1.7434306076596622,-0.3763813516905294,-0.41801754334242053,0.8041051673619025,0.4973037655120058,0.3419271988845681,-0.33348822624820873,0.0012102514043050828
B0034,188,0.6329145084326405,9,Degraded,4.194852493047125,0.7732247847678126,0.19855718404236752,-0.9499508081540803,-0.6793788520726696,-1.7990578631427465,0.6637032531225278,1.2016305448105216,1.9277237342590277,-0.48694839054987066,-0.41961254369862905,0.8481784055861347,0.32646619775635427,-0.045051768209261725,0.03907546126130218,0.011480937322211188
B0034,189,0.6327936949103496,8,Degraded,4.1255358211635365,0.7637199063181231,0.10305124921393644,-0.8790231875337501,-0.6024602142303309,-1.4497725635660457,0.5002909241608071,0.9172146022702624,1.7563222609294205,-0.309752574669133,-0.38118499197388195,0.6599714153862216,0.3794458101090101,0.5403400053964086,-0.7779294561836004,-0.023542920654240542
B0034,190,0.6331799161513777,7,Degraded,4.353171301169313,0.8790724627171157,0.08968046179530988,-0.9403449579212438,-0.9996011023696909,-1.3468928635166852,0.49100650272636787,0.9165307512282705,1.7227288620436636,-0.2143029513490229,-0.4797198816682096,0.5454826098379603,0.39747100480380987,0.7884342156030544,-0.17510270457224367,0.03210527575589635
B0034,191,0.6434239716364452,6,Degraded,4.2061328746011695,0.8972346034483476,0.10961498221522019,-0.7864894896539193,-0.7306171482644099,-1.004617180422661,0.33289494208089676,0.6611235406842213,1.5528069691837332,0.06765170281467663,-0.45182710775929624,0.5265490657485173,0.6967393730992543,1.1326496434647848,-0.8787869615503453,-0.0033111041882341575
B0034,192,0.6350130823066045,5,Degraded,4.203169872068358,0.8670609848871851,0.16319172284941905,-0.8378461723303613,-0.666581711549374,-1.3735344743948574,0.4842176639965367,0.9101711452399608,1.752155574813705,-0.2261650307376029,-0.45384278187354415,0.7727938771487881,0.5903324897878421,0.5685374958190149,-0.33551475064836694,0.010474205050260612
B0034,193,0.67299126646246,4,Degraded,4.186256014339657,0.6150404227226878,0.11342355621587501,-0.384853408751147,-0.6667475114261486,-1.430493928048364,0.4399483163874897,0.6464190564958193,1.631419113186809,-0.17377382090426005,-0.24241460629660772,0.45859709092855944,0.052800254106144084,1.2743780307216375,-1.4245583822034624,-0.053066560849666954
B0034,194,0.6643437657706889,3,Degraded,4.330164234063261,0.681724456918207,0.21178185629581134,-0.45102913817786944,-0.8121854163919034,-1.7061247122771555,0.5821531058141542,0.9673077681325634,1.793964004974455,-0.18637375826714797,-0.42219941505707387,0.5258807649879711,0.11104179891025713,0.7771534178571914,-0.4291443404252191,-0.0017598076973606661
B0034,195,0.65601535991704,2,Degraded,4.43955622075887,0.45436178736669963,0.14614810730784242,-0.6681826989249877,-0.9309444961164413,-2.35442948235126,0.8245710396932019,1.3914216970584194,2.1907146782616085,-0.2702592631317089,-0.3818954008657439,0.39298499874284804,-0.3818304924358339,0.05093576416617,-0.1942705876131825,-0.017271033469377525
B0034,196,0.647562746480599,1,Degraded,4.388388968740485,0.44160878503751516,0.11403199435201028,-1.1546786677520122,-1.0035866090852943,-2.096445455937083,0.7340187472345914,1.3673079723817805,2.219098909485082,-0.026238835821531015,-0.3391809400615087,0.27252050519400367,-0.2388660300628156,0.0763213471432289,-0.5030055021249732,-0.020663510064684264
B0034,197,0.6401300802981668,0,Degraded,4.412271762061794,0.8166657496838017,0.12208449278359258,-0.9736179731348876,-1.00792846782814,-1.5499058460997321,0.5563416384949986,1.0408052427027543,1.9095458754794765,-0.25733833525310573,-0.49081602538688957,0.6316111676320847,0.3194725249282902,0.6309701209233838,0.06594822090842328,0.04173757961883323
B0036,1,0.5009912940876655,196,Degraded,-2.4626801131787968,-3.6902166124099747,-2.0852134580944157,-1.07346954862172,1.8410795956633597,-0.005577728495235015,-0.14561629751225091,-1.0005961516271071,-0.9475841579196507,-8.218185655916187,1.2323000423761277,2.221045652370949,-2.0360721333446774,0.543921201050704,-0.2622026415200354,0.09792294614599256
B0036,2,0.9005503783144462,195,Healthy,-2.6779520222303117,-3.1593272587706833,-0.005131949769666745,-0.201556682861269,-0.2546938273495697,-0.7124212750974821,0.5533869165134402,-0.8063985296373081,-1.6757302742696827,0.23319192247766035,2.947590430145177,1.655228156820965,0.19041601834988678,-0.669814974948585,-0.5404166556772384,0.10162189127011458
B0036,3,0.9022114928010314,194,Healthy,-2.3930960474767966,-2.7129790304775177,0.07314539366898326,-0.0337001606169013,0.46994353933992977,-0.19116021638359956,0.3787834810010908,0.4048138924300109,-1.6657891397398046,-0.5839149657341984,0.20789821599288077,0.42606726655421157,1.3521447330630065,-1.0926863881705624,1.8277636100381967,0.2259391106028206
B0036,4,0.9021944168864146,193,Healthy,-2.5316019554585254,-2.8974142193490446,-0.20492422553936768,0.540548827494966,0.7350104860944701,0.2050039680741713,0.12357075983674119,-0.21300465149171388,-1.9899714376083972,-0.27411973924919114,0.4001966173839519,-0.083890064891757,1.069780582280522,0.18257508513266552,-0.40711758647482765,0.09830513399392685
B0036,5,0.8994624435892123,192,Healthy,-2.444919118099183,-2.9734611160675812,-0.1753024983410637,0.4258528987083528,0.6596491463910532,-0.21513790929903143,0.29671778772084806,0.09909055205742115,-1.7470681169323439,-0.35548723918792013,0.38221181675341237,-0.04428500639613614,0.8770588018693287,-0.37616370062858834,0.1432623833542096,0.11499218855893903
B0036,6,0.896498260836196,191,Healthy,-2.4723647376998783,-3.265065480997989,-0.2792974653594299,0.28696661595013523,0.6652998039394943,-0.5426008690093593,0.3816254883143736,0.21622910829032105,-1.5361235623209801,-0.3071847894665067,0.5538448306725058,-0.307859966322234,0.37487796497414655,-0.5449492970637339,-0.5531135635980279,0.05680890291519976
B0036,7,0.8942753992810946,190,Healthy,-2.420058262273813,-3.5465469614678415,-0.35713187906621474,0.06945300985428444,0.5634147399178709,-1.159285920905462,0.6003368256443197,0.5536174867461227,-1.1855382968739643,-0.4333767312258299,0.6953222869143061,-0.4567343866140677,-0.2602630953938199,-1.1155385934321578,-0.61058792898091,0.026183589631907637
B0036,8,0.8945428465363852,189,Healthy,-2.440209086424052,-3.5064811568834005,-0.3137665624486021,0.11400859717001686,0.6282014394560688,-1.0904665565795428,0.5767934222892586,0.5148611006432866,-1.224576167955782,-0.31969455426429033,0.6838000369231596,-0.4200210602352354,-0.08988749163875454,-1.0610902030874068,-0.6276472319647228,0.030188962680560857
B0036,9,0.8946568656416644,188,Healthy,-2.346058560828258,-3.8851856340798787,-0.38137265020410377,-0.18043610865995888,0.4203902036251975,-1.8724439018265981,0.8580818063148775,0.9765962347595544,-0.7736333987157045,-0.3400804452961206,0.8448677335468827,-0.684462199137753,-0.8997024939447699,-1.7855370517080427,-0.6836440886799648,-0.007544530345725294
B0036,10,0.8930379729740434,187,Healthy,-2.3911285297393516,-3.6140586127542607,-0.3567435989227845,0.01634153793091137,0.5472986258780682,-1.3191825926816496,0.6570736150450661,0.6527375809560534,-1.0789191088947003,-0.30317570514630715,0.7106516426168236,-0.5152300806518781,-0.3492495244011795,-1.2249394087448489,-0.620007587807767,0.02085882242208623
B0036,11,0.8918162124825408,186,Healthy,-2.4076661325173347,-3.5031275601237213,-0.34346119022319205,0.09863522275204002,0.615431995759998,-1.09888842623232,0.5757568399710709,0.5185161621978925,-1.1944572905465054,-0.28704588775060513,0.6622393655377703,-0.4284900782867851,-0.10728652246107043,-0.9953108952831854,-0.6014874711193504,0.032217777495809015
B0036,12,0.891486436903636,185,Healthy,-2.4315486108319884,-3.2436526225172466,-0.32817733005416955,0.27646824904578204,0.6962506427064329,-0.5492470549336248,0.3728629772904856,0.1808204494982786,-1.4886477640841531,-0.3506695887811566,0.548541904471042,-0.23614256396132507,0.3550894774752968,-0.399751669075557,-0.5169596827738758,0.059966830567970905
B0036,13,0.8906887981629834,184,Healthy,-2.381814599696105,-3.6509890865020997,-0.3638539035978883,-0.008179466984023772,0.5949492980368005,-1.4258154045951708,0.6904248355716699,0.6999833454369642,-1.001435129080247,-0.2908716042185068,0.727529068815034,-0.5007936538857484,-0.3907815830775746,-1.2826901725249846,-0.637630433126246,0.016922102051245187
B0036,14,0.8892679772966473,183,Healthy,-2.385014936020851,-3.6609679851254744,-0.36214397243169216,-0.00872673499557649,0.6386279011042298,-1.459903604894731,0.6996922136145737,0.717567158388122,-0.9723631138534002,-0.2930684408574382,0.7271165827629379,-0.4892725546793665,-0.3771164878175992,-1.3147096165394476,-0.6563564255042349,0.014920994532763441
B0036,15,0.8879521545471699,182,Healthy,-2.363197905577589,-3.7409892247338794,-0.3788463975253114,-0.0708623979997212,0.6131381618830531,-1.6368767930229278,0.7613756149377723,0.8175159385798337,-0.8630986905843854,-0.29840100704507494,0.762892740341249,-0.5336814851003805,-0.5424713579039421,-1.4701222046130469,-0.6733270841338587,0.0064047961555236356
B0036,16,0.8890213324952957,181,Healthy,-2.4304052329552963,-3.25778463168351,-0.2916955548462915,0.2831587532315078,0.7835952103312596,-0.5960462494056585,0.3847913864718134,0.2042656440056485,-1.4404494847570777,-0.22846387568427026,0.5443608211072719,-0.20953957796369152,0.438274876307526,-0.40239498119303596,-0.5379054858189459,0.05982475072426329
B0036,17,0.8915014666795829,180,Healthy,-2.3611999491668465,-3.588211050538853,-0.32346626499926173,0.03703098052873434,0.6368800241371382,-1.2705649855172834,0.6238695823253454,0.587745889535432,-1.0539078778073419,-0.337617793785053,0.6966648593721024,-0.3889676605946592,-0.2836392015865805,-1.0167802682238551,-0.5918389492682774,0.02586480539760282
B0036,18,0.8941500212306938,179,Healthy,-2.373338980833201,-3.5261925414415694,-0.261395599239055,0.0952419006064614,0.6865058013447574,-1.128567271236851,0.5735654857922221,0.519012619859147,-1.1322191516406959,-0.2300134112688367,0.6524248609800102,-0.3542488218272078,-0.08436361026519866,-0.8705061988491624,-0.5857224433945737,0.034129307443111385
B0036,19,0.889647356289013,178,Healthy,-2.3178685508384262,-3.813069828673401,-0.38513570389155155,-0.1324282357432147,0.5611311295311021,-1.7669895543356129,0.8026611998346052,0.9023619296930762,-0.7629028695419733,-0.28065858871488747,0.749621488541986,-0.5880505896095745,-0.7128562725447514,-1.4872539120077908,-0.6437853591256327,0.0033157846782278584
B0036,20,0.8854617750225927,177,Healthy,-2.318174888423886,-3.842857809788614,-0.41354617162060486,-0.15150977867317056,0.5961386090290767,-1.8528801583955885,0.8297677078749486,0.9376270594549354,-0.701951468678884,-0.32425130143542824,0.7721670672148112,-0.5740525855299891,-0.7523280228580664,-1.5669307349402326,-0.6692096157754086,-0.000967720653769208
B0036,21,0.8829525090400552,176,Healthy,-2.3541397179739882,-3.705430721911409,-0.3913144323730092,-0.04015299143707805,0.7141275957036105,-1.5931492619887995,0.7334780170015512,0.7736355708843324,-0.8390299751053492,-0.30450672958054126,0.7234651238817863,-0.45000467073235295,-0.4212979131672774,-1.3210333370028455,-0.6686122052746989,0.011776778549019741
B0036,22,0.8913464620734622,175,Healthy,-1.9474271829647944,-4.176786540247984,0.13245730592736296,-1.410513668823698,0.08176418283775867,-1.8950514824545865,0.8315622899618248,1.3994791261762203,0.021806130828707554,-0.979185401803436,0.844993748255765,-0.21795855109795306,-0.7812588036617326,-2.232830618362593,-0.029052608972771312,0.02790019300548783
B0036,23,0.8982331036460102,174,Healthy,-1.7917450239203716,-4.348821003366993,0.16158567257385031,-1.0947284265129116,-0.004217083243051267,-2.7454247633109747,1.161054222130564,1.8410748903769598,0.3242264368147298,-0.6765131253705269,0.8490028887251593,-0.39356953797887295,-1.1782752552329785,-2.98577670262131,0.43098805473390084,0.017365577876827885
B0036,24,0.8954541766711449,173,Healthy,-1.8282793686293217,-3.532925412785861,0.17536609887200305,-0.002004139151633337,0.3055171970291522,-1.049919998037758,0.5217570022596212,0.713587283661419,-0.7290228840572707,-0.429372664846899,0.395447753317643,-0.06478114062307476,0.37575945380598225,-0.9133219383452993,0.3969245534878856,0.08246243432448995
B0036,25,0.89259001404437,172,Healthy,-1.926187682254478,-3.4176969306456337,0.10301504104022403,0.1554728715890988,0.4583116245976017,-0.48605623357678257,0.2835483578433061,0.29977230405614513,-1.02607554632121,-0.2838569064228213,0.38886471192827554,-0.11972891146736649,0.6815041043063546,-0.14952686736857812,-0.34481764135263043,0.05983718915744152
B0036,26,0.8905671588273262,171,Healthy,-1.830965577641545,-3.719426938646456,0.10893414154518824,-0.09513472880607056,0.3255115989515496,-1.2788506190016742,0.5806568374464386,0.7974058319286211,-0.5674738068650802,-0.37106422607453543,0.5037394053941721,-0.2267322719912904,0.07099826595029861,-1.0209299149228142,-0.06388177876307949,0.04360381162968809
B0036,27,0.8877788894611784,170,Healthy,-1.7800688441690995,-3.4600343109698435,0.24383168631096086,0.02384343498785534,0.3795601196559843,-1.0950725404010597,0.547259846671216,0.7810016971671377,-0.6685151167297514,-0.4498741709652802,0.3207037912364815,0.09899140855741466,0.5892386086213252,-1.0580422043514726,0.8145715455192881,0.10746788682353552
B0036,28,0.8884429353080575,169,Healthy,-1.8010579852250126,-3.653093034956979,0.15511133010051692,-0.07231821581655107,0.3561179400760711,-1.2718633208016155,0.5842053657545699,0.8006778906902626,-0.55946765230194,-0.47854042681824815,0.46621645511405024,-0.07212348695152529,0.17198939904828545,-1.0426862548433296,0.24738438244059552,0.06338741063802804
B0036,29,0.8856541705189107,168,Healthy,-1.7424562196921018,-3.49431348004742,0.2731322651730041,-0.028800306737955216,0.3814307959125194,-1.3465874715368005,0.6493574827389719,0.9539573176529834,-0.5243231272693276,-0.5172157858109439,0.3126587624305271,0.1687194069825913,0.5078573234305168,-1.3748812375664965,1.1487795767713564,0.11914958195880977
B0036,30,0.8856674420437068,167,Healthy,-1.9344904499195192,-3.41808741535824,0.05830779250108718,0.1778967676619217,0.5404146618679585,-0.4229539034674411,0.24062798798537607,0.21005855995356204,-1.0152327788842828,-0.2286744784850914,0.4089273871259711,-0.10314675227326917,0.7262105343364833,0.05791962961460974,-0.5827928225566331,0.05006530742087923
B0036,31,0.8830421433202525,166,Healthy,-1.8050797495512736,-3.8889011196015435,0.01240268197838913,-0.1959569426291702,0.3292262622009483,-1.5190135127788955,0.6419220650157441,0.8851196190066741,-0.3764462131661249,-0.35599196171329517,0.584961544578533,-0.3532614713263967,-0.24227097185065583,-1.078299254096928,-0.42392524488588224,0.011659418021424747
B0036,32,0.8796396831706164,165,Healthy,-1.8665847640548658,-3.6162498335047437,0.08546138731630151,0.01561417216647442,0.5498538766809525,-1.0391337414256385,0.470929590760887,0.6099034154222213,-0.6430121506626717,-0.37212439085293936,0.4543330939515481,-0.09580282150426428,0.39281519426589045,-0.67230759723746,-0.26088475583029025,0.04465409981456801
B0036,33,0.8805184406881212,164,Healthy,-1.843287728774321,-3.565703458727697,0.1195142527798684,0.03126424572511768,0.5399212749638566,-1.0143467807029132,0.46690194848055566,0.5935188904476301,-0.6526189207708981,-0.42654979832997775,0.44277895352593855,0.0035188790576701347,0.447912392414761,-0.6600526320405774,-0.06492483957643964,0.05685091939698316
B0036,34,0.880121383682853,163,Healthy,-1.8421339905905736,-3.4688329602754693,0.10861356555321618,0.09234631028444368,0.5122306937609438,-0.7792457044534742,0.38300524994543533,0.4669064161669069,-0.779247818979902,-0.32698338084764844,0.37772020880945256,0.007751566102726631,0.6256479456371471,-0.37670491298753706,-0.04119403336885223,0.06981261310820013
B0036,35,0.8777949708017198,162,Healthy,-1.8677701170944474,-3.612124974426109,0.0018788752465120923,0.03241259965398268,0.5085781450660402,-0.8428114337071246,0.37928840086469173,0.4434952701383892,-0.7225205963403943,-0.27582312164904604,0.46746199732273863,-0.18781043508076095,0.35698771714011296,-0.26552788794696913,-0.6231610600318676,0.030568719986398204
B0036,36,0.8772801088327796,161,Healthy,-1.667151954939388,-3.4141618232061877,0.2146086836985906,-0.0013950072926959222,0.3234634133135207,-1.1648588146540493,0.5703344750089805,0.8279386604169253,-0.5426950295709319,-0.4265593565354353,0.25562272381838463,0.20956248972844213,0.6370169600691632,-1.015185700683156,1.175560702470941,0.1295296699145895
B0036,37,0.8749554168047448,160,Healthy,-1.8468816533213739,-3.6420678786768548,-0.0063667406421535604,0.01030869832457906,0.5151526374568767,-0.9090214820294388,0.39842751194383874,0.4760427956306084,-0.6621901982389761,-0.2770827270738359,0.47327702245873743,-0.18707385754240957,0.3187202226485767,-0.2964097006326836,-0.6313344023064249,0.02762151271690464
B0036,38,0.8805112762651879,159,Healthy,-1.7227506309606826,-3.5042209320750937,0.2084800850683607,-0.00021902749825435767,0.4099632274737373,-1.1330465457357568,0.5308461396854333,0.7228703757925019,-0.5492542687191465,-0.4410806024376981,0.3597698066875975,0.16811710263551594,0.5021617566301351,-0.8007660986942273,0.643475529355668,0.09788137766128228
B0036,39,0.8812047287168558,158,Healthy,-1.7662465235896543,-3.715373081441214,0.07842556955678964,0.4785164253411719,0.6036374339081567,-1.2211791243836667,0.4949360069824481,0.5191217069279256,-0.6230975781105446,-0.24208908052659944,0.4693584302165344,-0.18383977305264787,0.15266040633121594,-0.30141009352610393,-0.5746477895031927,0.014812842870934182
B0036,40,0.8768085198560338,157,Healthy,-1.6617678832061382,-3.6145263997439563,0.26626347330652533,-0.13025168191886605,0.40572275429813165,-1.7248246531150135,0.7747867102110211,1.1746400958538368,-0.2338869215653188,-0.5178579404690368,0.30008877735185974,0.20367128801285278,0.2858201972898297,-1.5989048618777562,1.3575466843241846,0.12011305381514875
B0036,41,0.873102238759584,156,Healthy,-1.705381987708988,-3.544841419772951,0.154373038651429,-0.03434208800365635,0.44317746377492806,-1.2768042932511872,0.5797810416727046,0.8342303132245106,-0.43819387634177187,-0.41614736334579705,0.3156077189245874,0.11724233385088628,0.45802133503652726,-0.9418121207932281,0.6846727618814477,0.09620144632257804
B0036,42,0.8703088086384863,155,Healthy,-1.910525877262931,-3.148767823004382,0.04211801413368172,0.37318124408835507,0.746140940094013,0.10061509157558789,0.024661258839297956,-0.12596958692161417,-1.1829429879334887,-0.213450123046671,0.2297932240558321,0.16539161417253592,1.3358253312342159,0.7852780252113202,-0.5105952735879749,0.08052363686242608
B0036,43,0.875345202212841,154,Healthy,-1.8276866301253063,-3.411667222427372,0.11828571977450772,0.14351165780161504,0.640706989568887,-0.7140917320885362,0.3377510192269358,0.36803329728571993,-0.7348372779315132,-0.5633798465480757,0.36102523218155164,0.25592508884376286,0.7396725105016316,-0.12735455641929047,0.02261259601956862,0.080408383807408
B0036,44,0.8825560275769575,153,Healthy,-1.767976658391079,-3.5198763352311087,0.12011629512729383,0.5950007650390791,0.6736825341445979,-0.9885183347739146,0.41699297414900927,0.37126475053722247,-0.7371367857810465,-0.294132345539338,0.39318220090212797,0.06523482692142499,0.49955281494422915,-0.03512978925710551,-0.26644272619976483,0.04726224455447391
B0036,45,0.881594413378244,152,Healthy,-1.8255768454752204,-3.703402147274552,0.06884316222361622,-0.03262996229978238,0.5573082455129046,-1.1932733909993423,0.502751542255132,0.6552283517017921,-0.4786273342583413,-0.28196470161487774,0.4599842845346573,-0.1015033140491621,0.22006571348044765,-0.4992154683964791,-0.3979250364691352,0.03517499274476852
B0036,46,0.992746476448548,151,Healthy,-1.8461101696680084,-3.8086967248024934,0.6765947459155346,-0.058414459882764926,-0.03345250696016101,-1.6841529271999238,0.7871568539430797,0.9423682803580309,-0.4119449780340491,2.3819323511738753,1.0434579888347824,-0.4731635409745849,0.5765026170959049,-1.252950605400745,-0.8522267763701324,-0.004407077020394666
B0036,47,0.882677865406662,150,Healthy,-1.7274509148827382,-3.929971262615472,0.023963795870517727,-0.20659570293410653,0.7032169716908385,-1.7058953136998725,0.6742204009033665,1.3259403139161239,-0.0872941483424287,-0.6376794764662203,-0.1152885113724054,-0.628068091168104,-0.1489074918673674,-1.1893148274916414,-0.05138837112523377,0.02215460145702469
B0036,48,0.8785940191563638,149,Healthy,-1.71532951886906,-3.7950032896101127,0.13503196931622105,-0.16414816105900557,0.5004102729800505,-1.773744612005692,0.7391327727958495,1.0822010853507074,-0.11984274411312548,-0.4263522428563331,0.4261142564576629,0.014290575008311903,0.05972213679114456,-1.2839127812129043,0.3621846140834658,0.059235393125722714
B0036,49,0.8786885330922218,148,Healthy,-1.6124923559723972,-3.903829028101616,0.12064043190693005,-0.30111002832664324,0.2939304218584525,-2.1097267591380766,0.8725861217979745,1.3056011480087852,0.08693997218358557,-0.44405980076861085,0.4653657846139494,-0.03511528773764287,-0.26163824647744144,-1.6267682669203647,0.671381640701387,0.06352145929107934
B0036,50,0.8808688063989907,147,Healthy,-1.6995821346830715,-3.4589660524925714,0.16594178519960903,0.05597041568909096,0.4628305523953274,-0.9771415456843964,0.4462544428336098,0.6044504061621135,-0.5270194977871686,-0.28971391949816183,0.2847783795470599,0.1768094819559943,0.6709472706255297,-0.36501288170102797,0.40110322987915775,0.09449591774580221
B0036,51,0.8803446273818332,146,Healthy,-1.7424748965368162,-3.7224717004404995,0.12971567597714115,-0.06644678041534575,0.5392309178903009,-1.3588772610249544,0.5612258538744596,0.7801076308362049,-0.31262293560193855,-0.32022921461064324,0.42000167426421686,0.00038212290508746,0.23027300473453072,-0.6459215400693976,-0.09645232551075116,0.04769364409478876
B0036,52,0.8803347810784915,145,Healthy,-1.6893564396928462,-3.8703521697194083,0.10023048546381538,-0.21331833758586,0.42395262419757,-1.8170376103769805,0.7391473448119814,1.063993731559357,-0.0701242566050631,-0.40892174786221264,0.4723131215007507,-0.051138522113901276,-0.1746221870865997,-1.1331904673927296,0.18296650402957118,0.04600801365207134
B0036,53,0.876481901324576,144,Healthy,-1.7807651357331402,-3.825921505910569,0.028119646528804842,-0.10244666891437258,0.5959908302865192,-1.4573853407961141,0.5762680493488765,0.7894498093866782,-0.2372882543723116,-0.29534856444614066,0.48002364209432724,-0.1246843990777989,0.06388313862073712,-0.6330674902924232,-0.5287624108166817,0.017985645470985603
B0036,54,0.8752678540120735,143,Healthy,-1.7459697036356117,-3.509505311198321,0.02360874135558888,0.627890768611569,0.740936892463394,-0.889408729243061,0.34980829878743513,0.2881428403066598,-0.6778343194396552,-0.18731659026644074,0.3238671698587087,0.022030365259582876,0.6092345982619514,0.28720540703275804,-0.5656207314069188,0.035879599822456885
B0036,55,0.8750380997668642,142,Healthy,-1.7157431688788043,-4.0779771280451165,-0.012045310446373952,-0.27402901673456176,0.4856518210969323,-1.8906168012494933,0.7178028380957489,1.0181515943536215,0.05570782805931047,-0.295407142529098,0.6128229478046998,-0.281618842838958,-0.40814584952513144,-0.9749118249103906,-0.764715641272226,-0.016500566282041464
B0036,56,0.8732978901139192,141,Healthy,-1.7386664639410752,-3.6462735860560374,0.1026003697976374,-0.007316786219231585,0.6324134941247189,-1.2554779292151625,0.5130631099841422,0.7051252582208307,-0.3138946550125375,-0.32180464850621937,0.3707806089161562,0.09502875453169417,0.4343116738891941,-0.48966077453097295,-0.10107291849205545,0.054161631007360676
B0036,57,0.8768071433943535,140,Healthy,-1.6263960762660734,-3.6623770156394553,0.21048635677485805,-0.09689769560231995,0.4911474837269303,-1.5895215022038676,0.6641855879514847,0.9686349030675313,-0.12856974712789687,-0.4390662605927155,0.3444098814058489,0.24069048186107833,0.30609011883501264,-0.9665405837000168,0.6772178700504057,0.08698979674042516
B0036,58,0.8753625149601745,139,Healthy,-1.5027730150991594,-3.769210913213724,0.18998861450041774,0.2827700579985533,0.45923855325339386,-2.161392809806257,0.8751103110270142,1.213465760098261,0.03458772982620161,-0.4001422497352541,0.3053551570494751,0.15073571347743098,-0.04149634838402974,-1.330519160012064,1.06202283963211,0.08525054622435284
B0036,59,0.8716526745405055,138,Healthy,-1.8153898015730108,-3.295370804757355,0.011025458210034521,0.27044663623825355,0.7226383717936243,-0.2833481355528614,0.13658795022791667,0.07376756093077447,-0.8287646650073478,-0.17984504004696042,0.22204182030695435,0.16920967880050083,1.0752595758626031,0.7203229001351279,-0.5231038454185917,0.06902027863435455
B0036,60,0.8668312526388094,137,Healthy,-1.708497068603208,-3.8136773744471197,0.015899741436953232,-0.124270933236247,0.6143966634974738,-1.6233246478374213,0.6348197746990989,0.9030024392141796,-0.06674820922420117,-0.3331350371697592,0.43088834345144045,-0.010926039675400269,0.11744941095992581,-0.7863459850754169,-0.229655035798064,0.03190629640589399
B0036,61,0.8659603525769464,136,Healthy,-1.7262956081648704,-3.7693727754311865,-0.029261337087163303,-0.07605002665304597,0.6110137393113021,-1.399244536626295,0.5404138318361905,0.7278282351394597,-0.1768087335674806,-0.2702435291882829,0.4461579337735191,-0.0311298048180009,0.19195587477949008,-0.44612957491116184,-0.5001441264652925,0.024341999364449148
B0036,62,0.8714302261375731,135,Healthy,-1.602921781448034,-3.9671505983728594,-0.02175374770804316,0.2927485146003144,0.5631318872038956,-1.8585034463206636,0.6804376610795937,0.820503740269112,-0.038110330672231164,-0.26695708109858507,0.5353856435789309,-0.15889108206861777,-0.29101541962415384,-0.5127922501148595,-0.6685957829264323,-0.011647124667689867
B0036,63,0.871653485549856,134,Healthy,-1.6500281244936392,-4.020721948475585,0.1037016656469695,-0.26385095356639393,0.5571842930213695,-2.0630665607611056,0.7912077922220516,1.1648679197117102,0.20110212927284526,-0.34314515335750617,0.5168332848682716,-0.05130698820885223,-0.24553904053023376,-1.1822260411386334,-0.16711813995327898,0.017711145469792803
B0036,64,0.869262253136348,133,Healthy,-1.637199173075988,-3.804093313010787,0.10008800081969083,-0.1667561762733477,0.5334645051972675,-1.81408296741847,0.722361637481493,1.0617192414307863,0.04156152836244556,-0.3444587457849674,0.3760712890785091,0.09056088164613207,0.057869405917103885,-0.9994331848518957,0.3247552815566731,0.06020345944237597
B0036,65,0.8647811331873486,132,Healthy,-1.6096865332231578,-3.735144857986602,0.04331160067158713,-0.1283416750828126,0.5070565605141595,-1.6283226832917073,0.6472203502069658,0.950973166680221,-0.015512832974870012,-0.34108378050775684,0.33589773184694766,0.09823945867636932,0.19524999562694234,-0.7728197224700561,0.2563495121519902,0.06224634975399263
B0036,66,0.8636518382871042,131,Healthy,-1.6627215939378819,-3.9601124881026113,-0.0915999190063107,-0.2114920819614704,0.5050870974930978,-1.7206080908732586,0.6399771973260115,0.893549596028483,0.05928932178343372,-0.2406159105883886,0.5145849570814168,-0.17720067218803484,-0.2059448711285918,-0.6024880890278482,-0.688504771993907,-0.0007086267846826101
B0036,67,0.8724685245535956,130,Healthy,-1.5614178206116338,-3.7002947208947874,0.1658754587710861,-0.15374582048899735,0.4831738683636588,-1.9058114692863937,0.771641681149775,1.1267164118757966,0.14885849885608227,-0.723948124802955,0.3537743557357434,0.454189153116514,0.2118457811114315,-1.171479009634886,0.9961124355308187,0.10164587233201602
B0036,68,0.8821216035566846,129,Healthy,-1.459063928503688,-3.9278878720591663,0.10983187612603025,0.20606817145906664,0.36446683822622566,-2.2704282422860684,0.8743216818840289,1.169369888210188,0.20315616626755012,-0.3333809853627567,0.43551162616541533,0.049793074838618216,-0.3417622313295267,-1.043626425078842,0.4408304143259775,0.043964001590512114
B0036,69,0.8752441016024798,128,Healthy,-1.5464691045570595,-3.7847453761177143,0.0901618316621132,0.3403516193946925,0.6156399921691454,-2.038680261092942,0.7873952088691694,1.0657193827575817,0.06963678712033668,-0.3317772967012292,0.2923756747009675,0.1115570583962451,0.04894091836383691,-0.8929518072075268,0.4262146199345553,0.055872673854223134
B0036,70,0.8721355407739962,127,Healthy,-1.7377049754002747,-3.6204093885268063,-0.042473020728089075,0.044886431570401814,0.6652354231580675,-1.0557788440472482,0.3986584769062732,0.500917457747093,-0.305947784242292,-0.18754176983648999,0.3392536941189412,0.05092525706793274,0.4913798545618755,0.13128440430000596,-0.6299052289357984,0.03547991966813424
B0036,71,0.8682706961686976,126,Healthy,-1.5095687388685401,-3.78194849477911,0.021446911885814962,0.3345549675238139,0.5599953482873419,-1.977471239927866,0.7541618279298116,1.003702709580595,0.08749646111051068,-0.3100221210281676,0.3091349789629072,0.09735861805889559,0.05287636466433595,-0.7516765090338502,0.3059304547973582,0.050888048135579574
B0036,72,0.866611546552878,125,Healthy,-1.6733329048854644,-3.856757312618754,-0.07033120979599003,-0.1340323526321674,0.5951675747355302,-1.6334229598998675,0.6067788630230896,0.8444061742003809,0.05033530048803737,-0.2424987441542985,0.44347403183315387,-0.03499274572464061,0.051708552568799325,-0.47155845086160897,-0.5722438132456301,0.015076576608152951
B0036,73,0.86930311454381,124,Healthy,-1.6668085558787231,-3.7542239209066777,0.03845221901948691,-0.06440609340607488,0.6691941811591539,-1.5142403468516246,0.5684061092266143,0.781506065861875,-0.009568356645621135,-0.3121937484634696,0.40214967092209086,0.1486932863790088,0.2779806175765025,-0.40359704781696365,-0.32921032924646176,0.034303259995294655
B0036,74,0.8716067476873096,123,Healthy,-1.7019441081022717,-3.3890781244059127,0.055195863577309344,0.19734766880448992,0.6712470944590936,-0.5606280655988605,0.21750651112685643,0.21672204811657858,-0.5413767409744747,-0.15750367259459241,0.21434412534905842,0.2644252223673189,0.9365466312722664,0.7154976523455426,-0.387997759852913,0.07163294667887952
B0036,75,0.8666349107416486,122,Healthy,-1.6946323452269636,-3.4676560365755282,0.06082632718613952,0.11989488325670934,0.7607561087952162,-1.0376063932943025,0.40803687402542405,0.5500303436893801,-0.2807519359367756,-0.2596474873541083,0.20108315648432903,0.31740398858491514,0.8362878579891004,0.03238776074388083,0.008095239157468662,0.07905612373229932
B0036,76,0.8649453145831636,121,Healthy,-1.577010321308755,-3.682792501361015,0.007900841911256642,-0.08345918072023335,0.5207931447624948,-1.539596391552921,0.5946121934960165,0.860579266800477,0.037065446169911954,-0.27743363706870655,0.292565127983067,0.17972913701616178,0.3352920398752422,-0.45380402718967117,0.15783663623702918,0.06525467982368478
B0036,77,0.8602201674420674,120,Healthy,-1.6542750352035847,-3.402650745810651,-0.0663853254217076,0.7069077992386863,0.8667584804272036,-0.8113874783964989,0.2800566299354429,0.20046079878067752,-0.490890738801735,-0.14239523624564143,0.17904952520491818,0.23109091088018774,0.9251878042671747,0.733915810974153,-0.5587900775853473,0.048457462106240266
B0036,78,0.8622103645064565,119,Healthy,-1.4518590891814114,-3.458354261391483,0.12456653316437596,-0.03361315905647509,0.4384990471265631,-1.519416074741491,0.6262713121618457,0.9460346017492781,0.05310925880929113,-0.395928372450741,0.13626564965156698,0.5111208798673639,0.6932055644772404,-0.660539727673527,1.2341141912641698,0.13223681190958128
B0036,79,0.8607436407030583,118,Healthy,-1.526855106847009,-3.6982219581315743,0.00807218379049675,-0.11808182032560378,0.4935253243179399,-1.6771523579169536,0.6465691229749669,0.955886613346296,0.1481668644317923,-0.3049620693881133,0.27735677069166537,0.22413928749859968,0.29485191050908494,-0.595323128922033,0.35820864675902214,0.07242734597606994
B0036,80,0.8598724386784631,117,Healthy,-1.6182406766925554,-3.774068766985514,-0.12033474217241179,-0.07892567163003811,0.5771072638526522,-1.4087576085100166,0.5038397739534367,0.684931103968919,0.02706542455925778,-0.18580546173799697,0.37912489955071144,0.020597911689396745,0.21927053548990652,-0.049966245005017236,-0.6612097218663204,0.02008156533922329
B0036,81,0.8582152071072947,116,Healthy,-1.6801159857152421,-3.584704980973633,-0.08033981030557794,0.07994553149800218,0.7432882235087714,-1.0365417381176834,0.36718566804151564,0.4603143071921426,-0.18313841861822008,-0.17476142075806358,0.294263749641644,0.17942397379541297,0.6599653961990012,0.30335255111333415,-0.6498271559983978,0.038662414894212564
B0036,82,0.855601462664981,115,Healthy,-1.554913597128324,-3.8636579759493577,-0.04949501743587158,-0.18357953134951766,0.5806210284751027,-1.919173807709869,0.7114761654076613,1.0510681966129285,0.3183862590509304,-0.2924451302821769,0.36759223789051654,0.1217913796578413,0.0752418009817806,-0.7444732206940079,-0.06120336428722102,0.03816664697837942
B0036,83,0.8551171615799611,114,Healthy,-1.517839686834429,-3.735421833241572,-0.09749867875939129,0.43242077286744646,0.699215240536573,-1.6625540671758974,0.5855560174741195,0.7035870172850531,0.05887606775421274,-0.23730367482306955,0.3136058971681027,0.1373101918898138,0.24229001610852505,-0.0812838087956066,-0.3520273158417543,0.02576097928390149
B0036,84,0.8565484410755145,113,Healthy,-1.5340675071065653,-3.8995882775704342,-0.1029046594042232,-0.20388008140690694,0.4927517929699164,-1.8564650356146966,0.6748051518927696,0.9760569528145212,0.3137613676752277,-0.23188531172729038,0.4069938266355047,0.04511050711922004,-0.0373292382015142,-0.5316690554261738,-0.3055588942992204,0.02483418663932622
B0036,85,0.8551854308604068,112,Healthy,-1.5263033817270724,-3.8801522300834463,-0.07214497207879796,-0.20096823290705693,0.531806163027815,-1.9287976817939088,0.7079274858723688,1.043447500638707,0.35421481384676734,-0.26498638434765615,0.36888154327446426,0.1031833150941383,0.013136044708958051,-0.6626370066867074,-0.09888635713471887,0.03568530977046572
B0036,86,0.8532308648060717,111,Healthy,-1.632497368567026,-3.4229721028416047,-0.07833433467607193,0.16907025698521932,0.7329958119324615,-0.7659181807811531,0.2669917793857095,0.31421322141077546,-0.2743125280272062,-0.1470940278440882,0.1828660511655948,0.31060586344990404,0.9628659802875823,0.6351745480983818,-0.43810246574550654,0.06414711507754774
B0036,87,0.8514714989555473,110,Healthy,-1.545476257519697,-3.732561008255335,-0.03877119762468402,-0.09021500240420727,0.6448138742311162,-1.6915962231212285,0.6229992224603846,0.9115245021681182,0.23789970780624844,-0.27766831952945675,0.28971340740780144,0.2587830170663033,0.3619962401433249,-0.4525172146527407,0.028782112995086945,0.055257294332925574
B0036,88,0.8536306321920031,109,Healthy,-1.4187717191708211,-3.6937260200946365,-0.07797743425601604,0.4096368472577927,0.5713513603989262,-1.7208408096591439,0.6152483591259617,0.7738621604615361,0.1467888962189324,-0.21467801249859564,0.2516861050218954,0.21904601666283033,0.2721841005956533,-0.11220337457789226,0.05253116549553329,0.049252752793233164
B0036,89,0.8519318598383039,108,Healthy,-1.491087821527019,-3.6102805428413207,0.023552196026328083,-0.0470854574583708,0.6116129208591375,-1.6227690629684601,0.6130231031925372,0.9207890285898276,0.22528556411548953,-0.31027009964265934,0.19220860534626144,0.41302241654461364,0.5841568641367798,-0.45992751904582874,0.5012988037774107,0.08844723236443351
B0036,90,0.8539808974211137,107,Healthy,-1.4909486119514785,-4.026009347236892,-0.07651289446824658,-0.28062207275278334,0.517156975495482,-2.167233987938715,0.7763531909346792,1.152754984986004,0.5473853472053393,-0.25254270385010336,0.439579823672123,0.05528282170731426,-0.2064936352677841,-0.7719863794521449,-0.30411447122063995,0.014169837527890713
B0036,91,0.8556511416813894,106,Healthy,-1.5217558832741933,-3.745945519454463,-0.005808153811131743,-0.08435616360355001,0.6142030773576662,-1.6273161012290058,0.586476749392215,0.8542877144128349,0.2445096292961589,-0.22775326935016754,0.2933330284496584,0.2612861085474327,0.3506751243711487,-0.2466438306426387,-0.09781522305430834,0.050343829900450325
B0036,92,0.857061028736122,105,Healthy,-1.2885401415549251,-3.9416572516505406,0.02716940268712618,0.1585847721200128,0.3875061474975921,-2.5962391410456984,0.9655008897365746,1.3819179597280769,0.6217239284242522,-0.2899040132190314,0.272693536034099,0.2067790138519785,-0.30729110202630067,-1.0980818777399184,0.8747584550501997,0.06617181237814947
B0036,93,0.8526662462850803,104,Healthy,-1.54538130534195,-3.482704252808724,-0.07194941157597033,0.09342808457697048,0.657950039840766,-1.0400907284885752,0.36617527128268346,0.5067235901679161,-0.05626603925598333,-0.18936438661277213,0.14264602853233818,0.3434292729233111,0.800130080273281,0.417414764824079,-0.1317647150331416,0.07240141467605789
B0036,94,0.8467304736265704,103,Healthy,-1.5819255892162671,-3.759627657104636,-0.15523910263700624,-0.04075822674421797,0.7263646187118956,-1.461987806149642,0.49454939828224914,0.6969325034473852,0.19747031926734532,-0.17565094652088287,0.30031427232984564,0.14283781565333667,0.377622641096373,0.07964452854030943,-0.7013284101567324,0.0208786182505359
B0036,95,0.8452622063615112,102,Healthy,-1.4382524883659464,-3.822354816435706,-0.06443017129448737,-0.1900982054676865,0.5499688285325262,-2.0357333413527163,0.7440042182162706,1.1322705476671042,0.5233042183472217,-0.29967950804122023,0.2787216243400536,0.28722155624245393,0.1754118817175421,-0.7318065096526445,0.3011797257320416,0.059945866094613796
B0036,96,0.8503887429249152,101,Healthy,-1.410934647700751,-4.135604259072037,-0.10060593764368342,-0.374841077274079,0.4211502599450893,-2.442984342968227,0.8689583019917302,1.3136476567087985,0.7702626340229745,-0.1822996846890597,0.4736835830549762,0.011455892001642418,-0.4184339972633307,-0.9547899675415242,-0.2680333957493073,0.005726230026300066
B0036,97,0.8485552233972288,100,Healthy,-1.5029249079358131,-3.982718453642534,-0.0810613166680763,-0.20676298530927578,0.653341590686036,-2.013472899352278,0.696000696272841,1.0396736424376205,0.5405664270859966,-0.22433994402928906,0.3851504526367312,0.11518850217257876,-0.004504202681498635,-0.479817193739967,-0.5289397210082303,0.009084391575060614
B0036,98,0.8498962261475917,99,Healthy,-1.5542481752869708,-3.7619974584045575,-0.09312854312569378,-0.05346967096996464,0.7126278516700767,-1.5677162728282306,0.5369778159393334,0.7539107733499197,0.2681020211802025,-0.20227609082128184,0.30805660047276123,0.25190160076597684,0.349917136405185,0.012555493901416089,-0.47208126479760565,0.032744956960302024
B0036,99,0.845635238697706,98,Healthy,-1.5251547861769446,-3.892018744255259,-0.18334042061029476,-0.14328024728844113,0.6410517155048787,-1.749556493798927,0.5910512044312364,0.854460540819948,0.40122211009749276,-0.1626275574169971,0.34246628553598074,0.07985464093705837,0.09190654058263444,-0.09613350554860976,-0.7068542571458042,0.00992498692765904
B0036,100,0.8428563504734932,97,Healthy,-1.4557997232636801,-3.6909817937850637,-0.08136583115228498,-0.06876801666443645,0.6284543175427281,-1.6549849131517342,0.5856873128773353,0.8781280208881087,0.3662598884589198,-0.2395513410955668,0.20567170895170894,0.3504052795921101,0.4708953735261037,-0.19470047050037667,0.07556182751734329,0.06294096039073553
B0036,101,0.8416046885643078,96,Healthy,-1.4800367848307008,-3.6894377053303886,-0.07938913483313476,-0.04876905540308856,0.6900166338078906,-1.6368590003878887,0.5737514106874027,0.8473954968975522,0.3595730145034828,-0.23398902580881098,0.22113916469437342,0.3739567320163301,0.514605260179496,-0.15391557460276192,-0.02397364921461923,0.05892931302357907
B0036,102,0.8464431820847605,95,Healthy,-1.3953707197132068,-3.602613752314298,0.06658198388815713,-0.04939630291758399,0.6008220545532347,-1.7191829852236102,0.6330959062435403,0.9665194710277152,0.405106275197807,-0.28438411906835753,0.1497575620664249,0.5760391612486655,0.6529754348657728,-0.370447821466615,0.7072085789666422,0.10174936356713586
B0036,103,0.8492334087072316,94,Healthy,-1.4653620454148069,-3.7283838535948215,0.019777525066015673,-0.07302477458875652,0.6885046666326077,-1.7653688991119003,0.623548930451449,0.930132445609414,0.42806600787554994,-0.2796727625095062,0.23455110813323618,0.4402149874235611,0.4367119415834135,-0.2640794750095921,0.13057021368194577,0.06379595218707453
B0036,104,0.8467906706914214,93,Healthy,-1.3873861507061267,-4.026981538808249,-0.0789911640543506,-0.3129425972884501,0.49298845968725685,-2.3923699807300642,0.851211852896581,1.3177742185885877,0.7909648774845515,-0.2588351761302852,0.3277104549294091,0.1748932086990565,-0.2203663451731975,-0.8525211122196131,0.10690158423858313,0.03530547908614476
B0036,105,0.8415475626890642,92,Healthy,-1.4306616503523517,-3.845022047542104,-0.14230355205456632,-0.1613362641328471,0.5862260114311553,-1.897891070580083,0.655937577013683,0.9975886958826946,0.5476484356572247,-0.2059791569076722,0.25254458638281035,0.2234634827431262,0.16465256138163575,-0.2816317842509435,-0.16180460428311857,0.03905875918981733
B0036,106,0.8425231113471493,91,Healthy,-1.4450391917715817,-3.7359037350364535,-0.14746985719012212,-0.07042712083023255,0.586133090899787,-1.5762980206652986,0.5326242003518044,0.7798949102339434,0.38399981310151454,-0.07511095690050631,0.2405327580335985,0.25479267117847093,0.4079194214106399,0.11646965167307018,-0.339995495729442,0.041977624526617026
B0036,107,0.8401549420008799,90,Healthy,-1.4578443053323868,-4.004005609371391,-0.17714209585802584,-0.22047337081197657,0.6359968577388946,-2.0840451663806654,0.7015816243591882,1.0552176165030602,0.6782408076453719,-0.1069743763423664,0.3664144473069871,0.09280771167015074,-0.04235393489196155,-0.36625155690319017,-0.658101301456132,0.0010041623634902063
B0036,108,0.8472019218613858,89,Healthy,-1.4697529099084545,-3.8426114634732698,-0.054229488500156325,-0.12476998615244471,0.673256973166763,-1.9004020150490453,0.6531157624480469,0.9531066079795851,0.5391743206092984,-0.1928837303636674,0.3139201904774628,0.34577224589818306,0.22414083832798407,-0.2217994648680316,-0.21989806326439143,0.0386090735924904
B0036,109,0.8477843063590051,88,Healthy,-1.4203949167666954,-3.7514771558980717,0.032329169974056084,-0.10085179491639555,0.6578435291030258,-1.8941218799504782,0.6695523163507343,1.0271909027450141,0.5408056721099563,-0.22833063754723734,0.1891337483624678,0.4557727159711481,0.3949697995105514,-0.3209314210674591,0.2998593655863264,0.07158204172165372
B0036,110,0.8420927364175202,87,Healthy,-1.4106853862788995,-3.6566737689391497,0.03006309065635419,-0.055020839488131336,0.7174507234834123,-1.8515216840936297,0.6635686457235495,1.043653615275524,0.5292638546044101,-0.27729236488882364,0.09596342515621423,0.552999916678421,0.5997242570721715,-0.3760446728702608,0.5882331364809135,0.09227710559522957
B0036,111,0.8361090072435059,86,Healthy,-1.4320512180393974,-3.845711892862339,-0.10688438073389511,-0.1408137452746871,0.7167320632312774,-2.0109272787543175,0.6897987529268628,1.063843669018862,0.6595355830669626,-0.23249605891789474,0.22695468881455708,0.33848895737430895,0.2709190331864373,-0.3791501673947948,-0.08410118602747477,0.042975056859692495
B0036,112,0.8337988482873592,85,Healthy,-1.3448280322190147,-3.9983871334519456,-0.08299114931608398,-0.2964607804273168,0.6058918506835693,-2.5440337131785404,0.8987575989571395,1.411877519074668,0.9726442304007233,-0.30884832387376415,0.28589281796153687,0.345576759545414,-0.05199703750018263,-1.0178666787437733,0.31718819363178713,0.04629430890656949
B0036,113,0.8390936893519508,84,Healthy,-1.2305062507496445,-3.8288008790750885,0.024686533997637643,-0.2617362743549044,0.44487702310627886,-2.4294692434494403,0.8850857264091255,1.411374257675945,0.9333480402954873,-0.35951570013015777,0.18460834246919952,0.5700900975556276,0.18865121855473227,-1.0048751508675025,1.0726303707610294,0.09675493474795198
B0036,114,1.222031216039328,83,Healthy,-1.42816003086243,-3.3647671538805595,1.6818553400447669,0.5383933504213816,-1.3702996510397465,-2.9566624622816,1.4771343506906032,1.506137264396529,0.11623701822056402,8.532640793454298,1.852315478157217,-0.3465678652950157,2.087249825825115,-1.8880971755767255,0.008825799995369763,0.048812923613031946
B0036,115,0.8456701574466102,82,Healthy,-1.328024990538024,-3.6365958733979826,-0.17734087826674885,0.013926098585665302,1.5133013517573546,-1.3872584063381568,0.41363458676913817,1.936059395989195,0.594108103829155,-1.0202636055562777,-2.1437122323795417,-1.0702667512552715,0.9446703785166466,-0.18286770429385807,0.7646319985701983,0.08098509740982775
B0036,116,0.8401393548306642,81,Healthy,-1.3599333928666792,-3.6721768265792027,0.0058679229289073246,-0.0938539003013091,0.6719548216303393,-2.0158362967682093,0.7234267391937755,1.1489705821060447,0.6666364464317712,-0.2733073599175109,0.07342526344698978,0.585751088370866,0.5341290964505835,-0.4631374863264672,0.7440404549043762,0.09805510707924746
B0036,117,0.836573650511513,80,Healthy,-1.4453306324014474,-3.750912356416083,-0.09918440831617147,-0.06633703936692709,0.7664289042822234,-1.8400882260029063,0.6218279185449465,0.9425012646721546,0.5871656755327553,-0.17491866922518576,0.1795866703460709,0.42899607770354176,0.4519658823918301,-0.06632072680966769,-0.11506654650628635,0.05221832648332852
B0036,118,0.8352146045016214,79,Healthy,-1.407582225264418,-3.55119785970253,-0.047026166995104556,0.028567564890931364,0.7454945709546811,-1.5933059532083234,0.5495530743118765,0.8375702197397088,0.45898095589086485,-0.19178636119481068,0.06488359762523511,0.619677718527077,0.8026849164584305,0.10616552056680349,0.3579623439246696,0.09293255657831337
B0036,119,0.8329951675057996,78,Healthy,-1.429592257000725,-3.677677607134405,-0.08790962794857385,-0.028038242725234357,0.7868824278124962,-1.7628297812842801,0.5956330058818828,0.9003169591508289,0.5636889533869571,-0.187651720292404,0.14031055442588597,0.5200247677570909,0.5948755539720779,0.00898434360442177,0.03197959906543699,0.06608892749770012
B0036,120,0.8321207876362235,77,Healthy,-1.4474446193781432,-3.903520391959693,-0.16896423507945882,-0.14165397715650527,0.7868496709557178,-2.0474765296913326,0.6735115559008014,1.004144284452125,0.7455861308237443,-0.2108189726575018,0.2832179090078002,0.34470585825707595,0.18250548672886086,-0.1431655777779109,-0.4945587151201613,0.020458099296700078
B0036,121,0.8334225383887482,76,Healthy,-1.424886269541393,-3.719943426296246,-0.1555828240831985,-0.040884603270846996,0.7231369445439462,-1.6841864218355553,0.5500830257384071,0.8081572213058923,0.5487077405487909,-0.12241255626140748,0.18630733940601377,0.43113867099431497,0.4870570665797318,0.24864372177195743,-0.29857409030231535,0.048421273003694726
B0036,122,0.8297250780333768,75,Healthy,-1.1884612240239536,-3.670180822488393,0.0022153336489456497,0.3639568948332686,0.6804655748070756,-2.3695469001572134,0.8399553682313812,1.2368829539331399,0.8014936634016715,-0.2743217473260217,0.005263580016849196,0.672323884688086,0.4629925383428855,-0.5367392665209793,1.1442663045929016,0.10602614993854718
B0036,123,0.8312062615336595,74,Healthy,-1.242161004767264,-3.7545398501668976,-0.050053199379175045,-0.1930495914975563,0.5053098256823068,-2.244999106921706,0.7992730010006429,1.2710730112600286,0.8828305894513495,-0.23584383754223534,0.10599078560455576,0.5815362010858331,0.3153877106210431,-0.5610398931098799,0.8833677337414868,0.09851794189694076
B0036,124,0.830176304161285,73,Healthy,-1.2348258031525543,-3.8203934726522326,-0.16704469865245417,0.33044143005108,0.6217652382910203,-2.202297115803834,0.732217795438727,1.018160878967987,0.7438141615894162,-0.11408916252050534,0.1395403563203189,0.3714888249485767,0.14579258833546893,-0.004116361376855464,0.10027021310009634,0.046559751290866834
B0036,125,0.8305115689816618,72,Healthy,-1.3563241019446748,-3.6598658888474733,-0.09056104403964908,-0.03982379966659563,0.7147412271202321,-1.8087056405288153,0.6088583727602427,0.936642812024385,0.6601094564660858,-0.1849346508473951,0.10362086352569173,0.5904426545792064,0.6083981769134417,0.034121861514759946,0.22613829237572877,0.07677118348233478
B0036,126,0.8287593778660806,71,Healthy,-1.3148615826886636,-3.8705469156888204,-0.1225623711748394,-0.19493812117291748,0.6327186236537876,-2.249845327773255,0.7668515961463874,1.2011084059594146,0.9145718199568896,-0.19025828002872208,0.18007253529365533,0.44617739045840515,0.18852076034621046,-0.3818566010004272,0.18731488043745875,0.05641118936825416
B0036,127,0.8253938979837274,70,Healthy,-1.3705970757051842,-3.4970039112890214,-0.14546741610218616,0.6362051676002002,0.9478223803397152,-1.414793070008393,0.4244762418786276,0.5062178356308988,0.32576759667214567,-0.05913545984105699,0.01021618910819135,0.58666278321622,0.9313729715337561,0.8667639273544714,-0.25854786438192684,0.06099386525278439
B0036,128,0.826628503105507,69,Healthy,-1.2027058333313603,-3.8621028924934024,-0.151590486224456,0.2969819903544949,0.6247114182599939,-2.3853728296045134,0.7974153987818063,1.1284699260999533,0.883442792982184,-0.13517477188719595,0.14806872015728664,0.4263795435227911,0.0942936243702648,-0.1751838436472244,0.22944100384729135,0.0490651459971674
B0036,129,0.8247107423386343,68,Healthy,-1.4590220368502946,-3.591562009974753,-0.20012151859006133,0.10081410915607408,0.8770354908144878,-1.2983498269359306,0.37875801202400566,0.5360554351646378,0.41954344286217404,-0.045940615017409744,0.10644892605446118,0.5024250506803346,0.8312345656895886,0.8378391401847262,-0.6602571411675106,0.045237897478581715
B0036,130,0.8339295957833353,67,Healthy,-1.2591320887965798,-3.793865153871596,-0.018985369243465576,-0.15784556659109453,0.587879970269006,-2.1840274640706534,0.7466533420907484,1.1646958544665074,0.921994321676873,-0.20277352328831574,0.1629203766598902,0.6259880346334464,0.3447583186937689,-0.2898194557205902,0.46393455514244253,0.0767860784151149
B0036,131,0.8354313821624835,66,Healthy,-1.342395853075543,-3.785267234037341,-0.049478206117006165,-0.10158369668863737,0.6913026749482125,-1.9996152612615068,0.6651756333384012,1.0311576851609625,0.7918862573599513,-0.12835991796766072,0.13625814324724952,0.5319669439572968,0.37676635497734917,0.021251329225143372,0.09120477914551049,0.06348744524794363
B0036,132,0.8329059082026684,65,Healthy,-1.3718558648389882,-3.9614560907094925,-0.1716306225315102,-0.18029469614870347,0.6852827013820976,-2.1340123212787563,0.6869848873354651,1.0577780336876874,0.8876233491341406,-0.07925779994901253,0.2273535895508555,0.3021510517208229,0.044518854339017,0.048569290533178905,-0.508877868753013,0.01976988822137909
B0036,133,0.82664992588085,64,Healthy,-1.3112581114424444,-3.77568044819023,-0.11344770742307607,-0.11227144238025738,0.7010086581865551,-2.0601317183886256,0.6848549461794046,1.0934618701530685,0.8708588407990618,-0.16472776164719505,0.08066311368488284,0.5299788739537424,0.4053250616976942,-0.07020990857431673,0.18831049952475157,0.06678570129386033
B0036,134,0.8234393511764261,63,Healthy,-1.271392842579812,-3.6952493379271294,-0.07980430832673945,-0.08870386169544714,0.6801803118808818,-2.0467496444911246,0.6926486204898548,1.1124653875876405,0.8784988534467587,-0.19306411506774937,0.036241835014532445,0.6578876678537047,0.5582364656524538,-0.1345014166381024,0.5396483591143488,0.0900818445683026
B0036,135,0.8359476624851878,62,Healthy,-1.2172054625170226,-3.7451744650399004,-0.11927562702209271,0.38735484508218493,0.7725630300598115,-2.217026031310324,0.7223549487265335,0.9647191990290125,0.8447736627162128,-0.3125557375762473,0.15293558223439394,0.7137486830570821,0.3481444674774886,0.13062802246234922,0.2969373157489526,0.06549643066498385
B0036,136,0.8403871731792864,61,Healthy,-1.2819629125941259,-3.75152948541595,0.03178185692824627,-0.11552840645523033,0.6877650415465417,-2.2310472118470313,0.7653457935957503,1.2134753048696099,0.9622578347337978,-0.25419387690511586,0.08698715366960148,0.7364346622214635,0.46660627392389814,-0.2945377272677154,0.6295990508829516,0.0904380180625355
B0036,137,0.8368858543351537,60,Healthy,-1.3728286346738556,-3.7620187522895,-0.17089660209028246,-0.04951743340523661,0.7110209264222718,-1.7905865432507972,0.5617225405058763,0.8609412865656836,0.7357375311634222,-0.060019942505910966,0.10940651047572796,0.4473540654193367,0.4228667758123906,0.46836381022866935,-0.3877182908632527,0.044769712768775574
B0036,138,0.8302886881243696,59,Healthy,-1.2962514677108836,-3.6994883203177773,-0.07897348744996391,-0.06994086700315674,0.7213550139737082,-2.043295768646489,0.6833997604554614,1.101652429550084,0.8912641561165419,-0.1747099202660196,0.013752637637842992,0.6483497909573701,0.5689147286831271,-0.030727878130414766,0.41216301860402554,0.08494162424779005
B0036,139,0.827993890573043,58,Healthy,-1.2963579930870308,-3.8469864856361133,-0.2598873407958116,0.40836931998180287,0.7879897830846387,-2.0566564796643223,0.6266886176427944,0.8298548177202003,0.7815624641901708,-0.0018277090357813007,0.1414119137347222,0.3504225071549888,0.2082225292563059,0.5633764347881657,-0.6470319824379125,0.013498299880754851
B0036,140,0.823431159194922,57,Healthy,-1.1072089316923113,-3.950311102085928,-0.129546716597894,0.18859046604113938,0.5995821459643841,-2.9497826962333584,1.0116435862324435,1.520022315584851,1.275896727768081,-0.22569642568630782,0.07391468655338508,0.5415348792486326,-0.09944191596172479,-0.7227417141194311,0.8437939959164578,0.06965032904549469
B0036,141,0.8287310587716424,56,Healthy,-1.2276870178880308,-3.7525290655270003,0.013624755670736698,-0.15802251254550323,0.6636187947655336,-2.4717008997697167,0.8627703894935528,1.375750665422281,1.124827355395362,-0.28333454271420994,0.054205969698757524,0.8327505684298809,0.4070540422164358,-0.5733225099213154,1.0663542914701012,0.1099719484285038
B0036,142,0.8301995587608447,55,Healthy,-1.4795993025633778,-3.4970013929522503,-0.1305708070682273,0.20294415808876168,0.9826171794500584,-1.1620956127537225,0.3145962375137725,0.42625358690918275,0.40244975534735866,0.007332156365386827,0.025916646794250976,0.6814265885423231,1.0474137808063437,1.2186165534315914,-0.6234785144974195,0.06090561288274661
B0036,143,0.8230394546418556,54,Healthy,-1.270955306322401,-3.957214627486751,-0.20401115908485704,0.3184869291517862,0.845924328596655,-2.5164080920469574,0.8037542439963188,1.141854841446282,1.039757750401271,-0.08938968160019498,0.12886936227610507,0.40529557172156655,0.012243704693717253,0.026007869939076583,-0.2630332541249245,0.02104281102873084
B0036,144,0.8204183231329664,53,Healthy,-1.309997726734851,-3.734167509656387,-0.19885800148002103,-0.06266644590506557,0.7234598159469113,-1.9444773466118135,0.6188990923603179,0.9624111863353279,0.8851891647342253,-0.09315457054851069,0.058893308592383016,0.5792601396512954,0.4628172111479003,0.3177800416475354,-0.02263688730306506,0.06404962256298309
B0036,145,0.81722044601408,52,Healthy,-1.3556332039433834,-3.829301751753687,-0.26043466712923347,-0.0758596963926864,0.7998785856856863,-1.9566087576933622,0.5988571653234617,0.9133731205946091,0.9121447580606289,-0.05349607967969821,0.13498464979415759,0.46836983819213357,0.3510787604939095,0.4236004201193238,-0.5514334067739696,0.030871690877393915
B0036,146,0.8187019593252106,51,Healthy,-1.2419846032259276,-3.7339970197174543,-0.08564493855594231,-0.1001091234344028,0.736728439301252,-2.232125948568383,0.7416581328864104,1.1813592901663035,1.0722928403602319,-0.22135775344463124,0.039808722666382,0.7759859286252437,0.5115081863873417,-0.13188606455323243,0.5529657202202501,0.088549194439503
B0036,147,0.82369103770262,50,Healthy,-1.3679937946226937,-3.746260084138445,-0.21726916547355452,-0.003913921570489697,0.7776378203868675,-1.6918355868767234,0.49781450426741997,0.7244143604666105,0.7635163358162451,0.019078628054482186,0.1312108865736926,0.5272697829612993,0.48650291100710474,0.811685253906739,-0.6399592033359655,0.037110966272082734
B0036,148,0.8272823220811178,49,Healthy,-1.1740823282654875,-3.8444528517896246,-0.0047055814053408454,-0.19517933189914186,0.5971203903503985,-2.456566541000851,0.8283745242927251,1.3409780418066413,1.2034086946764284,-0.16919849849038093,0.05564175718828222,0.7136658250348055,0.2714798850366308,-0.2926630039641815,0.69844885584896,0.0882795577161987
B0036,149,0.8204482803649675,48,Healthy,-1.3495961329483546,-3.7706656834360794,-0.22336977112208034,-0.0138739924832514,0.821627412023473,-1.7398547933290558,0.506987916413577,0.7863636545076554,0.8307513423081819,-0.00552755624246788,0.06464698973216536,0.4827387645202378,0.4942505494360889,0.7701486182359861,-0.6662812734713303,0.0327187127903407
B0036,150,0.8132614989669819,47,Healthy,-1.1752002475086691,-3.9450374476792036,-0.10433533394587333,-0.2562593981379717,0.6855261576328232,-2.730622638698438,0.9176667065498015,1.5093572716348505,1.3975084972719045,-0.22056271160904303,0.05862363250305062,0.6420254671852998,0.14305059892563254,-0.6076630629777053,0.5957137012780948,0.07119308594069565
B0036,151,0.8108674572315228,46,Healthy,-1.2835435549031464,-3.8156071348219434,-0.20025111613373933,-0.08658157950978415,0.8290510368841109,-2.1308040638275845,0.6632169483148623,1.0433328295636561,1.0859016497897962,-0.14829115126445488,0.08722465935192164,0.6368337476238892,0.4447876372483921,0.21687383080609285,-0.18950581811979264,0.04790996497064136
B0036,152,0.8124100029819773,45,Healthy,-1.290345441438392,-3.780636338180295,-0.2627636655913613,-0.04479234501780654,0.7572790791895341,-1.8407131367746512,0.5422029852417147,0.8277184332815973,0.9419053433971984,0.0006915575564472415,0.10194792634486824,0.5433722575408129,0.48481655906834903,0.6832311940775204,-0.5690424834424423,0.0360797424826602
B0036,153,0.809400598680685,44,Healthy,-1.130332904218831,-3.808421682104856,-0.19444374849016383,0.3730821252495793,0.7736659888411216,-2.3830375537350754,0.7505570334099098,1.0900163837332235,1.1139892644575653,-0.08023277209639804,0.008896697151352816,0.6256036729730877,0.3412417751910587,0.23331122689911676,0.15045128977064784,0.05444472679573585
B0036,154,0.8068675245167108,43,Healthy,-1.3423759819394692,-3.335378384983036,-0.1453398481990193,0.2596026174932148,1.0043419967879013,-1.144286342250423,0.30557426118086395,0.46709097633058405,0.5549665428247402,-0.0368106855847779,-0.14817480065478075,0.9427750843669738,1.4278531276199684,1.2422411438677208,-0.050154933754796474,0.10084121834444418
B0036,155,0.8060064118270704,42,Healthy,-1.1092495810284893,-3.5618969655090207,-0.05874756892399457,-0.052880420153878366,0.6601243020692078,-2.1629367724330493,0.7285068504510717,1.2135821681398709,1.1368706566862203,-0.20267048511195404,-0.14149920231412955,0.9897130361092429,0.8297639579441033,-0.06454503435951217,1.248133292127498,0.13801361220273412
B0036,156,0.8335516278443589,41,Healthy,-1.2837634866564824,-3.6289883733850865,-0.012566754257620017,0.014024936342603865,0.8012005984062017,-2.0086703629963276,0.640671386192831,0.9166672546625856,1.0004629982986417,-0.40536443095205654,0.12872518363555815,1.1095529514672513,0.7268722326929257,0.4092258081461432,0.3673433942471527,0.09603827083270981
B0036,157,0.8425066691943127,40,Healthy,-1.3249630829069843,-3.6703417557954996,-0.03654648289616331,-0.0015269219917094599,0.797343137404142,-2.0481298409928357,0.6606540150879584,1.0054395222071926,0.9736338861536579,-0.10270398208494057,0.033129586368793484,0.8450257507572573,0.6446951990012884,0.4081421850512416,0.21291940397996598,0.08521315848904397
B0036,158,0.8393327493807349,39,Healthy,-1.2397157907779164,-3.9971846213140365,-0.130714051050943,-0.24903266879382766,0.632356458262216,-2.684339747125194,0.8826292241013637,1.412693244190062,1.3691779361578715,-0.10051349966185906,0.10594572020567584,0.5327008983395193,-0.019947855559284244,-0.18726675775698434,0.0729909073666385,0.04717208517144689
B0036,159,0.8364881751095686,38,Healthy,-1.3177823735856606,-3.617290481840439,-0.16392401269404547,0.05172519869264704,0.7704285145159327,-1.7078711792263859,0.5097330906251063,0.7926584553463912,0.8524359727513182,-0.007696173111511073,-0.04202195977766712,0.689936075729358,0.7386342853722507,0.9197328177609861,-0.23939188399313752,0.06876077464371269
B0036,160,0.833244517149827,37,Healthy,-1.1995779208958577,-3.6573955590322877,-0.05813472191656073,-0.0640472150750943,0.6827538396120356,-2.239645703156298,0.7420809980035248,1.2121456506039279,1.1533844931334951,-0.14256872482386695,-0.09360668235659211,0.8542449160066424,0.6430191312488807,0.11960589539605042,0.7266219133339091,0.10794494008490539
B0036,161,0.8349210420355454,36,Healthy,-1.2575968622264109,-3.479557024940746,-0.04762131362535899,0.1108014014283384,0.7752813667485965,-1.643953165044635,0.5053391360176741,0.8063323900465889,0.8439360831683148,-0.038364743990335466,-0.12873428318456157,0.9217999940183199,1.0572330636385954,0.8608072965447555,0.3183316862854267,0.10729972031808559
B0036,162,0.8373372114013518,35,Healthy,-1.2677593048561544,-3.6040124557842876,-0.06076280926676591,0.041743960730382244,0.7684503079777468,-1.8379522820983365,0.5673459992772579,0.8934761654463302,0.943680890727233,-0.0773626450724976,-0.061362081114421714,0.8498550034671561,0.7860231222652799,0.7430875932348269,0.15755877219860437,0.08913709245942325
B0036,163,0.8332522667572821,34,Healthy,-1.236263732766651,-3.575882251920112,-0.10621673213531262,0.02486181747829908,0.7167773117756925,-1.8834560966296747,0.5926278505997151,0.9566497399617027,0.97317696584859,-0.05037966113531484,-0.12720458021502276,0.822363471595547,0.7759903199340425,0.6661218863763547,0.37571990681079703,0.10106484967496078
B0036,164,0.8261110424173636,33,Healthy,-1.067503728411327,-3.8030399543634155,-0.09571342532358378,0.32787264966455043,0.726273575866697,-2.7678708318886693,0.9105146408107128,1.3874860138508864,1.3671412365018591,-0.14959755924885107,-0.0980099077449867,0.7772051029663573,0.3172651454591179,-0.10651805936523738,0.7754684271362986,0.08463593159259962
B0036,165,0.8231359137549763,32,Healthy,-1.338476475004778,-3.7389009075689397,-0.24296329431795263,0.027285113935574513,0.908034015480602,-1.85864006237381,0.5312791262658784,0.8135288687011105,1.0166738158200237,0.008419820533339258,0.03403656140200745,0.6470527732174527,0.6516162094624617,0.9034595811398031,-0.7308177318312605,0.0344422808004682
B0036,166,0.8211996173462605,31,Healthy,-1.2258778973936937,-3.560207987433024,-0.06306741674323281,0.04971983652716133,0.875719657425637,-2.025953868454091,0.641981687610786,1.046027211899368,1.113159214790593,-0.12677970221750198,-0.12899553880717865,0.9968987561413832,0.9885893350262958,0.40482040392340135,0.5241675813990545,0.1070548731619655
B0036,167,0.825589303549996,30,Healthy,-1.0934715854983783,-3.6839055513777414,-0.003765065162622675,-0.12117462655057758,0.6319773652224769,-2.528849155826941,0.8518403680625184,1.398583291966742,1.3937564926207548,-0.22516655764973628,-0.09918532169019638,1.0305407543716596,0.6055914285248438,-0.18295843542419296,1.1942601907120365,0.1267127600754344
B0036,168,0.8240841560140966,29,Healthy,-1.1236580963093694,-3.913636473441626,-0.11955079721974424,0.32979492111496383,0.8363985868696981,-2.758611743994451,0.8732313919651918,1.2904547037893708,1.3963891054690574,-0.06883561875408505,0.011177318400706234,0.7021991624676098,0.21282726985124978,0.1127792807193311,0.12170054314369248,0.046267358844827924
B0036,169,0.8239443862714197,28,Healthy,-1.2892286604199212,-3.325301513538862,-0.19909131520621887,0.8094182462077661,1.0285704742819664,-1.1489650851833355,0.2605482146871149,0.24848045697139204,0.4927834062178024,0.1465345674710894,-0.2026370114734986,0.877275187426225,1.3216765182479706,2.01038241282341,-0.5154550665959169,0.07536037895305352
B0036,170,0.817921825457841,27,Healthy,-1.1942832496508557,-3.7740592117030674,-0.16152643569491693,-0.0851031387779629,0.7860933020762839,-2.328106314608173,0.7304179815068574,1.1944341834332535,1.321327362208739,-0.08161211764332668,-0.05660818117527502,0.7796011120103288,0.5299153890475985,0.28549458124170873,0.17676962436071614,0.07225102740447303
B0036,171,0.8166181405972758,26,Healthy,-1.2113201285795272,-3.9662795181304027,-0.28173389877512367,-0.17221872795409604,0.718829732441345,-2.420996430056437,0.7322447806538015,1.1575154448960117,1.4000015778718773,0.0036544886361872995,0.09688362508772833,0.5458892462908308,0.14976125990956365,0.4208711161204154,-0.5526841345294847,0.022042754869066653
B0036,172,0.8149632338414935,25,Healthy,-1.1245392691533982,-3.945463615859765,-0.2158343610386035,-0.22221185651907394,0.6541179211615797,-2.676946393933867,0.84871895328313,1.3791027633030362,1.5626871727004679,-0.1248982749747693,0.04032380056309256,0.6925654937949602,0.14940080538060233,-0.00368056627086661,0.11779306657975498,0.05256202166653872
B0036,173,0.8193931314643612,24,Healthy,-1.105977266269068,-3.6782717725446896,-0.08776570985345494,-0.06975201393440814,0.6464337877991561,-2.2602267642216467,0.7196857148233339,1.1742223927545026,1.3126826771048956,-0.07661956183578975,-0.09681928767385951,0.936807877727286,0.6427054263554043,0.3631526783670629,0.6307285457307936,0.10370406036666173
B0036,174,0.8179827431920386,23,Healthy,-1.047612844540299,-3.6579428706867683,-0.05554575972100624,0.4571249543732753,0.8123074934549877,-2.435354719095559,0.7685801815599796,1.1548199889430881,1.2747029397495322,-0.06509260268934759,-0.17564737538517525,0.9565229265613764,0.6745324928120157,0.42623362370232054,0.7219920748713063,0.09887714249964608
B0036,175,0.815568521983783,22,Healthy,-1.1856929170414134,-3.8180257386652796,-0.19427845515591366,-0.09373047253489927,0.7645373418006948,-2.304437174998493,0.703171000237133,1.1340358830909256,1.34721377111981,-0.012917578851755306,-0.02601728068801521,0.7380221111719834,0.43022325969464864,0.49481258907928855,-0.076942307169877,0.058513822484965686
B0036,176,0.8110094860444232,21,Healthy,-1.2029347916362434,-3.627894606219097,-0.21740483223582105,0.0462614298776793,0.8253411035412791,-1.8658519718893498,0.5369477520600089,0.8715081231490261,1.1340439557194073,0.00957870076976864,-0.12086438531098856,0.8322490293943888,0.8232383750040553,0.9647843591161186,-0.13256731682641443,0.07354044570424181
B0036,177,0.8208022489211078,20,Healthy,-1.2753521048791652,-3.7964143096235534,-0.24020665437924124,-0.007370785021435906,0.8520880286746878,-2.003997836037367,0.5622788187057,0.8296106717171454,1.1952347401893688,-0.10152373928950575,0.08124433207489744,0.7922655912898794,0.4769655102526834,1.033174471930977,-0.7053463158262576,0.033987853977095396
B0036,178,0.8126545115728901,19,Healthy,-1.1259818452931465,-3.7215527462798557,-0.13669945366391864,-0.07358236903225064,0.7914385485660214,-2.416013048448261,0.7614917887296624,1.2736951854718206,1.4503910756820826,-0.15882981402677732,-0.14479769125495534,0.9329370981765432,0.6333010941241485,0.23124029711332597,0.5284738331644036,0.09254875236071233
B0036,179,0.8098067261119742,18,Healthy,-1.2350425945712058,-3.8374900638615728,-0.29596071413145736,-0.04339030961371739,0.8604913527882876,-2.118971709947056,0.6003647182278234,0.9461901884091193,1.3058318181314224,0.04721348059624563,0.01618262844134268,0.6636724854414395,0.4852297966756485,0.8829722281052802,-0.7416348661979569,0.026457850417666344
B0036,180,0.8062118087387186,17,Healthy,-1.2283864073179327,-3.8084762763556808,-0.2646642920996847,-0.030586144505953056,0.9097402811549175,-2.175396677620211,0.6269480398572478,0.9998784176160598,1.3451622034732766,0.01596571742816566,-0.013261687023684037,0.745052429390563,0.5755709894753683,0.7566385560588124,-0.542298076521005,0.037632685399480253
B0036,181,0.8038850514956697,16,Healthy,-1.1320065446032954,-3.278672900256857,-0.06088552486607915,0.21045866282650996,0.9070404623634906,-1.669729076849117,0.5049492798650852,0.8559678497517487,1.0583311330232428,-0.08723091958999543,-0.3494342908270802,1.3064325265542003,1.5295609423231817,0.9149887645148244,1.003935974540683,0.1569863607760773
B0036,182,0.8044038765990791,15,Healthy,-1.1599374129779083,-3.472910483900506,-0.15861895227991724,0.12717910950525443,0.8696647141648203,-1.7776891423342591,0.5131401692216286,0.8386814768478519,1.137678262756992,-0.01508223297109913,-0.2088954321647327,1.079490693500429,1.151550731838165,1.0233450890687732,0.30495070868426044,0.10812330115815671
B0036,183,0.8041778129367134,14,Healthy,-1.0602362010132613,-3.9053050439907473,-0.2237944586424979,-0.19861619110305648,0.6784440954168839,-2.7007564011420624,0.8432025063806144,1.3833129054681605,1.6821063161166363,-0.11856473190928848,-0.023717054198844217,0.8267056251735994,0.2600456950631373,0.1188402862091076,0.25834749727333484,0.06419614982646438
B0036,184,0.803410125950577,13,Healthy,-0.9855923567338204,-3.774356092167834,-0.14387050944298552,-0.17460608137809228,0.6002034290841309,-2.698517240876028,0.8715919491156541,1.46476271018901,1.6829894165542343,-0.1158174585827748,-0.1448470135096096,0.9808607091364476,0.4709425774624313,-0.02292109854879986,0.9572404187847071,0.10881785186254928
B0036,185,0.8008854886033565,12,Healthy,-1.0101512281805547,-3.762657656568503,-0.2512113353168159,0.4196735985038365,0.791941751646736,-2.47351970021666,0.7362741616759708,1.0960268681098098,1.4393172134688272,0.02220927640956694,-0.13484586968494552,0.8316057005042995,0.49567338400336114,0.7142674108455858,0.1249837961096601,0.06249848367417111
B0036,186,0.797455867346104,11,Healthy,-1.1486594453660137,-3.9022440767583353,-0.2913291258489634,-0.11495537477556261,0.8457210938850235,-2.4495903933913232,0.7198344193685531,1.1691502497795674,1.5697743155007853,0.0034189850341626005,-0.006304324217132239,0.746764083785615,0.3912484368411017,0.5454341984931227,-0.4100585870556215,0.03548058445290645
B0036,187,0.7969069562693686,10,Healthy,-0.9527784054264774,-3.630560405080052,-0.17798270612306355,0.4568819990312517,0.7795844979113324,-2.4776466743917123,0.7609767510888256,1.1539396165947702,1.4515210169652197,-0.033193826292223415,-0.23083015420454409,1.0401074662523269,0.7260010057197593,0.5810290725440843,0.7677702895412825,0.10418683137800178
B0036,188,0.7960136564752298,9,Healthy,-1.0614554032201184,-3.7725411501388177,-0.18135631315710493,-0.10081174992990849,0.8025008522530935,-2.571077367731995,0.7975965646459053,1.3248169238188954,1.6489180426134573,-0.07494052120624671,-0.11520375982095654,0.9949673129766966,0.6107339119429874,0.2190484027480187,0.4646729188008452,0.08568070155147259
B0036,189,0.7923680774889376,8,Healthy,-1.1505277326946144,-3.7246541650283245,-0.2882895540386365,0.00928350740555926,0.8986918341332455,-2.0874213366596353,0.5835413181920697,0.9531521209946955,1.4015137164459877,0.03923681072114461,-0.10357779745603314,0.867223460473026,0.743890218178516,0.9570763964208805,-0.3533615278105086,0.05516963207306287
B0036,190,0.7881714681968399,7,Healthy,-1.0611093829244371,-3.723983899413638,-0.19151828332424337,-0.06203575362589137,0.8522178079529694,-2.4719778652006914,0.7560530677374007,1.2689783498578684,1.6177615608708102,-0.08815732980788166,-0.16353782996661353,1.0375431856875885,0.7270350567143845,0.34627217891405926,0.4815164816441481,0.09236813043199815
B0036,191,0.7860114587321143,6,Healthy,-1.1209963426111331,-3.5929483717292703,-0.21835583075919313,0.07025067397326151,0.9506806056871082,-2.0380795811753143,0.5812053536157712,0.9637046573082972,1.3878069804149629,-0.015099192948532986,-0.18940150930462996,1.0738750907791004,1.0206474540727275,0.894656470113066,0.13166682540193952,0.08948211214739726
B0036,192,0.7864937142756177,5,Healthy,-1.0202162356313225,-3.768764478780949,-0.21371285408955387,-0.10107256750627439,0.7693158625930938,-2.524931313997425,0.7697980769142838,1.2846778922515938,1.6773889778887898,-0.05515520980135999,-0.13071845899500803,1.0110735051558788,0.6177156479023913,0.3685334016205245,0.43855744366581295,0.0873249225070193
B0036,193,0.7984927001945095,4,Healthy,-1.0772585367922662,-3.998094149635941,-0.16328788719760146,-0.21174057498655363,0.7887099441354367,-2.9006976873502093,0.8977958038837532,1.4323917255400065,1.8309792633936612,-0.059191177635791986,0.05434292438877286,0.9261718311016338,0.16315887984812996,0.11746842171926308,0.11777115065381581,0.05388450591315617
B0036,194,0.797863011851928,3,Healthy,-1.0998636731863247,-3.8284560675139736,-0.22722167785729794,-0.06351752502231674,0.8036731702351498,-2.268977285237408,0.6456174878785235,1.0623584922282594,1.521503784968627,0.06962222863047636,-0.08705977990231228,0.8392061850728364,0.5025467211570256,0.9203322020801686,-0.2884571845974695,0.05243539655770704
B0036,195,0.7897501691702795,2,Healthy,-1.1081264017879784,-3.7334193343030218,-0.24527187322096508,-0.0023433717530784055,0.8939679470809497,-2.165753485036308,0.609707032891882,1.0288744465601662,1.4822016991792295,0.03778000332068253,-0.17570686558508444,0.9085172307996937,0.7194402506318633,0.9580443398048948,-0.15187435077809444,0.06595173709509781
B0036,196,0.7814734938760093,1,Healthy,-1.1342066327268534,-3.983068457480853,-0.33139642237699457,-0.12701828634442494,0.9556354876848138,-2.556021017992924,0.726900779859994,1.1981561070671587,1.7253092235778074,0.024654378310638537,-0.021172463924535666,0.7393426304326501,0.3261090943992618,0.6436633005378029,-0.6748874011438776,0.01802119403706022
B0036,197,0.7795564715770588,0,Healthy,-1.103025927468564,-3.770654412138063,-0.27809269466706743,-0.020127686898162585,0.9406025964431501,-2.2825384968385203,0.645136429047661,1.0619648827645634,1.5783567898727342,0.03399831922121818,-0.11446382000634042,0.9517303644850778,0.7067599427427096,0.8440042107046063,-0.22672062866351575,0.058452396771772254
B0038,1,0.4490286854838362,46,Degraded,3.1841404675476213,-7.007869195078527,-1.8167526192227281,-0.6070691536659547,-0.47676459346764083,1.8916689660899155,-0.9637636750826427,-0.5635343407790114,-0.4806401889823716,-3.374093875596904,0.9933704827958107,0.9566480399491414,-0.48912328247843445,-0.5960865980872234,-0.2258486693232682,-0.18681251404212193
B0038,2,0.5513118165957038,45,Degraded,4.023861096164548,-0.5496500198426161,0.1683425966309087,-0.6087871842621979,-0.4077184041132466,0.8434532943783932,-0.4906581383753106,-1.280269595581469,-0.051275408952922284,-0.10366429006848477,1.3965014505190876,-0.2617317356074028,-0.6450415140687928,-1.130541941411628,-0.5251572404032511,-0.007855222223767626
B0038,3,0.5442900939736716,44,Degraded,4.046491415489879,-0.729729652542647,-0.0074223796310517775,-0.7312857317041076,-0.08436270474359198,0.6490136164403755,-0.4576868419071493,-0.7465015185335908,0.1604186036218898,-0.32655075635937814,0.6725267510247623,-1.088463613813354,-0.8813618446813921,-1.3537988687096798,-0.9839229772405769,-0.06252425950065929
B0038,4,0.5306624923795543,43,Degraded,3.93286653271138,-0.3706209756166634,-0.029354953729502038,-0.5596753127110407,0.07752751630672199,1.1744501000709473,-0.620628541962426,-1.060648890928682,-0.2788453865618582,-0.23549895500004286,0.5578644356390696,-0.9493878509533012,-0.42561543623257403,-0.6731641638172495,-1.001545781395373,-0.034702430039800315
B0038,5,0.5173531028991772,42,Degraded,4.113630735128424,-0.6582504994346832,-0.023651982807953144,-0.8826229669095923,-0.17385994309065872,0.18243757299499685,-0.22736342274903,-0.38957345779290703,0.2829329025789524,-0.3854009391819586,0.6344892244388296,-1.014465227278363,-1.131267525386197,-1.821048592024219,-0.26559314287404384,-0.03128281850495865
B0038,6,0.5134989297176507,41,Degraded,4.118953783001827,-0.226856127303836,0.024410853984735623,-0.5722920310771304,-0.06217501769080954,1.1258817440789053,-0.5736126670660333,-0.9306750459580587,-0.18651551203716144,-0.3102127324211713,0.3912554599252002,-0.7449070540695092,-0.21972558586703858,-0.9159860358573605,0.009557266396782895,0.024599698998248078
B0038,7,0.539250985549471,40,Degraded,4.224902685446422,-1.9198473094357635,0.6208841391954006,-0.5855987503293802,0.2922264738419666,0.4466294845443413,-0.6502211031101591,-0.6402858323887491,1.1373400662365802,-0.859965357039826,0.2861508325473177,-1.2293519188863884,-0.9795112594696522,-2.443512581805702,0.8412559255531951,0.014486082797175172
B0038,8,0.5319448739401422,39,Degraded,4.172004004316647,-0.4322985268980443,0.147741713337837,-0.6685810272245301,-0.3045410286377942,0.6685386754067557,-0.4051363517418658,-0.9041908178330024,0.0932674087626162,-0.31798548841430463,0.8959181204386822,-0.3669603809772891,-0.5301151592865317,-1.3818413686436901,0.33823018927885484,0.0361224669750111
B0038,9,0.5183275611662213,38,Degraded,4.153001344580547,-0.6645664999087156,0.06369371421530927,-0.813654853668435,-0.07865252634683595,0.2529940707552296,-0.2753298927071781,-0.4272607976293401,0.3581240685619699,-0.41635828930143665,0.5654165825548856,-0.8680636335629107,-0.9116248087667577,-1.84522289605306,0.009587041533256693,-0.013443666869834659
B0038,10,0.515470663741047,37,Degraded,4.177478950762648,-0.6809022013007554,-0.06092493668252928,-0.6790593095577271,-0.04917086576309415,0.8930496082515977,-0.5849769716494624,-0.9208559722918909,0.20982675741310539,-0.3101584589758772,0.580452076227756,-1.0172781943246885,-0.6436080598844293,-1.01153467565724,-0.974613003069744,-0.054879339065010115
B0038,11,0.5070042270517328,36,Degraded,4.113199982185499,-0.5025873487997254,-0.05808736281626876,-0.6109073714670598,-0.011829386660331747,1.0864335284139226,-0.6290803847339103,-1.0437094954431378,-0.018692895844143912,-0.24783775909966993,0.5440417645215357,-0.9284763864129807,-0.5083384810568549,-0.7187943316855131,-0.7995800218259974,-0.028341683551557934
B0038,12,0.5042580479972595,35,Degraded,4.260307154668421,-0.7173571045683215,-0.03918864779629042,-0.7317420880011686,-0.1404532572669345,0.7540347424571976,-0.5312981251499189,-0.8224227288532209,0.3268598128496926,-0.3065733144200446,0.572611872412441,-0.9920999371246761,-0.7314617931462817,-1.1687258938167018,-0.675580395218901,-0.04141963979847347
B0038,13,0.8709622544047952,34,Healthy,-3.40862881382375,-0.08078267742693165,4.0738911635757225,0.1535087060909147,-5.4554730223998815,-1.7125526111309428,0.9838305318346837,-3.0695189879646407,-0.8194333213028838,2.2712441899302696,7.430342108725362,5.770340022167361,-2.7764697247671823,0.043186436434250776,-0.1479116978476931,0.14149385480197077
B0038,14,0.8898709298542165,33,Healthy,-3.6601252391718537,0.1692616997175446,3.243640330850045,0.6148459352750514,-2.1022727746592067,-0.16025940652080373,0.18289826877904916,0.3961244278672685,-0.9575000831012207,0.015220656657975647,-0.35665640857004965,-0.2689015196666523,-1.962019902933156,-0.00799972576615851,-0.006230762164177241,0.053008243152735786
B0038,15,0.8907833153226383,32,Healthy,-3.7132736889877647,0.14798423678718292,3.164562748664182,0.6602619013527052,-1.9188452836788779,0.12359270414254007,0.04555190077678829,0.32178623661526484,-1.0794564870924368,0.03586326504962117,-0.6555485856676903,-0.6509300164002032,-1.8687743518885795,0.4287851362791151,-0.5371215926632833,0.029869421711412176
B0038,16,0.8917429788578008,31,Healthy,-3.7024098692110283,0.06849905003438408,3.1362334481777765,0.6059455679161971,-1.9537467965252386,0.04357334143298321,0.06940272223936735,0.3266214991075143,-1.0418402231049482,0.06641735740491857,-0.6215048386767033,-0.7396803870964178,-1.9906382023272524,0.4642235400263913,-0.6623006095903197,0.023007792775941602
B0038,17,0.8932205825207838,30,Healthy,-3.6347840743797946,0.1278189413220709,3.2765338599413685,0.5920861084521812,-1.9148752302604402,-0.2151231202562961,0.19218325204872097,0.5765956776838012,-0.8840978066354337,-0.0503335867977429,-0.7234404745109332,-0.500277151740244,-1.8431118813149787,-0.08104027233725526,0.2118166163279629,0.06269307428762391
B0038,18,0.8929998804033974,29,Healthy,-3.682373643625464,0.06347309924308762,3.1860699496702014,0.5949521332000047,-1.8991386585811159,-0.07278894008478155,0.1138587814560049,0.4029039300999327,-0.9567211690960697,0.07628819584395503,-0.6204702066344565,-0.652346317742252,-1.942110603694494,0.2879982439752808,-0.46118964770016363,0.02938386977707588
B0038,19,0.8884761886500804,28,Healthy,-4.3143242968282705,-2.257414210452307,2.3910724880941805,0.7576653358573371,-2.055445589145739,-1.045526186216167,0.7204898234287037,1.2907409753450547,-1.651924858504892,-0.44733230465301627,-0.6709106078293613,-0.876391598717535,-1.3639619518264532,0.9351309237584782,-0.47934797176495403,0.21677157897954627
B0038,20,0.8907144586609494,27,Healthy,-3.5081807746107567,0.04828013419561924,3.1809281651183547,1.003608678170587,-2.024405259296564,-0.4865994812929037,0.2689119976542252,0.4316594451728783,-0.8643670665396238,0.012448979943530312,-0.48833710928752116,-0.45879970185042523,-2.1810892678995177,0.18319535442998425,0.049091134496677576,0.04582468041766735
B0038,21,0.8929726386348598,26,Healthy,-3.5600703817743873,0.10240639614982613,3.2543606614327176,0.5260791242023514,-1.9789541857742958,-0.36634847651452596,0.249796261520733,0.658621477275057,-0.7683560994954053,-0.05397298652430689,-0.7080097294050844,-0.4697210894945976,-1.9269680626499905,-0.14804826223388987,0.4391770670010782,0.07521762825790282
B0038,22,0.8926042148457755,25,Healthy,-3.712027316806048,0.15799709563093675,3.1499152805387785,0.6855431946415201,-1.750488359984246,0.20892017646173044,-0.00998664377160772,0.2001176035461083,-1.0678042728546353,0.09515572818384332,-0.6693928689325802,-0.5928101797923441,-1.6990575984362175,0.6907942032850557,-0.6650933156135114,0.028888560889481652
B0038,23,0.891798304792272,24,Healthy,-3.5829545451243003,0.01940243468187042,3.21615475117214,0.5036026485247914,-1.8897234269973495,-0.43396436568774077,0.2535605401865614,0.6671443887491338,-0.6986426344881383,-0.028452012376678156,-0.6718485254972066,-0.5400663369315557,-2.0228149251719434,-0.1472170401033038,0.12379870113926672,0.05062948753587789
B0038,24,0.8898391576372356,23,Healthy,-3.545983659717519,-0.009180251607939881,3.1540436443531705,0.4617037564965404,-1.981535003536659,-0.3832207281902035,0.2317428639203978,0.5999321772567136,-0.7338356516231571,-0.020591933830736143,-0.6792458851662887,-0.647242836285086,-2.104940322967032,0.08630527968549834,0.04153712935182887,0.05502240784511469
B0038,25,0.8920551296394322,22,Healthy,-3.7099777679116506,0.05626422395458714,3.153730641561244,0.6325795107269726,-1.6698218806585559,0.055364639285064327,0.03361004797897203,0.2159076156412973,-0.9724042590947763,0.04195876073636533,-0.6524191384290179,-0.5871935924320327,-1.765812453684535,0.628024704433362,-0.6803352075695049,0.024680197723745693
B0038,26,0.8916516165796096,21,Healthy,-3.5373517002009383,-0.06964050589036937,3.2022437963564783,0.42346387755909626,-1.9273622112184914,-0.6244477295639053,0.32084744967791734,0.7395254529019328,-0.5803702749029334,-0.022425375511665072,-0.6345499962544832,-0.5597246797415287,-2.157909311031695,-0.24023874857988367,0.20398890372890868,0.052151366613132175
B0038,27,0.8898093070678478,20,Healthy,-3.555430550668466,0.03879590994379376,3.095034173506648,1.0711151358517972,-1.7085642775367649,-0.21200343366504026,0.11727853598968438,0.2716369208760025,-0.9214745458669713,0.08446157203857041,-0.6933249393548134,-0.6594534958354602,-1.9751847710611206,0.6826767413529068,-0.5287802618640512,0.018770202517709746
B0038,28,0.8908296167176293,19,Healthy,-3.5298331246060566,-0.11009873019723825,3.208697247216955,0.40228841813603605,-1.8345388249467611,-0.7594446105223335,0.36108008039508516,0.819658486661599,-0.46974769998315585,-0.06816679948548714,-0.637685785050238,-0.5201346676806512,-2.1886950170929307,-0.416597479660182,0.25194479194633423,0.04616316751505534
B0038,29,0.8887955652062018,18,Healthy,-3.494204267795681,0.14241521698955484,3.196947701109049,0.5276188386185781,-1.8878950743098333,-0.2757808601155733,0.19682272073825818,0.5514504594594992,-0.7397437101442883,-0.057297605277572175,-0.7693161652363322,-0.40590558510935343,-1.7820334430713567,0.15203623282833645,0.5120411317605678,0.0887636231717837
B0038,30,0.8888509409858395,17,Healthy,-3.49394961932756,-0.1884644539924875,3.170628091554035,0.33346246884888975,-1.8749207012581917,-0.875718374612581,0.3982926281470639,0.8497432545129923,-0.39958735554621744,-0.1336619857138521,-0.6262342017640828,-0.5727698525291128,-2.335570845895939,-0.406065646799355,0.2527503862319223,0.04622260442045109
B0038,31,0.8894773809135309,16,Healthy,-3.4657920318158366,0.031185050981843196,3.148993578452417,0.4431651540031769,-1.9563120774024745,-0.4615086050916492,0.2566241170947128,0.6230020489098863,-0.6212991888503063,-0.028778773394181036,-0.6823900748457232,-0.49103429888826594,-2.023654177736262,0.08491701860103906,0.3528273308201999,0.0740730457438978
B0038,32,0.8903876865567522,15,Healthy,-3.5323992927535923,-0.17018127824386206,3.1187873105723742,0.38152266785400013,-1.8375179544508915,-0.6474338334529817,0.2961461982199819,0.6657193911334771,-0.5114887761846009,0.04526275907320431,-0.6038372187920354,-0.6721228290549655,-2.2528061572480134,-0.005290791018521516,-0.21464119900023795,0.029114562434810125
B0038,33,0.8892076595133305,14,Healthy,-3.4604713899446233,-0.15003845174551278,3.136322753127642,0.3418760027528612,-1.9155020516690462,-0.7613904456927304,0.353013172447943,0.776967387633283,-0.43899665996373954,-0.018003487062117,-0.6525206310843213,-0.6125535402825544,-2.26341619988497,-0.16436548211198457,0.2119710480135146,0.05289608243009385
B0038,34,0.8894886949554232,13,Healthy,-3.615051524463839,0.041825253931867194,3.0917640470223455,0.5830346443683291,-1.674893271428043,0.03923997649646238,0.024795748123062986,0.17964683075740712,-0.8901564673320074,0.14011116702516213,-0.6969296861325982,-0.607799265781659,-1.7330031367623318,0.8763962115543078,-0.5957094638822972,0.038159183355846546
B0038,35,0.8896239673618022,12,Healthy,-3.4868815153845274,-0.1540165470899758,3.1400225073558516,0.365799614459995,-1.851601849439363,-0.6343052684639847,0.29704166460154274,0.6151724951499776,-0.5259054683151345,-0.021244606169184017,-0.6721743822153106,-0.6041559311458856,-2.1488343573145237,0.11006114273866308,0.10435959791064742,0.05792774286979157
B0038,36,0.888960228684254,11,Healthy,-3.5098729852958264,0.02527385959625236,3.113661885756792,0.49376454448736706,-1.811153873802113,-0.2262663108125846,0.141837785107447,0.3733002943666788,-0.7287478209238092,0.07958705368294564,-0.7043328645338682,-0.5358295948301686,-1.8468277830366464,0.5730668517554256,-0.05185982461222475,0.06464895747447956
B0038,37,0.889613520112072,10,Healthy,-3.41008520626876,-0.024805306567317505,3.1225798194177727,0.9540900633775354,-1.722406750496086,-0.5568246064850508,0.24580559819574774,0.4463791392500457,-0.6580989707244688,0.07767909259162384,-0.7483495811734716,-0.5449307738652449,-1.9909753281403102,0.4578347995483284,0.09838155431031101,0.052243487862208705
B0038,38,0.8880317160039676,9,Healthy,-3.4066797576414167,-0.07030348923449217,3.157188479838445,0.3643450598937229,-1.8930406151530776,-0.6878034537225701,0.32856574008896067,0.7119204720716545,-0.4485284233666168,-0.011411642514295769,-0.7219535738802879,-0.48505674800624393,-2.0565096637241345,-0.015533282411812437,0.5373901095726507,0.08160090944566203
B0038,39,0.8875519689819785,8,Healthy,-3.360440743985541,0.10767608051237042,3.1950761745681135,1.003195915752521,-1.6585310532524133,-0.5863890249051327,0.2715078507688835,0.5420029104446636,-0.5978527888961253,-0.015578726184734278,-0.8326230371730259,-0.29318652950673435,-1.7639416855583165,0.21855246502386763,0.6924534217499816,0.08230457835288986
B0038,40,0.866532050069371,7,Healthy,-1.2721776573959085,-4.3079745697743945,0.6415067401495724,-0.05768330637446869,1.7498837464865533,0.7721600990867258,-0.45649282800796676,2.7034251498586737,-0.8235204829838989,-1.9376351495948216,-5.279677744362856,-4.633663606857335,-0.014335441589502267,1.1215968470830087,0.06801481166266897,0.06196908252724838
B0038,41,0.8697446403107612,6,Healthy,-1.1662624470660077,-3.948612746398937,1.2837812018068737,-0.1980354745652477,-0.7655052890884909,-0.20096487267518187,0.16543631936305908,0.5502417901474557,-1.0189894028305129,-0.06708370047888224,-0.061141135897656254,-0.21356097514875544,-0.5569113051995405,0.9040930470856879,1.4856678360120548,0.2156963498216312
B0038,42,0.8689032180196462,5,Healthy,-1.3349817829070663,-3.7154155827879496,1.1771282454974714,0.08418716432902305,-0.5550236186286371,0.8173870107551253,-0.25133257507672313,-0.1590059051962999,-1.5764779698690785,0.18535437552419093,-0.12457235812097794,-0.30436762554751035,0.012590398759032723,2.253094204468947,0.38407891798578275,0.19198888359044577
B0038,43,0.8650140728999165,4,Healthy,-1.2841073832204972,-4.281221219173492,1.1215327997116726,-0.29397448237135015,-0.6071877006157905,-0.40097512817377085,0.17986721847970705,0.5462830473867771,-0.8790087577083957,0.048432253659904424,0.12988328353411638,-0.5901487976250429,-1.0257592701924623,1.0007572267674338,0.17845338049371337,0.12801177581048556
B0038,44,0.8645202283271493,3,Healthy,-1.2047839083477716,-4.12145235929099,1.1958346419374457,-0.254230168517259,-0.7041863433498635,-0.31077704635839903,0.17399984895185044,0.5572787094512371,-0.9235586243599991,0.03895223280871898,0.020339224703731354,-0.40960293655406416,-0.7875885296594974,0.9818339194301696,0.8568711018747366,0.17454841190422912
B0038,45,0.8643036453534408,2,Healthy,-1.180150918504315,-4.332051537061334,1.2188635114109914,0.1523727561926126,-0.41012049136144957,-1.0497879198789697,0.4210641939175676,0.8410740955838855,-0.6411812198280528,-0.030596681186000483,0.09220689194678444,-0.42168456694336404,-1.0691469882239049,0.36830045890387053,0.782643926220509,0.13653205160988963
B0038,46,0.76286942324817,1,Healthy,3.3883857965726083,-7.1985323300230615,0.18565203926258753,0.15265316311120306,0.5731964440451376,2.264260130544998,-1.148139465901829,0.9988813503773265,-0.6382757658701542,-1.3019027199027227,-2.1596192771266627,-1.8148722844364802,0.687690648611305,0.5927831519317378,0.054658455992519624,-0.15872068639232018
B0038,47,0.7650737767217108,0,Healthy,3.5325245790194453,-7.273538664776623,0.44713914048395725,0.48691140737605665,-0.6886558667414538,1.4522558074492737,-0.7675789589997155,-0.049111575678142276,-0.610925334400754,-0.09634700605526855,0.5057302140857314,0.07930582077067891,0.08331631948689308,0.5143078569187608,0.13620500446779918,-0.13935425119500716
B0039,1,0.0595191592967088,46,Degraded,3.5221723580863653,1.3343311792861132,-1.3535098910146803,-1.4345758570496723,0.8220179410260628,1.0740655829288157,-0.269075725108572,-1.2018932092946888,-1.2598556691899414,-2.520747877246388,0.34537650592871705,0.5523858005215483,-0.5800647661981745,-0.09252178875750365,0.429452888291227,0.03691686844199613
B0039,2,0.2364930750463756,45,Degraded,3.127791469773158,1.4720416534424159,-0.5184045043393173,-1.6110865430974635,0.36860792622360405,0.0868480954687492,0.32606735874966997,-0.6808947187700278,-1.5324670974706454,0.6171408186307219,1.1828422551974611,0.1299157962028382,-0.2341526799132942,-0.7130027912792479,-0.514588084563801,-0.0329301506703104
B0039,3,0.0814039691460103,44,Degraded,3.4037478252074007,1.7166374080512603,-0.4341962249847117,-1.5602501297487736,0.516944137491473,0.18563072810342673,0.3101104235462643,-0.10818307189483813,-1.3572599202265292,0.1883996166769489,0.08659097236319743,-0.09758105224860905,0.4143216637715265,-1.2194163458651543,1.065911576489824,0.04790348090274064
B0039,4,0.2393816426694383,43,Degraded,3.3292410226799007,1.4308085618143556,-0.5976219772981012,-1.6360811006401075,0.5615142767529515,0.14605554344970134,0.26587369499638297,-0.21561563683856358,-1.295048662502177,0.31721277471093823,0.28748185578239677,-0.465598136017096,-0.04971787612324587,-0.9380500403240231,-0.1787522189225139,-0.0310060036689362
B0039,5,0.2355691682303576,42,Degraded,3.421967248584962,1.3679224208900802,-0.5140881162648496,-1.7628364359669224,0.47313837414978593,-0.35178635603377184,0.4797086174140967,0.16317148962692002,-1.0332436058200414,0.22518819238106894,0.2639480227096432,-0.3694395682750039,-0.24555714569718193,-1.6125161617946262,0.5950277205098651,-0.0034859912189430793
B0039,6,0.2334086280560336,41,Degraded,3.2490291688162447,1.4354718786577816,-0.6310416457942439,-1.5908093225759001,0.7079709509070311,0.2437927923823694,0.21825515836315446,-0.30537143865896665,-1.3832754872759765,0.3764486014024464,0.29324632814758467,-0.4891527472526049,-0.05518274524304454,-0.7466288552185492,-0.38895805255859917,-0.03807216946155853
B0039,7,0.2349966338312773,40,Degraded,3.6781256328562484,1.1900072720428756,-0.7680631197391906,-1.013072965349079,0.8976805405368917,0.4383891248498976,0.013659676084693114,-0.36493372178279626,-1.12155650410762,0.18319052004383105,-0.1610801727429081,-0.7617598010906405,-0.04367052682296298,-0.7353690162522828,-0.07712002778457992,-0.03351229643160133
B0039,8,0.2313526342158592,39,Degraded,3.363965997635548,1.5245954866281446,-0.5874620888810503,-1.072038082528965,0.5736310589119347,0.13373621910747424,0.2565238851995832,-0.6302113025507151,-1.4689330228785922,0.5357403201547468,0.6814848146367966,-0.07973825944981124,-0.015624610260748977,-0.4444071259331209,-0.34714654849260246,-0.03629761473819162
B0039,9,0.2302472391328048,38,Degraded,3.434840262687245,1.3262582646219496,-0.6424810343142636,-1.2037430492930619,0.6718310686500055,-0.22727555617756937,0.3713971547974113,-0.15777956989179973,-1.185579375823974,0.37127591392055875,0.2880987194480089,-0.5239024427988284,-0.325682488750217,-0.9283838224150489,-0.2234991080288733,-0.05346051011066168
B0039,10,0.2206113624417847,37,Degraded,3.6138356709940203,1.56328136313244,-0.5858629081454397,-1.1448222731975275,0.5353116216724295,-0.13834457595899977,0.37495204578614116,-0.09178966740523876,-1.1622838454398996,0.28255771312885036,0.07637654997784342,-0.237880135877592,0.07829983226729369,-1.1409392991770688,0.9317746314325283,0.02100747661131595
B0039,11,0.2217721097198292,36,Degraded,3.5575372569760235,1.3948429964078508,-0.5276915384435062,-1.2516657110189036,0.5788592145983168,-0.5412137155742348,0.5278512854155039,0.13220872773982295,-1.0141405716129142,0.2709356323306437,0.19332086629571615,-0.27945793708226513,-0.2790143877726161,-1.489889143753488,0.918481293915329,0.006670149890165676
B0039,12,0.2063327770582117,35,Degraded,3.3939064831085,1.7060870257829737,-0.589946224230101,-1.4983305520607941,0.6961209381030727,0.438002298415769,0.16753440505361508,-0.35842229671801523,-1.4064229472395715,0.34981166784399936,0.1024773176143647,-0.15955992366177568,0.42201733399620045,-0.6635251292727724,0.4777404023984735,0.02351202148179129
B0039,13,0.8730895503194813,34,Healthy,-4.43347173466968,-1.8206259260187045,3.468553687006114,0.2954263013109208,-4.922838872226999,-2.1034173704287378,1.415272686267021,-2.2767309432746963,-1.7779913408518642,2.4419863025866735,7.646299909690303,6.013139355849385,-1.11266239371089,0.4537748134230227,-0.9987141984939354,0.2932355943717054
B0039,14,0.8847625367252682,33,Healthy,-3.821908490804414,0.24945492519939097,3.48035733501126,0.762574581677937,-1.564370583157859,-0.30633404572597406,0.24155775140414118,0.5101819254835169,-0.9237198633210066,0.3540181038096049,-0.3798242722610111,-0.05075753329235513,-1.5093792482276502,-0.6134879385198772,-0.013241377380397452,0.024289850442112283
B0039,15,0.8857695709750972,32,Healthy,-3.765557285107952,0.32669527899510087,3.4549316304734865,1.345653154308684,-1.308139397585167,-0.1812233059152465,0.16213669737625933,0.45835485397605985,-1.0757854931190656,0.38718905846090534,-0.7763034468154583,-0.30718898118899407,-1.3212948499773864,-0.23382528777196143,-0.09809252506103958,0.012808802512629211
B0039,16,0.8853127419791395,31,Healthy,-3.9270559455426626,0.2354493889022362,3.3488322534634243,0.8594018144322102,-1.2715475195898236,0.13724499811961374,0.02345741915626046,0.3136849982853486,-1.1024943891536387,0.412969641687466,-0.6416304053362732,-0.45227056753354383,-1.369510456482011,0.04958946426439841,-0.9634675333892454,-0.021994968269315723
B0039,17,0.8852020319723648,30,Healthy,-3.775067419986041,0.12312865161596143,3.455810034550995,0.6756086059172278,-1.4279311191253048,-0.5142380746591215,0.3009750138675823,0.7936234912914925,-0.7448051404108206,0.29532047189676885,-0.6912156263791842,-0.36767789889483987,-1.6120932133891954,-0.8242850354940536,0.06552853971903899,0.01677998141271052
B0039,18,0.884754089440088,29,Healthy,-3.8863981478025176,0.1687191103750027,3.3246914341627765,0.795481211443621,-1.3048009998198742,-0.010798433915502885,0.07375950760012301,0.3853726685040506,-1.0001441163258238,0.43042591272519254,-0.5988823088885966,-0.4831204078876619,-1.502611316544217,-0.03592119932366567,-0.9607119698302123,-0.026342750871084696
B0039,19,0.8819178137134708,28,Healthy,-3.8748641983695653,-0.16783420841201735,3.4922387711104244,0.591600090903314,-1.1837454458556012,-0.5465755671915083,0.28855915461332104,0.5572705178863921,-0.841277495151784,-0.0229629475808006,-0.9180012179449024,-0.5095254221200373,-1.522983838195789,-0.4998881422238784,0.10380681626661885,0.042600280962285214
B0039,20,0.8857862934893062,27,Healthy,-3.821429114049512,0.11359789900211947,3.377474675499868,0.7021646212529088,-1.441830516246751,-0.31239829862329294,0.20626619367839044,0.4521274905008604,-0.86936336299042,0.37754284072925126,-0.4423754708371287,-0.27118187148934114,-1.6153359701072236,-0.30717394913637447,-0.4563122527568203,0.0023926018610291207
B0039,21,0.8850598227244842,26,Healthy,-3.8052559141504823,0.14605667870078273,3.369534546290639,0.7252511933373139,-1.3514997470292807,-0.25585130121647826,0.17880419833669653,0.5561021575834665,-0.8512027028292544,0.3981525309752402,-0.6476696905572474,-0.40772535011906824,-1.523445899910946,-0.32291681490441476,-0.4279381656528276,0.00022389301255779567
B0039,22,0.883378487643026,25,Healthy,-3.711843526968063,0.1474528627619333,3.335674455275349,1.2191527299337679,-1.2744134040421153,-0.4375744693907255,0.2225963615376081,0.5400448151725739,-0.8508996988569898,0.41086415179714747,-0.6806506574323756,-0.43008942099168257,-1.636271507723137,-0.2336745476624582,-0.43717853969497694,-0.016137236755359354
B0039,23,0.8824371814546321,24,Healthy,-3.7835047484840723,0.13996293517947997,3.336014465711514,0.713939053062352,-1.3121561132078547,-0.29753843889087567,0.18439876305972602,0.5998767130588593,-0.7833398548476541,0.3753731493015391,-0.6514795463122194,-0.4067718208667391,-1.562994003682361,-0.3561151348860366,-0.46386693539859597,-0.0068606296323079526
B0039,24,0.8819193429716125,23,Healthy,-3.7920635712806225,0.22731922640427488,3.3750147163988236,0.7778256151548468,-1.23317517891261,-0.13522395370209286,0.12542582203546226,0.4935691127719267,-0.8710592458843618,0.38601321634005126,-0.7235350069135102,-0.325045370415769,-1.3257766230476398,-0.20371014987246067,-0.3371817885935643,0.008523444749073801
B0039,25,0.8828612876028394,22,Healthy,-3.767858955720115,0.29348557946343645,3.3907681697152254,0.7991106677599314,-1.2162957559990488,-0.10869373503342164,0.12109074091229245,0.4822300790054477,-0.8727141163694458,0.2835949550304836,-0.7510310947858285,-0.1927527405088055,-1.2273689744089644,-0.21572889347948748,-0.07398853807457195,0.025900078704389762
B0039,26,0.8822816404691523,21,Healthy,-3.663078434111195,0.23437040397237208,3.359067100334917,1.2474930696325695,-1.2148936591912611,-0.4053099939214753,0.21100233899405618,0.5257452636991863,-0.8210180354691988,0.41224307817073347,-0.7272883905526577,-0.2846641474233619,-1.454713223385536,-0.21623961321449423,-0.14010454811311376,0.003178760046178639
B0039,27,0.8804495974239562,20,Healthy,-3.708760444109667,0.15217038498350713,3.345252537116146,0.6782974423025642,-1.3071385394849138,-0.38805889224784246,0.21959982448790166,0.6526142625926022,-0.6978541533305342,0.35998643970223687,-0.7079193620983737,-0.3474871366111419,-1.5146359519873498,-0.41057049413550245,-0.12525771857707393,0.013389600132635565
B0039,28,0.8799181047908858,19,Healthy,-3.613817512522382,0.3303609046826739,3.4574049530062885,0.7110410601946572,-1.3686543595149618,-0.4103959087223812,0.26535003561224146,0.7565610882352368,-0.6811129783558729,0.2894261531816922,-0.8381695616192182,-0.08166150957685402,-1.2234853908313414,-0.6434757960730032,0.8297882747458611,0.072793930345849
B0039,29,0.8795477700071582,18,Healthy,-3.673817282207557,0.12119959804063359,3.380817129030328,0.6411457770952507,-1.2476909429570449,-0.6396053528095341,0.3120039053453402,0.8385121008946398,-0.5109927401534258,0.31063458170377173,-0.6865096576226769,-0.23769504236928185,-1.5733883338410906,-0.8006502350880129,0.12779137067070884,0.012230214207682485
B0039,30,0.8780247721988262,17,Healthy,-3.6979740648001433,0.5292713771573888,3.4235826787645447,0.9056603351794646,-1.1557832353301616,0.18077320513619644,0.02287648449962414,0.34656705873010835,-0.9774448598586146,0.2813543400646551,-0.9061375480744462,0.03249625693098398,-0.7795421593836374,0.06716317626097242,0.4412627553424582,0.07145888288863302
B0039,31,0.8785838599974644,16,Healthy,-3.737413169249462,0.48840351797361753,3.3596571664010773,0.9181868566341127,-1.1089799144562171,0.22214436109717436,-0.014745098885345198,0.2972634084206694,-0.9624474699163079,0.39631505744425366,-0.7934109675859519,-0.037344641197187424,-0.8786593417941481,0.17773356526906792,-0.09445329655654003,0.03526217770188755
B0039,32,0.8779455634729988,15,Healthy,-3.706130401177058,0.37572837705121986,3.332250838083105,0.8302025548477129,-1.1378967923278198,-0.01682615064010695,0.0682221513087828,0.4518315412220956,-0.8135767778099089,0.4019694600491997,-0.7761112125091185,-0.14460496244755905,-1.1016600592058334,-0.040502435266493525,-0.12334794173036615,0.02326228869956608
B0039,33,0.8766709536114957,14,Healthy,-3.7228505394973754,0.408785058606846,3.26400691309917,0.8699930512482376,-1.1532471164063287,0.27225891547449993,-0.05067049941635435,0.2182437385725829,-0.9800985379275156,0.48167224431497535,-0.7876048518141785,-0.24412025835403825,-1.0134573877011774,0.4691988053411854,-0.4758251913139463,0.019497568205195687
B0039,34,0.8753336922667584,13,Healthy,-3.631004637174917,0.2572505897362761,3.3161168906120624,0.709543187752446,-1.2327934487872518,-0.30856825519625614,0.17820834566678548,0.6174604536517394,-0.6414389798573772,0.3813337680269416,-0.7601447382004329,-0.21703247796322583,-1.3368195487933707,-0.26894600790000256,0.06473226122656199,0.02704768206549284
B0039,35,0.8755003332081202,12,Healthy,-3.6198035655794927,0.006138392131993268,3.29439389254443,0.5549995072684145,-1.2060486855293826,-0.8351806817164127,0.3560982095644625,0.9036366989215284,-0.3214759855365797,0.2613615185235978,-0.6355953045597282,-0.2896792206585806,-1.7960840984151465,-0.8224293054778955,-0.061145955179639895,-0.007343323255983139
B0039,36,0.8748029426923936,11,Healthy,-3.577387675442694,0.029449249338284977,3.310597444528975,0.5415414244413093,-1.2513264689150854,-0.9026527935579624,0.3892489080046199,0.9807334602820966,-0.2668407893628106,0.3406223976213812,-0.6285370062900728,-0.25962200297129656,-1.7850401713804827,-0.9417892687181356,0.109291546573888,-0.0006754837052315005
B0039,37,0.8738679586091678,10,Healthy,-3.578758535596985,0.3754930651731038,3.247740289301217,1.3167079097369045,-1.056349983212763,-0.10954304193341992,0.06539171938486282,0.32434963319643917,-0.8293565607038471,0.48306616860046253,-0.8065283640896387,-0.20278264478533709,-1.1816292195462241,0.3245579597206196,-0.26973487742310925,0.006611623577444268
B0039,38,0.8722112734049546,9,Healthy,-3.43577912329178,0.3035639799830776,3.294054509340351,1.1646398199889325,-1.2625116376738363,-0.5765591189529964,0.2682474345390071,0.6780546341512969,-0.5670667640839501,0.40772116110861717,-0.8225777715133397,-0.1640641611880014,-1.4216880266286507,-0.25583860216788146,0.4929521310945062,0.03775697979259157
B0039,39,0.871654183041968,8,Healthy,-3.6542879128082157,0.21548899297141288,3.229353955013229,0.7292178051063268,-1.046770467033924,-0.28324354331129903,0.12704221070365013,0.5614624038037794,-0.5549708777243711,0.43578907296761443,-0.6735374265604546,-0.2361732011748857,-1.3950475298375962,-0.14073422772509928,-0.5125852944474822,-0.016551217754707866
B0039,40,0.8278345866944236,7,Healthy,-0.6858178860589126,-0.9300944602766285,1.805792577714469,0.33777633868961277,2.989804583846998,1.4808288598443462,-1.0767704695454643,1.668251370664,0.05441087329039466,-1.4893922617147728,-5.455903394461023,-4.5760324742258875,-0.40500531418476293,0.3473142477667039,-0.5164058330790444,-0.07872025844923557
B0039,41,0.821488347287965,6,Healthy,-0.5206506613232269,-0.7585386400920036,2.443517302217256,0.5710422077539411,0.7217093540857357,-0.3056370803994654,-0.1771919584119729,-0.09085251871162953,0.19461270688661172,0.3806945107474237,-0.08973242436959313,-0.23388904603888197,-1.3694787880211388,-0.5861051064328131,0.6368708437034836,0.015749678562181336
B0039,42,0.8171911364680633,5,Healthy,-0.5264926478291447,-0.3989289378893106,2.457270827741351,0.7906190447148862,0.7888227066449948,0.376072515381612,-0.4183686045728064,-0.4446709623355313,-0.17317136397301355,0.47506476229730177,-0.2646806642088726,-0.08496013003048282,-0.7368594924644685,0.11576444647430556,0.7486343321175227,0.05175168605235178
B0039,43,0.81325335310828,4,Healthy,-0.5584979692447396,-0.7830576893314602,2.299634597327966,0.5960677585703794,0.7827544120537754,-0.04499052977582245,-0.3102430316856197,-0.2996445079155371,0.08582106429219404,0.5521782601195094,-0.037566674111654826,-0.49227277581171136,-1.4411436446643118,-0.03859845219519014,-0.28912141250078793,-0.03182995583799002
B0039,44,0.8094329958679805,3,Healthy,-0.5462657430759685,-0.5689732451069367,2.4363295670656804,0.14809027878492076,0.7008260599725211,0.08714382446265927,-0.3032369267981141,-0.11715475742959934,0.1556249914304875,0.42333627150328185,-0.13152489931089087,-0.16020244491076238,-1.0460948883199344,-0.44756777889840904,0.6480455826921615,0.035221038653080135
B0039,45,0.8057484169604632,2,Healthy,-0.5398486008653448,-0.6685544273628942,2.392194203754966,0.08862968362054413,0.7047969080818586,-0.05590276362137924,-0.26329891949902795,-0.048243391901735835,0.2530940425725423,0.4249318552850991,-0.08923550920064453,-0.26264857751422244,-1.2422419940019178,-0.5266440241532541,0.43964368163955625,0.015372926952496617
B0039,46,0.6620402886730613,1,Degraded,3.999408734290834,-1.629894037667788,1.8784473209313426,-0.24210293534334507,2.022130681772034,1.0712779235400365,-0.8819411736589898,0.6140505365807972,0.6571749504234843,-1.3276466640299127,-2.4440679760130357,-2.0995409917861467,-0.17671018526602206,-1.2733531026134701,0.5123724441900956,0.032327609403323396
B0039,47,0.6576693110848846,0,Degraded,3.9209879964869945,-1.7011508475622648,2.0904235525335197,-0.35852858818647304,0.9314848701959065,0.5130167792067355,-0.5900322579544897,-0.5247258783843759,0.5854643613258755,0.00048245598239983603,0.3496903658577442,-0.3179324796653717,-0.7188389789240148,-1.191692052386413,-0.1521541209247553,0.02374302794166618
B0040,1,0.3367314068547816,46,Degraded,3.5941588789892376,0.15826281913187726,-0.6515825371691283,-1.2355060962667699,1.126936728299138,0.2910335370229688,-0.17412197170656085,-0.6525385734719986,-0.12945423825006683,-3.2649530948167875,0.5471119871095125,0.9164717103210327,-0.9000754723290656,-2.2573855162042014,1.4141042850714405,0.06112736496618842
B0040,2,0.3956531052880172,45,Degraded,3.011557794906314,0.9269298879688602,-0.09826163633899689,-1.144231373493894,0.8717466980729134,0.3902765911764265,0.05228889916924148,-0.801461423497501,-1.175028022496283,-0.1541203899010309,1.2457839609084334,0.6939972550278425,0.12222572259510876,-1.422610407816448,-0.3337327434519427,-0.009602147765964025
B0040,3,0.3932912017300872,44,Degraded,3.0795671976275947,1.2446093705024386,-0.18813081563437958,-0.9163724843245725,1.2213354413042765,1.285881309267136,-0.3143356451615027,-0.8749140711258105,-1.4654909783377887,-0.3686565809411503,0.24954244091622177,0.20250612906455723,0.9460406064939791,-0.6273442641310834,-0.3801750348277088,0.00630906196247275
B0040,4,0.3897935713030791,43,Degraded,3.088969338196585,0.9793969997624968,-0.2209345915520005,-1.0918605461034212,1.182429052109821,0.7624735177879548,-0.13060067861422342,-0.5773462827153192,-1.185853100087557,-0.37934462269281977,0.3763965505922147,0.032302971103881875,0.40564189602751805,-1.0975337816177244,-0.5280008899671202,-0.024252246002093927
B0040,5,0.3814120761562581,42,Degraded,3.2209898049346966,1.0156191844978573,-0.1533931629535891,-0.6641956746005904,1.1949409633995627,0.27885596725006656,0.06841914428474132,-0.3568688839861738,-1.1029418351594984,-0.4273224541553604,0.28743451257738906,0.15274207835931286,0.27534064078433806,-1.438794848726922,0.25513419257115194,0.0003656988599612483
B0040,6,0.3702510757303199,41,Degraded,3.188608400859844,0.9116312653540385,-0.07406723030602158,-1.3276486826416105,1.1157224933142464,-0.1911676966235117,0.2931129343085465,0.14626451849063318,-0.7823994718902406,-0.5529995017560382,0.32208236550938135,0.22719563089770925,0.022703108029786746,-2.324125785923108,0.9370089682724506,0.02936991851363965
B0040,7,0.3891985440550328,40,Degraded,3.6743551940139625,0.3075690711099756,-0.05503535261872565,-0.7141214969919315,1.262061361299196,-0.1535247484679231,0.08336943739142434,0.13956409243355705,-0.21197378896536148,-0.843236517562294,-0.09243053627361489,-0.06900369428539067,-0.0996088338603354,-2.7583940124669426,1.5970318014111458,0.04739649424198743
B0040,8,0.3866582704512802,39,Degraded,3.1408714308724894,0.9930724832839125,-0.22588595251907476,-0.5473489553397213,1.1565674549420106,0.6996806262129133,-0.13327260205667907,-0.9678118919165337,-1.2947374208862137,-0.1538022641442721,0.7997846803822248,0.3587647029733554,0.3332725740509473,-0.6618677683553352,-0.7764813441986478,-0.036472231414816765
B0040,9,0.3794787618204749,38,Degraded,3.1893677442655752,0.9179661050267341,-0.24594075080649264,-0.6273874078367707,1.2966680959867651,0.4583461699879026,-0.04674182983997656,-0.5401960346766103,-1.1154738339393162,-0.32088678146430694,0.3516173460947934,0.01262436442444386,0.21231168844586798,-1.0436076943504011,-0.4651306352682558,-0.036510020066418604
B0040,10,0.3703699731128195,37,Degraded,3.3376222818298253,1.0349121161536832,-0.19766052501693965,-0.6879866562782039,1.1687721989325053,0.22232990144745424,0.08114687150244226,-0.2979442936640772,-0.9738348354327665,-0.42676275244491274,0.22895960585525513,0.19458662112171818,0.30912892792591257,-1.4723382393834326,0.5069110777007807,0.013963226674005423
B0040,11,0.3723109376308574,36,Degraded,3.138704163772592,1.1616104050405291,-0.2180559363052306,-0.46064455112599517,1.4164738467145985,0.8910259809512726,-0.19743971900956991,-0.8035302252268574,-1.3844909699624133,-0.2922055925618438,0.25310911369298733,0.21259260493332238,0.6410940338905635,-0.5889481721373445,-0.2527950531374518,-0.0019974108750462935
B0040,12,0.3574937814910368,35,Degraded,3.3564132691898307,0.8178756677346358,-0.16400714017123433,-0.9112046688479125,1.1306531685662877,-0.5455694396463073,0.3872419545219206,0.1888401613350233,-0.6258895213767719,-0.4756903317232182,0.32940371098228893,0.1597365424756813,-0.2553694448883314,-2.270510417379975,0.8886986793759597,0.006608576312109252
B0040,13,0.8537572224266601,34,Healthy,-3.673219677483694,0.5185501710684595,4.099678424642182,1.1851172083754444,-4.239289173958233,-1.4536709576027236,0.8181303029715901,-3.0532172384444105,-0.921880433539214,2.2103893428061188,7.518575868396294,6.416015569459022,-2.256135965568908,-0.3369352893698811,-0.9449334945015204,0.022467423728264057
B0040,14,0.8654404297140965,33,Healthy,-4.008567909438623,0.7424765489040109,3.2935103055856345,1.2029092227751172,-1.023629043316609,0.6220539624131047,-0.1640216887230367,0.16933179067364226,-1.194454796397198,-0.0929463952487131,-0.3490183350093712,0.4641436578762952,-0.9753142079729348,-0.034091161682035416,-0.8352118488601473,-0.02885996496432273
B0040,15,0.8664106422616664,32,Healthy,-3.899435800986006,0.7656956986247989,3.331896996618636,1.1512294767875122,-1.0212157634480965,0.46805443885279086,-0.08865844346024296,0.5075495935362131,-1.067540024035896,-0.22450023997826565,-0.7600179439719595,0.30818600571793386,-0.900002131010252,-0.37100284911098896,-0.07592968188142632,0.00904685258241892
B0040,16,0.8658867161715756,31,Healthy,-3.7671220836588586,0.6223172947422931,3.3414493165119863,1.5251016240106758,-0.9994598140908612,-0.12311413874330135,0.11542842235636447,0.7345193558526477,-0.8547524110863528,-0.2503997705474586,-0.7407120163508686,0.2723996043699092,-1.2607554080902488,-0.7604798855943963,0.17235387909295702,-0.007592150431711477
B0040,17,0.8670648196175034,30,Healthy,-3.8383640680606055,0.5029336959623095,3.2889524739562357,0.9542328894162475,-1.0991867031455262,-0.049500121773731524,0.09334030984353091,0.7790303824337982,-0.7674840500439117,-0.24272171738045634,-0.6708272004516451,0.14044465076643556,-1.3704364381512377,-0.8018748161174387,-0.1037463303218054,-0.011271492210477237
B0040,18,0.8667378464995037,29,Healthy,-3.8695258477250754,0.523712196175545,3.2800972650177993,0.9941625770067295,-1.022465580434858,0.029973189534090294,0.05355491520288323,0.7098223477671286,-0.7918694434459734,-0.2190928586734405,-0.629382077037445,0.18964605728981737,-1.308527060421491,-0.7110056264549162,-0.29108996803069287,-0.022433273810456605
B0040,19,0.8621528589728938,28,Healthy,-3.9044249603360863,0.27346584162936294,3.2437249345630605,0.8889184719155415,-0.7540966349082632,-0.12446600889257793,0.06963533518450102,0.6630212057807784,-0.7220910876636276,-0.5027758262573767,-0.7923288319103574,-0.05346641644661731,-1.4748433337608553,-0.6452660970078509,-0.5197586022621608,-0.03797400157144052
B0040,20,0.8659487930843602,27,Healthy,-3.7771153572489515,0.7556049129415643,3.353415596620602,1.6153245740874322,-0.9471889355979597,0.1399148807571476,0.015371346790731672,0.41465923476640204,-0.9983118286236111,-0.20459893496813394,-0.6098622095418127,0.5698731858971086,-0.960558109742274,-0.35489476425730104,0.20867351814525348,0.012369970675475888
B0040,21,0.8666845604188728,26,Healthy,-3.767616284666774,0.8823243804293507,3.3319813607581126,1.697014738553292,-0.8878709738724696,0.4510377757766974,-0.1014092516446232,0.34394263720567514,-1.1400699242475265,-0.18057133001498096,-0.8710537599774777,0.4576497663872675,-0.6885506810628644,-0.03159289097678078,0.2710774222494281,0.028578852411325077
B0040,22,0.866087825076639,25,Healthy,-3.615417508947535,0.40412643117881725,3.431918447114694,0.7323879677177723,-1.2323223730028632,-0.9580823786020306,0.47318925390492755,1.4647828300505066,-0.20790184270525933,-0.44152859117243337,-0.7283230339408023,0.4114192968621608,-1.6198907009495047,-2.06350527575971,1.4266242064740562,0.044179888069818304
B0040,23,0.8667416388051433,24,Healthy,-3.6795087091163823,0.45021344120412193,3.253523641124375,1.37784608084246,-1.0429318440289608,-0.4156391276259502,0.20435987911431694,0.834330916708636,-0.6356544354261263,-0.21326024638570465,-0.7038149353119876,0.15746028945179855,-1.5282640767081326,-0.8043674155317403,0.13685257310511198,-0.01390549344546941
B0040,24,0.8661862478732565,23,Healthy,-3.8528432238821324,0.5950163122323235,3.2382107995574967,1.0466073027171954,-0.908045776406179,0.2744116017160386,-0.05514496285282838,0.5035519578518804,-0.8788131801768043,-0.17012430408391296,-0.7240561351022612,0.2160587727300768,-1.057036879439253,-0.26558827632985815,-0.3438835866935166,-0.009941976341365281
B0040,25,0.8669087648601208,22,Healthy,-3.870273662018692,0.3614442253714252,3.1352352578996054,0.9216237652055354,-0.9259846845294616,0.021601759087493413,0.010454009295276501,0.5531252786959591,-0.7327355529614381,-0.18328022788579673,-0.5703313382576288,0.012398116817410914,-1.490075428399918,-0.31288848840057787,-0.9150076781320956,-0.05370516056092349
B0040,26,0.8664815393178934,21,Healthy,-3.7678973726772607,0.6034175354621861,3.288153424964232,0.986711139122665,-0.9880969406409807,0.02545990359539933,0.055620178768463036,0.6883875731852841,-0.7238616785669293,-0.23363525189717776,-0.7355538290528207,0.34911800249678177,-1.0953668473325429,-0.6125903216419797,0.2354755928047494,0.017272000843225187
B0040,27,0.865941954228667,20,Healthy,-3.692491032195767,0.49167938577657355,3.314277514917902,0.8666480957629022,-1.0482906140407298,-0.3569203382831623,0.20725701053925322,0.9554393458262697,-0.5047371792364727,-0.30258723578972974,-0.7578536831395796,0.32802871412307233,-1.3051099662577315,-1.0680624690810003,0.635396268816126,0.026694699994977474
B0040,28,0.8653480029906331,19,Healthy,-3.8414054341612025,0.629541425947076,3.2333085907306875,1.0706879231970876,-0.8201551379509805,0.327698842085334,-0.08555379589436034,0.4308219976513737,-0.8690983491070129,-0.16508579424751202,-0.7335295193063204,0.30401348083561275,-0.935884222583919,-0.1459941669695074,-0.31758307852440393,-0.0051841526001017765
B0040,29,0.8648005800973734,18,Healthy,-3.8488085968256325,0.6751727084431712,3.240829456274431,1.1083237746761108,-0.7650300924154083,0.41423796443681304,-0.12048803667553706,0.37783591370744996,-0.9034939495332438,-0.16060017769475413,-0.7560059894525147,0.35472048914125415,-0.8232447372325384,-0.06270658406706232,-0.3080447056831395,-0.002204620835572829
B0040,30,0.8648093690532328,17,Healthy,-3.8141658608498883,0.6871257406165303,3.2397513548186123,1.0897460677726145,-0.7913972699058984,0.38404303175852933,-0.10415715072282486,0.38813978750727307,-0.8886779418153219,-0.24399776266766038,-0.7915473331352413,0.39383661502231554,-0.8173211728038935,-0.06834422075944883,-0.09958311295851532,0.012713758907277056
B0040,31,0.8653599308581938,16,Healthy,-3.7927788686852515,0.7406074341023103,3.3084253375415664,1.1048093802496959,-0.7876859422153044,0.29943132670240796,-0.06034004506168314,0.48181949219592607,-0.8267226075011687,-0.19562321697512963,-0.7931285408564391,0.5221569324833908,-0.7228296756227206,-0.28799137616407605,0.22056845392023852,0.026242016311392564
B0040,32,0.8646372780879535,15,Healthy,-3.7412920472857953,0.5351736746590448,3.231003912473927,0.9508223464044171,-0.8912032548076082,-0.04819320385744116,0.05825053129872712,0.6869438020163678,-0.6158724051753727,-0.21107440867005955,-0.7305885990638307,0.32311176766559946,-1.1409861371871113,-0.5353760995239376,0.0622684239216301,0.003818095534569824
B0040,33,0.8648981106299798,14,Healthy,-3.659189317972316,0.34399917284221104,3.239415785261998,0.7737551071000013,-1.0058273014549255,-0.579416777279891,0.26188728732110006,1.0181201740976253,-0.3160813791809093,-0.26828345400366793,-0.6847324092392282,0.24606643346532886,-1.5305538763802904,-1.10239918086425,0.36953492220097867,0.0027634375622106765
B0040,34,0.8634471034518747,13,Healthy,-3.664874821104178,0.6606113387373889,3.257033199803616,1.5347749775253057,-0.7397291537824997,0.005767300699804719,0.020896821107381867,0.5032291874035679,-0.7602925895297689,-0.17824055356358043,-0.8453335727593132,0.42518477142552835,-0.9279296446842191,-0.20908268454255668,0.245983308375294,0.012162457244498147
B0040,35,0.8636095844653008,12,Healthy,-3.7514661784251517,0.5780099981288185,3.2295393415273357,0.9959921343985084,-0.7747442159058365,0.08977329287951506,-0.005285346651357466,0.5424016001953835,-0.6737956012557279,-0.2480849950539354,-0.7680449248794773,0.3938572685743823,-0.9754887047055596,-0.30564150380767807,0.021727243901599264,0.008842006449543083
B0040,36,0.8642837490580053,11,Healthy,-3.724099362161574,0.6204739379247108,3.2295958677044556,1.0016669587210276,-0.8433760991116439,0.1412772612217251,-0.017159682824849316,0.5203667459974411,-0.6975528701442004,-0.169903118616708,-0.7773953822138467,0.40730728473372263,-0.9168894988282973,-0.22493265739805046,0.13881012372151005,0.021557242398153667
B0040,37,0.8633181908027735,10,Healthy,-3.562332433939859,0.28651698914128504,3.181480062021752,1.242730481430423,-0.9082846261038472,-0.7670062620801958,0.29587394942329565,0.9303465988106526,-0.3055545844982354,-0.1974959407166725,-0.6895649713591431,0.18280314548309493,-1.6658338049836177,-0.8624660167671455,0.19896236731141312,-0.018966786700304997
B0040,38,0.8631212070917534,9,Healthy,-3.4436169903367344,0.19114865794143412,3.2556258466800365,1.093421252820353,-1.0414882631096627,-1.320731364225122,0.5278416692278987,1.33745151730653,0.010743808086680679,-0.305037782845907,-0.6947085210812356,0.2690720459695299,-1.9084289162171755,-1.6073038989829231,0.9778669423943241,0.006280457642802382
B0040,39,0.862636296380145,8,Healthy,-3.477057233458083,0.6419428167482292,3.3411901994469666,1.3921970622297395,-0.8835621303317688,-0.5133425728058675,0.24622923146035441,0.8961799445537005,-0.4305422658046638,-0.2988855903326711,-0.9262925949730927,0.6170028325730341,-1.0176212395913642,-0.8826344150972343,1.3979571400620223,0.06603772593316028
B0040,40,0.8334013438727526,7,Healthy,-0.6903497864431309,-0.8889465897295035,1.8951799986133655,0.8829846120921391,3.3163640866247346,0.9143910101271776,-0.8724823549582655,1.9323536815104296,0.2664761849353819,-2.1347971247318696,-5.521000994734415,-4.046918519680091,-0.43795118202020955,-0.45225172809414804,0.43108427254987886,-0.061371333535235426
B0040,41,0.8333774268810205,6,Healthy,-0.9690352734189749,-0.6063308071278352,2.344147260594111,0.42296607431932953,1.2267876870324155,0.6700281541705541,-0.5871465304045502,-0.7345981589700932,-0.20053520294669117,-0.08417062775394685,-0.03553677405323021,0.08964944696841065,-0.79738179717616,0.20272118692187568,-0.42099552547466507,-0.010209818192966449
B0040,42,0.8291637224380527,5,Healthy,-0.6154427749434015,-0.72088120519922,2.529011985413299,0.6307633793327412,0.9946703352179792,-0.6322853322014882,-0.050927525330969226,0.1525668113695481,0.41012178574546365,-0.2621996879015455,-0.15726446045922857,0.26675040648944087,-1.2917575018070921,-1.3442862837797336,1.4916275994440213,0.04518975338387183
B0040,43,0.825161317753575,4,Healthy,-0.9407928221651698,-0.5886569391837546,2.3831795841866104,0.41079096871236065,1.3111989735029888,0.500959663786955,-0.5243411272062489,-0.5603078204454066,-0.06399657378574206,-0.0764022189078737,-0.07084861636662124,0.125104845425807,-0.7941845045028366,-0.0858090784851131,-0.2515044581406137,-0.014086152293047372
B0040,44,0.8246703170621148,3,Healthy,-0.7233799503683651,-0.8267336414917581,2.4305500848353065,0.1016637678246189,0.9721893446553693,-0.43409833444648316,-0.14027420384165432,0.09276087881616216,0.45976728852663085,-0.21086040382818527,-0.021813493858116876,0.095217945779032,-1.4141775723884844,-1.1815082594172506,0.7468385229741745,0.013162780131102366
B0040,45,0.8209595275188695,2,Healthy,-0.772081944708434,-0.6749388524933697,2.370468107993342,0.7968472978728417,1.2643677552872685,0.022020102995849854,-0.35848493367512885,-0.40018225692866727,0.09177715497204487,-0.08674560621855806,-0.08271770895431282,0.07466832103982214,-1.1071292857604655,-0.28378852630432416,0.039315266194388965,-0.020115835022852174
B0040,46,0.2129062255888895,1,Degraded,3.488749386733602,1.449130202941407,1.048588017098179,-0.8917769285888918,1.82102908605897,-0.33196236960178493,0.4612931633058397,1.6112382241198977,-1.790639420509532,-1.2556520842989645,-2.746460689539854,-2.0700639041455307,-0.8824445386823401,1.1461221251679492,2.129551175789481,0.1618344057725423
B0040,47,0.2784951321868287,0,Degraded,3.0886850421518233,1.0784919463936986,1.3806063390121097,-0.3297416336267003,1.860390972376993,-0.08739414355588344,0.25070448013873686,-0.06077345255815122,-1.6275976507835166,-0.1068258776258371,0.025260423422117585,0.48025300672420557,-0.26429197398126614,0.5800100738431074,0.07601857983861589,0.03784321918243781
B0041,1,0.027810121884097,66,Degraded,1.6855047775978118,2.8738629531321744,-1.7925035033527137,-1.2571949637537978,2.1377662292420463,-1.8437495759448628,1.4009062625986608,-0.06605501593026718,-3.0479949506774795,0.5290932357672621,0.9454001065366296,-1.078876097276908,-0.9460984988671375,0.6475762012855649,0.22059808898240368,-0.0487414858027857
B0041,2,0.0278487363061384,65,Degraded,1.8611371592324382,2.9833844892150987,-1.8990967125385962,-1.2450153550337069,1.8975057958051968,-1.652716662434444,1.343086039232154,-0.14506268190962193,-3.093961413335501,0.728081302111446,0.8337309965502963,-1.1143687264600801,-0.8924400225880016,0.772362258707903,0.5277096630270534,-0.02149842772422913
B0041,3,0.0279195081459269,64,Degraded,1.8271174330950326,2.870375635763842,-1.6450851757890015,-1.28864351443385,2.0996984596070627,-1.9575697141477584,1.445675278280199,0.11745322920278052,-2.876809102167806,0.542983087710232,0.8620149301388673,-0.9994439201628256,-0.7829568533417145,0.40774192308293494,0.5765332814555895,-0.03588736535097084
B0041,4,0.0280740299870265,63,Degraded,1.8465894645495116,2.8973595020443876,-1.7404739314384086,-1.2869507858371372,2.0343535336433454,-1.8403521088609014,1.3971371927034442,0.004287896386133996,-2.9359288719375565,0.6190584426793149,0.8800375451255953,-1.0730350720727022,-0.8185368771033141,0.6522981393856294,0.38245483979958655,-0.0406083445692389
B0041,5,0.0282352657995695,62,Degraded,2.326218518415802,2.867868225164197,-2.298026590556236,-1.3893056499698015,2.0126476391861816,-1.7269864421374892,1.2989308425015478,0.34753049873139763,-2.5956494169917312,0.5643840724425228,0.2938015354431883,-1.573638213602443,-1.1036728372557236,0.3270729645218484,0.7569589810994128,-0.03725101578143844
B0041,6,0.0220461459204009,61,Degraded,1.8630163894162965,2.804734881410842,-1.72545180461639,-1.4353226536315198,1.6421302508523044,-2.371616394888059,1.6401868626080802,0.009342877448689384,-2.8092862315979086,0.8731847971615577,1.4930694180647743,-0.7161506333698595,-1.3506030633855288,0.2580235124210043,0.8344073429404589,-0.015820369644444037
B0041,7,0.0283859565407089,60,Degraded,1.7453974839722226,2.944690475392968,-1.7476759040222218,-1.2224143158732863,2.1203503407532405,-1.7695064060956653,1.3766261858146895,-0.056269695735250404,-3.053678081115557,0.6480944305406298,0.84840897430389,-1.031570536834149,-0.8422495082375614,0.7858114339749989,0.5021853034532521,-0.023853864682830763
B0041,8,0.0284691882503786,59,Degraded,1.8611128824464398,2.8117160550192266,-1.7351347395635077,-1.3996389875511697,1.9484597654593017,-2.3478257879820172,1.6149606025635512,0.34813635246701435,-2.740721222107581,0.61030320184674,0.8652794841120928,-1.056175096475539,-1.2205983536541292,0.08596528713810274,1.1202878015272433,-0.008041919851317077
B0041,9,0.0222007420565612,58,Degraded,2.080379937347306,3.11697237102007,-1.8325160199326833,-1.3218386789346968,1.7429064930115967,-1.890610808598164,1.4571776884976502,0.12878634862112226,-2.850230253199555,0.6018671511346452,0.678462919745425,-0.9371022103100308,-0.7066706052892265,0.5289212889912336,1.472428120593644,0.0297286243528477
B0041,10,0.022317179092458,57,Degraded,1.5490664178469007,2.8375728813607135,-1.5646447106843917,-1.1972333473963266,2.4144251995212636,-1.9331106317722222,1.4217146136801464,-0.0032263294787028747,-3.024380498363151,0.6546525114361518,0.9718859881390712,-0.9555945287611852,-0.8241467153769514,0.7304840951349445,0.20698660279455283,-0.04807097551889266
B0041,11,0.0223993612182874,56,Degraded,1.8470928443220331,2.9615640521145914,-1.8693473599169326,-1.2557632325660488,1.9936963369951923,-1.744910625297061,1.359578082563398,-0.08556333255040566,-2.994477633225754,0.7219259792390085,0.8270597149627228,-1.096732112236075,-0.9101266351327697,0.933825232804,0.4477896822908243,-0.024848105810274173
B0041,12,0.0233544939039273,55,Degraded,1.7267195333172023,2.902053723241523,-1.6869523741981824,-1.2232604510910008,2.2557656984155163,-1.8126140141754339,1.3633491518845786,-0.05213092971029475,-2.928615042517047,0.6314778227280095,0.9290820791621816,-0.982747468103303,-0.6956893314053791,0.9071295112393679,0.07702310875426437,-0.05474658172980551
B0041,13,0.0224768576654476,54,Degraded,1.9980456229966157,2.9562215310685818,-1.8864573488085234,-1.32091920589889,1.8387326419636176,-1.8314510435788691,1.3913299809809923,0.001584503188235166,-2.8483966317698757,0.7281733723740852,0.7956899255850985,-1.1060838337980325,-0.9111567259033813,0.8555648091548812,0.6001603605202894,-0.021269442100067603
B0041,14,0.0226096645097713,53,Degraded,1.6928032617737105,2.795679079255428,-1.6780381941678948,-1.2591829848376546,2.3072391061263153,-1.9663649628701456,1.4087704292841787,0.02747756083785789,-2.8441264928455854,0.6224882192674083,0.9579792491246658,-1.0392270375207673,-0.857138590728049,0.8112073738360532,-0.07845433981043883,-0.07018972229531271
B0041,15,0.0227011120734748,52,Degraded,1.6083019011138096,2.7464628516078737,-1.603406049828461,-1.24258424631149,2.4176469409479817,-2.0839031985753342,1.4541160896611778,0.09817137512024128,-2.8287015487636835,0.6182069192676805,0.9824191112917332,-0.9711878178627252,-0.9254211955560986,0.6349407598068889,0.027812186375933648,-0.06736953346226447
B0041,16,0.0228395061248708,51,Degraded,1.7745797678657935,3.000938517374966,-1.563724918739072,-1.759515506792014,2.0964774350017756,-1.9478598282149966,1.4720561837946404,0.2960862284315077,-2.7132747352608324,0.4854565790685007,0.798961309673492,-0.7292575179838588,-0.5254615426806084,0.2884520440916929,1.2228553320564306,0.019042400057695596
B0041,17,0.0227604012851699,50,Degraded,1.7201114567778177,2.788852039951619,-1.577876356679058,-1.2802876738618316,2.298283292770743,-2.194486020722543,1.5096464077397385,0.21716892711387542,-2.7234355678203888,0.5531417333406016,0.9185795091894206,-0.8834349054239093,-0.8996352612050204,0.4682610135963616,0.513690824034059,-0.04064942482616829
B0041,18,0.0228642707301212,49,Degraded,1.9919333777299904,4.210044336334381,-1.1877238915545794,-0.6709691581339204,2.127885736258696,-0.6777118925791357,1.1244947917674193,-0.30767815268202187,-3.6449375050479205,0.4333208992973838,0.000662142009673972,0.3307178079908972,1.4305956309077523,1.2774266512644914,4.380399994412521,0.2732530614461588
B0041,19,0.022930256096251,48,Degraded,2.316872190286294,2.789085310059865,-2.2781513712670494,-1.396327022183443,2.178621889746404,-1.9446883665932793,1.3452827139415615,0.5314289295461814,-2.3488465309352162,0.5286830751368953,0.2675166229094487,-1.5069207080531433,-1.197702022159199,0.330333531191497,0.6742754334749022,-0.04806613402854438
B0041,20,0.0229917780151375,47,Degraded,2.374233209333184,2.878449350013221,-2.223530026708558,-1.357084742544712,1.9346952982688346,-1.8496722104752732,1.3234817378427526,0.19640005022178428,-2.3990002794666543,0.7727035406345809,0.802195503034629,-1.0013645664745359,-1.0826727892093948,0.49534930665774957,0.6673813686633897,-0.03562479502325285
B0041,21,0.023064381483367,46,Degraded,2.313088639257132,2.849130367671092,-2.2655067607446173,-1.8682163523481907,1.8572403417239223,-1.702908039021671,1.2768776082200055,0.2325371234507903,-2.3168814705826923,0.7502351799779489,0.8682019058571215,-0.9959553762028517,-1.0781185856416853,0.3944592515354473,0.5223155325190865,-0.03382361450971268
B0041,22,0.0231857272765221,45,Degraded,1.616609942861271,2.951464779377618,-1.5922496818632108,-1.1992415642481216,1.9631095333463067,-2.0407765934861075,1.4845388586280392,-0.35787574906767017,-2.9708017508042457,0.746114917096832,1.6196732020433575,-0.254140975224479,-0.9292177680386531,1.0255068095127153,0.49768670516862146,-0.008308719468008645
B0041,23,0.0232119271265716,44,Degraded,1.7364195144704555,2.9880176103237948,-1.694700607941818,-1.2002853454753593,2.147422983275543,-1.8091320910345488,1.3763072280850879,-0.06186087385909677,-2.964461548184147,0.6767665308142226,0.7880148518662293,-0.9506947473014385,-0.7544276351372943,1.181393031716043,0.538694004949495,-0.011549737113804633
B0041,24,0.0232897347652823,43,Degraded,1.650330580455867,3.058394364631543,-1.5980145454278363,-1.6027806405340561,2.2617507845733424,-1.4945627939774027,1.2636453725394834,-0.05038202711513688,-2.9196434930754798,0.5754126916474278,0.7660122768182936,-0.7559927677908534,-0.3273458647505647,1.0816746610596173,0.4864223160609193,-0.0025499352400358685
B0041,25,0.0233630044741982,42,Degraded,2.296057999713679,2.8970999055467437,-2.3328427103967067,-1.2943226472939664,2.205027780945979,-1.5907268015240703,1.1967340936442303,0.290920297579974,-2.5014164401859094,0.6237367004202421,0.18318648800739243,-1.5368743109158898,-0.9992584863543386,0.9220027598702397,0.3638563445824125,-0.048306247616809565
B0041,26,0.0234317362162218,41,Degraded,1.8134590752897988,3.007805277654466,-1.6372417074757721,-1.2693382559578736,1.750440839616047,-2.0828342909469018,1.513387773699954,-0.23844412877298637,-2.875402435479005,0.9247689150101244,1.4506668722273373,-0.3953346932312292,-0.9232926487724202,1.037900102438646,0.8580108110186125,0.013134080591226591
B0041,27,0.0235615352424442,40,Degraded,1.838898407058158,3.029269739431237,-1.6424478040263444,-1.192076056157173,2.1666121619250527,-1.8845968370112878,1.4026071943684129,0.08391496253160194,-2.808649703935274,0.5924490832133661,0.6839772738829549,-0.8055539352951523,-0.5934946288428968,0.9739548418586575,0.9203360350079939,0.005868386594154777
B0041,28,0.023544842900769,39,Degraded,1.7809274698560515,2.8536873670732428,-1.7008868365458798,-1.3109149354103473,2.125086580138747,-2.3228806714275785,1.5717396642374601,0.2806327685396509,-2.656928238870632,0.6287748858256447,0.8335047155073926,-0.8959876935389602,-1.0722205362535393,0.5864845882258579,0.9206923385521308,-0.006724786948875129
B0041,29,0.0235840849534122,38,Degraded,1.8086147215602937,2.835607195996044,-1.739902542457472,-1.2907499820530977,2.1496708537941367,-2.1642400120391843,1.4870254973271224,0.16938258991570124,-2.657087637172498,0.6509655160422444,0.8389257990049734,-0.9540018451311403,-0.9891212060820207,0.8298551033459987,0.4764274629566585,-0.031560606009873794
B0041,30,0.0237083116979233,37,Degraded,1.750300956410283,3.043845178806113,-1.7259631904585668,-1.1457668030800565,2.2094071485806532,-1.7855410691723725,1.3589324751719534,-0.06741633684338715,-2.910891319927964,0.682460749805497,0.7579756035374555,-0.8071487200917941,-0.6546403476707104,1.22701700382497,0.6563302711404518,-0.000647530705147404
B0041,31,0.0237368290930716,36,Degraded,1.8944432653596148,2.896653601536279,-1.863594168653685,-1.313373073782973,1.970867976977236,-2.0326913729150418,1.4408128670401104,0.06408012976564381,-2.713083871888476,0.7378379772378016,0.7988114245437303,-1.055814240481682,-1.0612116803623393,1.1272904777897026,0.49757545792940144,-0.020819548483913448
B0041,32,0.023835535844148,35,Degraded,1.8213596962451863,3.080259710759256,-1.673175121977137,-1.7129771348615586,2.024167794853684,-1.8889957800457304,1.4389287841702112,0.2386782295108201,-2.671479853429539,0.5627179414962041,0.6856183020373061,-0.6620125388566958,-0.5819605513412713,0.669078051306667,1.4321794688556846,0.047802422427778796
B0041,33,0.0238780743339681,34,Degraded,1.7939004136423062,2.8777276082225103,-1.82357070325411,-1.2580961269106803,2.108121781619391,-2.015867156138831,1.4244136665747176,0.016967903561635234,-2.73972129864403,0.7294751015146009,0.8606097548604554,-0.9730153611888255,-1.0204051641558727,1.1705170655020758,0.298692563917893,-0.030731342343450055
B0041,34,0.0239168452645261,33,Degraded,1.9949658660099243,2.849914974804522,-1.794797655908758,-1.3643787140244026,1.9531077419404725,-2.28533858019441,1.5336964331036778,0.2940367259141965,-2.4754988814801595,0.6314091398191936,0.7554339726470295,-0.9456763599216924,-1.0540305158293135,0.741527702685062,0.8478134908961992,-0.01291872553801402
B0041,35,0.0239614085794689,32,Degraded,2.249734433683774,3.042843321468389,-1.977381044916712,-1.3130371515086467,1.937513908289343,-1.9778078548079832,1.412841296379767,0.32629757785232877,-2.447265866557477,0.5787796178448044,0.396548984306687,-0.9559547399686557,-0.7700318104416759,0.7801642638151163,1.4026453450781924,0.02280147083751415
B0041,36,0.0240540124858072,31,Degraded,2.554076167221712,3.1096302291556963,-2.4456463833871886,-1.303993570027496,1.7597930994681912,-1.5974556523650578,1.2280969210600121,0.193203672006822,-2.381678642922662,0.7436334862169841,0.27865103544328507,-1.1392542292401748,-0.9189422794340437,1.0134691347319384,1.2239080502492605,0.01577037567565217
B0041,37,0.0240439136791293,30,Degraded,4.879571048403812,2.218460761144991,-5.070958474968741,-0.7876069330672999,-0.5239561530584577,0.9495793080830139,-0.25757849707150704,-0.10280697343238485,-0.5819305175038725,1.482036153007139,-1.006324436948334,-1.4655999607298973,-2.396154525781576,0.08758510505267318,1.1484332903625813,0.02453581953575954
B0041,38,0.024211309631633,29,Degraded,4.612626567244508,2.2083345820952984,-4.853440751610761,-0.702850001233207,-0.47168704145463863,0.8516589938571809,-0.19471347602879105,-0.5129227904412396,-0.8016760759344532,1.764713165001899,-0.1385239543146621,-0.8055418468649312,-2.448068699748794,0.2503947919166587,0.7483578987080011,0.02094669407943298
B0041,39,0.0239932476273141,28,Degraded,4.15808692869011,2.3226369754758314,-4.33647484176696,-0.6180676802700305,0.3732311512633961,0.6138850794805358,-0.0557954224044741,-0.20174177990372133,-1.0646570970975044,1.7070276508388953,-0.10312115681601743,-0.409818063902754,-2.12246123801452,0.16605893154131782,0.3643218354243647,-0.0032016173809014284
B0041,40,0.0241108760024756,27,Degraded,4.834229649689837,2.1231036053303747,-4.877540796824704,-0.839635306466844,-0.7559412158061011,0.5840829350635761,-0.09618043793611929,-0.30505352629848703,-0.5097692468371765,1.795885520054269,-0.16068743048147383,-0.8238646388339823,-2.6256018134652135,-0.10354224964698214,1.113694678831607,0.026697921300189893
B0041,41,0.0239386578338267,26,Degraded,4.267635918383087,2.262283056177542,-4.450787214159556,-0.7214087371287192,0.17713648957854639,0.4223504535067717,0.013806500021458933,-0.09098554417472815,-0.89807283449981,1.758937900801248,-0.07637665890343967,-0.5413128063250288,-2.338770373203639,0.045706091408978314,0.37197137015004306,-0.011847225296055561
B0041,42,0.024145160277897,25,Degraded,4.113582075239006,2.2105844990953303,-4.32454812715028,-1.1968115398332926,0.2630479249368584,0.5064143402920476,-0.003972682256101336,-0.0015093134090722743,-0.8445315066457371,1.7115218788889315,-0.011606361590329042,-0.4372951028668169,-2.2582206030855247,-0.1775737398613894,0.3418502789110029,-0.004134474324434065
B0041,43,0.6078247043180449,24,Degraded,-2.667493756334337,2.695997393093353,-0.34288614381672594,1.0081739936649137,-5.401118202562381,-1.2152484220208815,0.7610276209501917,-3.929634944293977,-0.17983415746828513,2.2262685435118206,8.659061349877165,6.825285420036113,-1.7437972934626154,0.10734729501849863,0.4470510134115199,0.049057242977674935
B0041,44,0.5738208160473282,23,Degraded,-2.364796564005997,2.5845002590170547,-1.1504401777966122,1.0942494460633942,-2.022986081240387,0.005008362263624204,0.034534650586106865,0.3353628112668957,0.26846414878619274,-0.2708720908347231,-0.07950668837640036,-0.18869680067615704,-0.7671400880249203,-0.29976331025875685,0.38130439561815826,-0.09104576406697125
B0041,45,0.5597287263649096,22,Degraded,-2.429817541173865,2.7736353646070517,-1.2189467427144567,1.2988399256610605,-1.7964104649429498,0.8455588500022888,-0.30758819793007675,-0.0647804481520495,-0.1694937517789835,0.35270781429936293,-0.30385444417245966,-0.6042931496470278,-0.2279382610075548,0.7430922815448857,-0.673250199126456,-0.1278639720376043
B0041,46,0.5420662820925064,21,Degraded,-2.1019213273141593,2.7618807139050388,-1.0060147717844172,1.0177083728219771,-2.083988925751202,-0.2651014122300789,0.19431364549111485,0.8756987855956373,0.434527023862509,0.04789122953300387,-0.4216923721882642,-0.2522721643761514,-0.5428927326645924,-0.9368112823542408,1.6051712607343964,-0.03619129445167703
B0041,47,0.5303892116446328,20,Degraded,-2.132666724384528,4.206504470542728,-0.704149853578737,1.865937892711406,-1.6571500944967184,1.9761858785347164,-0.5422342492859881,-0.23115363814513,-0.8682968367954669,0.02737027369149875,-1.1533808373753789,0.8535276844191495,2.136200151273645,0.9345465529859346,3.386509834686497,0.16893287861920175
B0041,48,0.5085156432813296,19,Degraded,-2.1678459585981202,2.960293009979015,-1.1868369773464293,1.1841842186421603,-1.8480728722789634,0.4265102094253375,-0.09945306213305524,0.36318884723069716,0.07038133648215318,0.24709988503242988,-0.34963814173827784,-0.3086314121164688,-0.23857024962565315,0.06374445960591883,0.48966430949846124,-0.08311533930518324
B0041,49,0.5000187499904287,18,Degraded,-2.1612436272497026,2.92555949054715,-1.3583899662841699,1.1190283541837391,-1.7997850204236971,0.31297384763623715,-0.0739032283960603,0.37236929758674275,0.14346063997783576,-0.30638821791460175,-0.30159978354047473,-0.2419522080980556,-0.5367694423071786,0.11795599692438316,0.3646946500287212,-0.09450577177939139
B0041,50,0.495753247393124,17,Degraded,-2.0998657305111057,2.891916880070351,-1.2328965441921602,1.0562993869531712,-1.8471004975328953,0.039558868527119026,0.05436707080261612,0.6216386604565785,0.2621924419935326,0.21617477192652468,-0.2778941133568606,-0.34513906795392474,-0.490265583541412,-0.29594546638957303,0.6024748567336684,-0.09194264331987911
B0041,51,0.4827822212685508,16,Degraded,-1.9803965676829867,3.1805621370735735,-1.283629684047684,1.154197160585208,-1.899972345396901,0.3758555399448171,-0.04836239103973969,0.47503704227184734,0.135276950637901,0.18670408487743667,-0.465984556251395,-0.1388663812709587,-0.00631672844959377,-0.08988790778864311,1.2395929549731963,-0.04062055386323084
B0041,52,0.4691655981219836,15,Degraded,-2.0824345985243937,3.059955477295117,-1.2717457194807529,0.6274616417344687,-1.8851904035108424,0.5328018240528484,-0.1154429449711784,0.4910704813629913,0.1895220633596458,0.19912432220991566,-0.3512686504660446,-0.22572712302627107,-0.13739690615638636,-0.0656514450026424,0.6942726104505407,-0.06627980419850436
B0041,53,0.4649451694620134,14,Degraded,-2.117264965763899,3.0484138220195933,-1.4090928208729558,1.2044602622314469,-1.6680754101142814,0.7150183070753507,-0.23776978882518712,0.1299081581945507,-0.04171155773623142,0.36664138312149674,-0.2983921542249145,-0.40091566511077953,-0.17141176914978026,0.6500836111378444,-0.26430704003300487,-0.1238197713289815
B0041,54,0.4536058699724299,13,Degraded,-2.0509544245423297,3.131308862116876,-1.4374945388212998,0.6588347826485663,-1.8142689638064524,0.7631356907999587,-0.22864378668580446,0.26694416450584746,0.13530870747642326,-0.30259775633824326,-0.3647812440969226,-0.0610834537058636,-0.14357362649139027,0.3335364906708161,0.5517453281575099,-0.06748715243739918
B0041,55,0.4588435338468662,12,Degraded,-1.9356569807180388,2.9826896743286757,-1.3154593491369655,1.0220145220810688,-1.8019500239970248,0.08135338949171099,0.03503303417685355,0.6113405792870814,0.30812554482744303,0.24845056215264633,-0.33043886874755,-0.26511418685562194,-0.4197791291044793,-0.19013072868753694,0.8261543066179021,-0.08222202493630446
B0041,56,0.4578715360981514,11,Degraded,-1.9845849670962126,3.154150872665932,-1.3674592033669601,1.1735170923715366,-1.6697021858774175,0.6246073473913624,-0.1822234200278089,0.25211072419236924,0.020895383318464758,0.31996249689876727,-0.41294891693337077,-0.26024925619041606,-0.04185226701288317,0.49532370184749663,0.46872097089461834,-0.0810343424980154
B0041,57,0.4555831345025216,10,Degraded,-1.9250816172282181,2.919580103976174,-1.3867055610077543,0.9799874587244822,-1.720573099092997,0.025285583581672325,0.038718657086011354,0.6110833340055813,0.3551708127166441,0.264001787588984,-0.30729336068717683,-0.36363587878929354,-0.5161262091968344,-0.12430898026462107,0.5702310948777416,-0.09991193632556297
B0041,58,0.4484450721786349,9,Degraded,-1.8151712448358956,2.823376479091466,-1.4445095284071112,0.8680668108319994,-1.8843197229613826,-0.3126555579061364,0.16722670123009745,0.8052731467615133,0.6148847772002911,0.23904301861277763,-0.28032864591957174,-0.3540102512860368,-0.6975915214336033,-0.5866736325554835,0.942181209795647,-0.09244451346157044
B0041,59,0.4431066736400076,8,Degraded,-1.8880655292376294,3.113303441925886,-1.45205923046917,1.0582499915856114,-1.6673523244088977,0.24619586862817053,-0.04097030300550099,0.4339143729728088,0.26790692616115874,-0.29736846326845773,-0.36197748314493816,0.039663473725304224,-0.33761188602464914,0.11148770754363453,1.0501561525795458,-0.06100831537160226
B0041,60,0.4465562068093507,7,Degraded,-1.871291023023481,2.8880803430540363,-1.4539989438326621,0.9585644804005521,-1.7165926152871298,-0.01988503639651684,0.04131033652004154,0.6004201683129802,0.45566341276714595,0.2795604188136226,-0.3200834150355604,-0.3453977341570014,-0.5010791066076081,-0.17586729539860285,0.6737055825300643,-0.0960417476953879
B0041,61,0.440449253545527,6,Degraded,-1.7927145285881625,3.2308465956890378,-1.3923793265800601,1.1124728004316262,-1.7353629573171765,0.3603905698623565,-0.06711610004311742,0.43295998780954115,0.2731156837049719,0.24224817515800595,-0.5072735925071741,-0.005424403140614543,0.11867877776588277,0.021979250901945396,1.5080765886792862,-0.028162309806574533
B0041,62,0.439943969101187,5,Degraded,-1.8192504634397553,2.812199923502394,-1.4582650720830366,0.8668691010741024,-1.713121365612694,-0.26030979305408103,0.13198559607327146,0.7386329988821421,0.5743358952288453,0.27005187135576214,-0.2663361208885021,-0.3596377811122922,-0.7194054993625865,-0.3479844897744437,0.756769228518568,-0.10025865254426503
B0041,63,0.4341173768557722,4,Degraded,-1.7820691347841227,2.7754633932095065,-1.5877101685600872,0.8564452827255923,-1.7674677971028725,-0.19503081314228965,0.08507087586710672,0.6396127908550302,0.6298846522014834,0.3119453548707232,-0.2661155754277361,-0.45107036782472104,-0.71055519351738,-0.24476802628773894,0.5311980491247636,-0.11283352176119367
B0041,64,0.4221784745197758,3,Degraded,-1.9310617670989119,2.9496746270951806,-1.6524323640707037,0.5079987681816428,-1.6726617481533492,0.4836725895010046,-0.1737183129205943,0.2673216914662098,0.39988670340547816,-0.21048860216841594,-0.20986935922630534,-0.12934299700774973,-0.46260288757926865,0.3639342264976457,0.2084996079232825,-0.10007188157127048
B0041,65,0.4328546601574269,2,Degraded,-1.9066398712269053,2.9236087464471447,-1.5143961587115158,0.4869057314916625,-1.6391148068958399,0.3237566922053611,-0.09576735144600368,0.4725574905542698,0.464975513484917,0.30691132214389233,-0.2924785702193078,-0.2920261712394601,-0.307449211250387,0.060849827667930775,0.44584749628141107,-0.09174401365473198
B0041,66,0.424348452009589,1,Degraded,-1.819959237387441,2.7468466896343444,-1.5467873612323313,0.33223949666862346,-1.7438965426303739,-0.12394885936969503,0.06805842993297158,0.741496127191735,0.7520722982943372,0.2696046520204374,-0.23531627660493015,-0.3621495847765332,-0.6644768006217923,-0.43448460245023357,0.6391814440170976,-0.09988305983369156
B0041,67,0.4182474216823172,0,Degraded,-1.8962551940123835,2.8542140110809417,-1.6285894742845048,0.48005851697234286,-1.6038375996153713,0.4292711159668492,-0.16927561963530763,0.32254413902273166,0.48243932352446545,0.3820307737050137,-0.23645278853769086,-0.3932334923530993,-0.3645505810930267,0.30608632488846965,-0.061537267622627755,-0.12160389655720355
B0042,1,0.8643563316877678,111,Healthy,-0.6821543612327585,0.012419975942136797,0.9593045098228641,0.6245965235960297,-0.42439585950277653,0.3439925935123988,-0.2567228383615621,-0.47923985015178766,-0.45210554549344845,-0.03801890114945255,0.027691502706467884,-0.7073331798008002,-0.9744526094399429,-0.3645024767468032,0.7552886937376581,0.041327322591066695
B0042,2,0.8657353140926572,110,Healthy,-0.8544493040993176,-0.319351038541584,1.01520766784457,-0.010558033347051639,-0.21196988921934065,0.02595591774830146,-0.15228297562106333,-0.2514369810621474,-0.19533086872987096,-0.10585475008635392,0.082222253906405,-0.9092404030977334,-1.2452955624577362,-0.859117546164643,0.44309842236913044,0.015502720779986245
B0042,3,0.8641175181573044,109,Healthy,-0.9399514560291212,-0.045437984368482676,0.9819421644392097,0.23349599848490657,-0.1176018263909762,0.9763888930252923,-0.5169370363530554,-1.002144848986302,-0.7660003709037341,0.05774667099967477,-0.018830913862189314,-0.8380395764353287,-0.5634653853577625,0.4317263032358723,0.12153967639678034,0.048148381556181986
B0042,4,0.8601723711458105,108,Healthy,-0.8322790541701992,-0.41280807705339667,0.9976022018624582,0.5026680451471311,-0.07580773293367866,0.09900060731936629,-0.22416220213399762,-0.706596275566744,-0.41244910843195864,0.04102367859863345,0.10406177810533526,-0.9986304710372159,-1.215182228390746,-0.1527768868786221,0.12912527090772538,0.006738403715879068
B0042,5,0.8610867183853818,107,Healthy,-0.6838614823979384,-0.7576926478695061,1.175288536026682,0.18967266737600488,-0.22859167767538358,-1.0178115773992946,0.2273687938812895,-0.004139592621903005,0.17066397457519475,-0.14311153555919212,0.09585603303496272,-0.913777406825242,-1.726051517625743,-1.554855154181364,1.4675106212415157,0.04798123575262981
B0042,6,0.0,106,Degraded,-2.5106325569959407,-3.541902459540131,0.13560659472353503,0.8879182775363406,2.8822046683618487,-1.0197428742849308,0.428485923615982,0.68036568494244,-1.178632539759953,-0.8882879942309019,-0.10878555432790085,-0.2702615338436883,1.5404967285720739,-1.2284944040735226,-1.1891818133052408,-0.01077274384965929
B0042,7,0.8543347886659725,105,Healthy,-1.0487507691200688,-0.9150662235508572,1.0451053516512574,0.3568455810619084,-0.29211831919292147,-0.23896459194077824,-0.10526942231030302,-1.2742244520847315,-0.4698200814548974,0.38884407023878337,0.9760564649349115,-0.5516453705036628,-1.5854948742256059,0.09467002785556322,-0.2592558584307165,0.014319494430946279
B0042,8,0.8518238242959323,104,Healthy,-1.3976857490447003,-3.6463065772847423,-0.06319979723000656,0.10196373352263037,-0.8516223828410724,-1.115790684974192,0.6050244010251837,0.747603545339847,-1.034299217562284,-0.15863156984320756,0.3059682628631183,-0.7614932709024326,-0.7539999057196057,-0.33611512635732005,1.1592793636651637,0.11973688081483076
B0042,9,0.8479187871788986,103,Healthy,-1.6397041950356555,-3.5836061370099523,-0.16822457953985825,-0.22351465056205025,-0.6714025863945233,-0.3281162416081882,0.2822589122373057,0.2862217880986822,-1.3229925827831508,-0.05545251480350657,0.39824805026291726,-0.8381102563031981,-0.4092838257091393,0.47059335946863307,-0.025731082259328606,0.08573188672469309
B0042,10,0.8474532423338456,102,Healthy,-1.5999830653794092,-3.35096149471697,-0.11557543490299678,0.4459938898684979,-0.4455686371153643,-0.1176786562098443,0.1985514584434359,0.03404418004045695,-1.5734240028942044,-0.029009213199866234,0.25470546463036997,-0.626341074430447,0.0773630724291103,0.8798042511872488,0.22950514415239828,0.11039456706152649
B0042,11,0.8437384047176228,101,Healthy,-1.4439358112876675,-3.7480515891476247,-0.22237255218204982,0.10347420503274715,-0.792601306633956,-0.9060814097544981,0.4780231039421751,0.4858681940056176,-1.093509180290784,-0.11208069664747945,0.43142874691315203,-0.9220975322272967,-0.9058010709641019,0.20926486811898865,0.2166659371562738,0.07039908498383271
B0042,12,0.8429945864589725,100,Healthy,-1.6485588209333415,-3.2397769787996573,-0.12675945938243616,0.5574395338975894,-0.28145974114353334,0.17404749204124778,0.07773080032945745,-0.17540612091742475,-1.7142199144248544,-0.015106506435366669,0.220041814184373,-0.5392775049116341,0.3757400022592235,1.227413264910621,0.022205722965762585,0.1112415438281665
B0042,13,0.8391432373887466,99,Healthy,-1.4627714489243184,-3.664386523988687,-0.24097307746054095,0.17909953018562694,-0.7132615437808426,-0.6601800492332576,0.3786844844125108,0.32171295548282475,-1.2126660468889126,0.004798651856645913,0.39693341462354287,-0.906474803284777,-0.686924210462831,0.5258386357126411,0.047562352449717245,0.07131367364887471
B0042,14,0.8369823820450764,98,Healthy,-1.6025427661983362,-3.483891728586122,-0.16981653341680436,0.388910034304021,-0.30722340849684915,-0.3364177209791266,0.254390126775341,0.11697121720899993,-1.4003290638366104,-0.0636395539279835,0.3189216294783527,-0.6553236871632133,-0.06116766196814311,0.7399263746160538,-0.050678520964307965,0.08579882301140339
B0042,15,0.8361189400618533,97,Healthy,-1.57899511427331,-3.679409688046209,-0.19300770673850742,-0.29576896225761995,-0.5734347044421166,-0.6204081025304738,0.37612605566397783,0.4351492276665472,-1.086532597901095,-0.09009285200068265,0.4374374072545504,-0.7617543413380344,-0.47703313493983845,0.20906971070178262,0.06237851831938588,0.08262636086234176
B0042,16,0.8379948950245985,96,Healthy,-1.4281216883256829,-3.664775557596845,-0.17017669105977004,0.1626140498216474,-0.6278118821871961,-0.8985761029159283,0.4767433432823887,0.4905362816310459,-1.053537994165603,-0.08022575239225026,0.3802371137748076,-0.7256065795696043,-0.5848324564844652,0.1638703941528464,0.4817015259572658,0.0926181362049268
B0042,17,0.8309123836423994,95,Healthy,-1.5151773315356563,-3.68246168731776,-0.2625844920281312,-0.3259937805384215,-0.7012715567882752,-0.5220421367742973,0.3297416026970904,0.3749302590577232,-1.098918061942316,-0.052533354901832315,0.40620152300571605,-0.8535397450673472,-0.5870789323749697,0.44558586705746545,-0.005065772356727836,0.07932413920425946
B0042,18,0.8303355176283056,94,Healthy,-1.4973717099624488,-3.4367530268850968,-0.11813408862196335,0.3542829581231589,-0.3480617051754939,-0.529216470675887,0.3427279772971055,0.2908046031075607,-1.2463367429793037,-0.10678008338283397,0.24348398338133073,-0.4856191731244171,0.023651833276897623,0.43789510118010705,0.6277837660187618,0.12134023448039799
B0042,19,0.8265322437253602,93,Healthy,-1.5203050094675583,-3.460506599453139,-0.19419092370888189,-0.18257205640284452,-0.5891481189408597,-0.2187544069110047,0.23092032428177955,0.2177652238737737,-1.2560088835790582,-0.03819914177677404,0.2979421829327673,-0.6086804728127433,-0.08722622157282998,0.665000982062659,0.35713516733827133,0.11801027857863844
B0042,20,0.824976993135228,92,Healthy,-1.4580589519696392,-3.331908274526238,-0.1611251560653214,0.40424438784273165,-0.33936844559854884,-0.2587348811539346,0.2347285908340514,0.11899414932320027,-1.3562645345277347,-0.09188515660853534,0.1822867139424629,-0.43768716362444193,0.19314071976312439,0.7947659367658536,0.6574577143277771,0.13373704183194912
B0042,21,0.840648902722246,91,Healthy,-1.465922263044684,-3.505350309452683,-0.2181058505271767,0.3032085356575375,-0.5659407517083132,-0.42947413563638537,0.28314406076632387,0.11586529554270063,-1.2678541689675766,-0.05396389716572403,0.39716115858303114,-0.5831156637360446,-0.2819618076298846,0.8616362766577231,0.1504447343150682,0.09468397621044537
B0042,22,0.8350260212240649,90,Healthy,-1.5742540554505944,-3.452817696953209,-0.1646508867889105,0.4179489064665315,-0.20557902835937772,-0.296665963956914,0.22360590981335657,0.07742940191322999,-1.3492459405388413,-0.04769401629415022,0.2712019218475743,-0.5584979841866313,0.06770066717542847,0.9207676998163885,-0.04401997650775944,0.09148036673988331
B0042,23,0.833590930177396,89,Healthy,-1.4823279014565138,-3.3994744256205847,-0.1420451171689765,-0.15978488238416877,-0.6020352387928188,-0.15152101128868312,0.20946828155177746,0.20264120411053876,-1.2726344323675831,0.011981120233182277,0.22760498460250184,-0.5455926245732399,0.013182437190846505,0.79439805788932,0.5640041308155775,0.13481891296637144
B0042,24,0.8284432806637584,88,Healthy,-1.4664732963906775,-3.350668251226641,-0.20946058136882997,0.42838077485111226,-0.40686317765191315,-0.008387104690080322,0.11680191280642944,-0.07711846514169171,-1.4631449690501541,0.07858147711566904,0.18659660826354107,-0.5980833849584448,0.11591205591590995,1.335640279373273,0.11128535122900496,0.1087010276737631
B0042,25,0.8224909723289968,87,Healthy,-1.4080497384363928,-3.6243033648720733,-0.1836244242120701,0.21736014691468075,-0.39435232491050626,-0.8348133540116066,0.4276899217070078,0.4433563124702477,-0.9876256683534942,-0.09565392762123467,0.2878014458820531,-0.6003613382097162,-0.349474276312913,0.33094703245935825,0.4666985605022711,0.09806957315100047
B0042,26,0.819607292500007,86,Healthy,-1.4534186473664026,-3.5669420418762185,-0.23024607284276755,0.30367889484039556,-0.29940776199938934,-0.5136039542010677,0.2867756334124371,0.18588469382206413,-1.1428958156973306,-0.019498091443476077,0.31576027696582043,-0.6168055150871086,-0.18514243403707298,0.7839601610318968,-0.032271129641031085,0.0787774069428365
B0042,27,0.8205299945104028,85,Healthy,-1.3564834041193707,-3.438693556545921,-0.2834789050076141,0.31754913094745046,-0.6135864823501953,-0.16878673857359888,0.16756028019545913,-0.01476394530598241,-1.3184717340022067,0.06630002233649256,0.25434380400363754,-0.6430745940904745,-0.20727718790123445,1.3023353093334091,0.1728907401323868,0.10266917634116642
B0042,28,0.821634825609924,84,Healthy,-1.3340644783163693,-3.5467974136114324,-0.220916324599307,0.23592169506675967,-0.562569764369519,-0.5567902979965292,0.32052931270935786,0.2707618874307349,-1.1061867861280865,0.05373324588561901,0.24260124407872255,-0.6433269540005693,-0.31973180004155116,0.7898008152155833,0.45869337077818145,0.10724895026408128
B0042,29,0.8149336551201148,83,Healthy,-1.3780406962074667,-3.3547997301838492,-0.25740133640657414,0.4004818324897712,-0.47604665647136213,0.017340475174271626,0.09388338830506093,-0.10235460974404507,-1.3996086540368988,0.11475800967101747,0.16273874214405457,-0.5895707819556044,0.07030717093082811,1.4805956917583736,0.1691014148306667,0.11236553793105536
B0042,30,0.8119268172329404,82,Healthy,-1.4418820216223054,-3.629530444151511,-0.2564467802502771,0.27706352195443584,-0.23678789208572176,-0.636773884653075,0.31921206207654157,0.2570814066799375,-1.0251718739415663,-0.02043466453241988,0.3070152933310915,-0.6152669127497166,-0.2349201933962268,0.7052367587753365,-0.05456618424671386,0.07518906609385743
B0042,31,0.8093154443522087,81,Healthy,-1.2766007675311764,-3.5300446029890455,-0.31698029073486905,0.2387724877236174,-0.6404694372928823,-0.38285156644176965,0.2360123752515006,0.13019334952352313,-1.1262827412653236,0.11632733538547274,0.2449002988155095,-0.6872655897346868,-0.33435438117135424,1.1060150977481729,0.251142877060994,0.09837191621238904
B0042,32,0.8096709056220598,80,Healthy,-1.1654434213717957,-3.53691651949639,-0.22119504291280626,0.1545738128616717,-0.7313944225773898,-0.7689068825607309,0.40818798329335526,0.44861107675183287,-0.8962340228403001,-0.030926836007075173,0.18556893478573458,-0.5247090009223963,-0.3799927982397381,0.5041731769238301,1.1005766017969554,0.13515588075367738
B0042,33,0.8072966356634965,79,Healthy,-1.3335069588931583,-3.497906985262974,-0.2884475018787593,0.30728408367933235,-0.44981134808278267,-0.32197388041833486,0.20629295798369127,0.08725375811967766,-1.1508269489221532,0.11261804270683826,0.22091718088947557,-0.6099761801436256,-0.12020137996939292,1.1511242997932203,0.14412533643927977,0.09788940062482193
B0042,34,0.8036020445963924,78,Healthy,-1.2027340506062423,-3.779827999978284,-0.33376050275300545,0.04916723060257207,-0.6889526057873324,-0.9913161224701816,0.45506955291076207,0.5121788359470412,-0.7511891955398149,0.040990852548218916,0.30790557723182066,-0.7795747998929284,-0.7956535941767415,0.48150775097677073,0.3979074218643681,0.08272418138032354
B0042,35,0.8006331795031179,77,Healthy,-1.2799709891235407,-3.574291816417844,-0.26823331553294555,0.2282454007117015,-0.3991191743741547,-0.7216934811592236,0.3603599444584718,0.3665053406884527,-0.8916961683174383,-0.036070231229174333,0.2065467995532296,-0.5083274473082484,-0.21486075983799033,0.5920082321312807,0.5850290312195241,0.11001635609513534
B0042,36,0.797020370531552,76,Healthy,-1.4388628323250647,-3.6776474538699206,-0.3204142511359891,-0.26295540038041954,-0.2989527646883522,-0.5702387829554739,0.2897999133345993,0.3376577538743405,-0.8198980035150074,-0.011581432380387493,0.35020275410119767,-0.576198814801817,-0.21366413312172494,0.5611151757053432,-0.10635507251308525,0.07749885342487024
B0042,37,0.7973444144687238,75,Healthy,-1.2316906359120774,-3.447140803805905,-0.37450262165118975,0.3022053503052496,-0.5842414764657916,-0.17553986947142167,0.13848816745469078,-0.029820734175051357,-1.1391936670073533,0.12044912051361498,0.208450689455117,-0.5756257113865365,-0.11746312502825144,1.41690342512411,0.18263010907436455,0.10306217967760861
B0042,38,0.7941050478651298,74,Healthy,-1.2692469098969588,-3.451633060136329,-0.34955445170783234,0.3295259131525879,-0.44519025514133265,-0.18984434231123254,0.13914039108381435,-0.006783704439687678,-1.1302813789872068,0.11290761414071013,0.1730125848960964,-0.5599534264957032,-0.02351859947335752,1.3776324625091445,0.13306384283834163,0.1015038683272158
B0042,39,0.793992779038849,73,Healthy,-1.3097459191726464,-3.417017595308702,-0.3592281492173448,-0.16946413938512273,-0.6072000323991691,0.07903936596571862,0.05800517965379659,-0.022133668783825954,-1.1375905997840896,0.1469169426418947,0.18887633109875382,-0.5519295579129379,0.03652252090042841,1.4377520993791002,0.15972062884317287,0.11767127821019258
B0042,40,0.7899582703325172,72,Healthy,-1.1609633419129695,-3.6181485777228084,-0.3448090064042111,0.16139899616782913,-0.5912619834732421,-0.6792648603105031,0.32726380007523914,0.32621230876324386,-0.8313683019072001,0.0705597674634651,0.20030997272758438,-0.6106372835740891,-0.4065169470794195,0.8448189332851801,0.507059683432507,0.10359458769778983
B0042,41,0.7827973096826417,71,Healthy,-1.4024469088990688,-3.272889638292699,-0.34711559527166047,-0.0062210701931334315,-0.2689738120828031,0.331541033273637,-0.04874487578220309,-0.1847873662739322,-1.243324946485224,0.03768171903568587,0.10670606713602436,-0.3502565707742614,0.5088225728408695,1.6003124611936077,0.08112396394093373,0.12633714977788502
B0042,42,0.0353506386867008,70,Degraded,3.909956444800652,-6.451425769217456,-3.211284852814909,0.6589485077208128,-0.04397146019078326,2.310231986685539,-1.2750847914429753,0.6305789073920642,0.3544692578542338,-1.270597341906227,-2.300742970309149,-2.1310820817959133,1.96511409981525,-0.5543321834231888,-0.483149009913405,-0.2917176899105099
B0042,43,0.0420843926506953,69,Degraded,3.9313052733929204,-6.419566051249767,-3.0089924580615297,0.044425301696078466,-1.3639104706135075,1.9259034224796812,-1.0246140955643896,-0.47047390512065285,0.45168787684742684,-0.4161158621573022,0.5410706217595549,0.20443072922191585,1.558921287904654,-0.832169141849368,-0.32588572408715494,-0.24335187956939164
B0042,44,0.0422189281073291,68,Degraded,4.080051115856801,-6.456027682925764,-3.0050908329945236,0.5041419507037052,-1.3765695292314388,1.6861965232399025,-0.9501498556299746,-0.4464302744767441,0.4864488580625603,-0.15318836336539676,0.5191673023711791,0.1556519689247461,1.4904700362261494,-0.828357899903958,-0.286139584505792,-0.25434725144851544
B0042,45,0.0423945953029516,67,Degraded,3.913565697815571,-6.042800588259095,-3.0672116651371715,0.3154673439404695,-1.270991778942391,2.7471931570980765,-1.3275871305132392,-0.9593440154432509,0.04317752929731436,-0.06772370467118485,0.40176146231023036,0.4024940749207143,2.322949160958405,-0.028566492941032327,-0.44595361544730516,-0.2162354162544865
B0042,46,0.0466712909172129,66,Degraded,4.02440301772484,-6.367722276010995,-2.963177376311293,0.4849038749515176,-1.4239045406369104,1.3174015276459994,-0.7893454535429791,-0.39129840392756426,0.6412915442236554,-1.1971520680629486,0.7390602542250695,0.6751500554852056,1.307883650791099,-1.1210832827630686,0.5112559320244104,-0.2144318181673353
B0042,47,0.0530159006569889,65,Degraded,4.011119056519461,-6.26634671889283,-2.9560700692016946,0.6740773197288529,-1.346383325973976,2.0917030905400757,-1.1144565851162647,-0.7810326701596196,0.32429994055018546,-0.37800349455085086,0.5544487629457403,0.280838710960711,1.885349815299028,-0.27382737004015023,-0.46292470668923275,-0.2514999077823794
B0042,48,0.053252933103559,64,Degraded,4.029306744053003,-6.338452340192255,-3.0432003291233163,0.6117965782938528,-1.3662833845274847,1.8983570745007352,-1.038174379116494,-0.6188862576131714,0.418675609337136,-0.11499783950286573,0.528731681234479,0.1273271332795119,1.6929983664095747,-0.5190820525014755,-0.48314810159566185,-0.2613988915597081
B0042,49,0.0471955579275647,63,Degraded,4.0021273593569875,-6.19173198376191,-3.0204189790570837,0.7262640772351246,-1.299512578972921,2.2142924127256096,-1.1538806712579612,-0.8144368766310084,0.2451685173719309,-0.08816726172367108,0.46779462343191014,0.253443021364727,2.0024730935646655,-0.1930573649727266,-0.44677589095600634,-0.24427393232454636
B0042,50,0.0472529796369355,62,Degraded,3.845951525723681,-6.289303716030786,-3.7546028773567133,0.4966006025079347,-0.6289933502863387,1.6249124528429781,-0.8725643604295582,-0.09524553366495209,0.0076285517511725295,0.18285387642172507,-0.32910776644872236,0.13073677799361058,0.8159878408589125,-0.7911580544602801,-0.3938469288913449,-0.23193904986423458
B0042,51,0.0410572805410781,61,Degraded,4.183907644295752,-6.386399334835667,-2.9002235034809467,0.57316243911412,-1.7729410820595866,1.8836781764158608,-1.0419398661596737,-0.9072949765901233,0.5561287606293606,-0.043219168790903664,1.1051986413503945,0.6664955917908063,1.739409745084067,-0.39024674590005765,-0.5255800451255884,-0.25665843332064164
B0042,52,0.0475923531597337,60,Degraded,4.08826595440441,-6.351080649821876,-3.0137767072108588,0.6387672722289314,-1.3728610755131803,2.0016441048846363,-1.1081947423983844,-0.7136977068174608,0.5109630591569778,-0.47245714747213075,0.5244655409026199,0.3145143841900196,1.7945758691133653,-0.34406114826935114,-0.5185474760438172,-0.2596659597278281
B0042,53,0.0476956499932952,59,Degraded,4.220866847980875,-6.4897024079264165,-2.906360840146384,-0.05417089469544729,-1.6955533676915686,1.5343890478910536,-0.8853925501546751,-0.13925285747290095,0.9590948491177111,-0.3294023417781816,0.5041735113502852,0.3302518377597258,1.6454228890905789,-1.3902666744239762,0.3454540181988071,-0.22373642078379943
B0042,54,0.0414483228292728,58,Degraded,4.126375874622641,-6.407151413430157,-3.187596239363581,0.5592753436660668,-1.454439926463657,1.7562553804996326,-1.0091170614310572,-0.5288918185671804,0.6342564207850395,-0.1122798786107354,0.5089568368373187,0.14202114968245505,1.5172691946057526,-0.6677525331292637,-0.5113201490329659,-0.2735160219402957
B0042,55,0.041715995182263,57,Degraded,4.30876125735872,-6.455531678209141,-2.9628839810712475,0.501604088288467,-1.6347691909893218,1.661253415827508,-0.974368817733262,-0.4158892252449636,0.8251826846742947,-0.21401059260544603,0.5087233478494185,0.2890306258323311,1.68882675699171,-0.8256823133843691,-0.11950032764875154,-0.2532313008502955
B0042,56,0.0481238607824784,56,Degraded,4.246471919416006,-6.291116682854688,-2.986854617949174,0.6378301464897242,-1.532288211689066,1.973529336555354,-1.0869237229148458,-0.5843231318662554,0.6459312980669545,-0.232441516188527,0.38819682291264085,0.39614895730128447,2.002662709298998,-0.5720485858065243,0.0293282605825844,-0.2293191080993272
B0042,57,0.0435639624828494,55,Degraded,4.054415022292417,-5.554382765817998,-3.2077360929515386,1.167375307598891,-1.3079934858617699,3.6512721560506214,-1.7117776086136207,-1.6817040126059652,-0.3258923171045076,-0.3350866294222258,0.13825782180396337,0.7892681901683354,3.088029406965344,1.3245989372527698,-0.22728058840713952,-0.17367337819036247
B0042,58,0.0484095609137878,54,Degraded,4.17325425037481,-6.264732361621338,-3.092264339070625,0.7128858534696355,-1.465643329051245,2.256482493814198,-1.2151997417177505,-0.8149679978696749,0.5005112990182089,-0.1554901720699822,0.39533970648689054,0.33288730081889323,2.039729657913026,-0.12516022639132632,-0.4825491947734085,-0.24759432395593228
B0042,59,0.0422002744567255,53,Degraded,4.193057718247816,-6.430771793565141,-3.240177589246884,0.5699500222145147,-1.5458259255067102,1.8084226921879907,-1.049478435303626,-0.5599106479968267,0.7392743205318256,-0.128215802222849,0.48735385832322137,0.19887760985533737,1.5514777833583442,-0.5921652222336596,-0.5094234010416349,-0.2698603690584395
B0042,60,0.0488506085833726,52,Degraded,4.218496757266878,-6.166189148647974,-3.0857887674146425,0.7809377054591451,-1.4998413326925684,2.505831911969665,-1.313981664426939,-0.959915195533294,0.42861664959316886,-0.1469402136913551,0.34631268688074085,0.4339595313803846,2.269869462422028,0.1445071676926792,-0.46058889916179707,-0.23722902386565917
B0042,61,0.0425871323828633,51,Degraded,4.286397614533883,-6.598090238089509,-3.304348376385993,0.44186606025049063,-1.6938802898864314,1.5038264259944354,-0.9514222734914185,-0.3694268132618205,0.9848831510286535,-0.15201817847345078,0.5301130552236722,0.10071118750776864,1.1868191572943356,-0.8910672345824382,-0.5353887356744715,-0.2881264000607416
B0042,62,0.0423599677243956,50,Degraded,4.305334282264018,-6.689111095215394,-3.2333715391460056,0.3898150998957648,-1.671448124745776,1.2599505459291194,-0.8727550497868698,-0.26063827346981283,1.1803480673942093,-0.6598361954760433,0.5971605802117216,0.2892486117209252,1.0849605391244408,-1.140833027219912,-0.32232089808610903,-0.283181091730161
B0042,63,0.0427441848494682,49,Degraded,4.343304180029571,-6.663035610613293,-3.1977557631894142,0.4289618521589062,-1.6632935751864644,1.4564232662576697,-0.9516119019984888,-0.32917079816224176,1.1162663540974223,-0.22950466598018862,0.5380425312784876,0.15680269180692452,1.3196679645564589,-0.9285219631473521,-0.6259733019215546,-0.2951728934221798
B0042,64,0.0428887496671675,48,Degraded,3.9751075044250004,-6.02832820729261,-4.0857479168788124,0.6904570138251103,-0.6673032742123363,2.284657689479698,-1.1439145543873932,-0.3704854838270803,-0.1477093456160877,0.2863507072233996,-0.7445413451963578,0.5302114215129691,1.1753872859208758,-0.09895465741485096,-0.31793345988887045,-0.18962734060088615
B0042,65,0.0429777662762291,47,Degraded,4.036417319701031,-6.138115330695085,-4.088787633933908,0.5572742301062628,-0.9725621446409697,1.7113987917905837,-0.8985644333656118,-0.2705689739818669,0.10597111129990287,0.546337043446229,-0.1734063789290057,1.0007682319302833,0.7510588844498816,-0.802890588854928,0.11242572776462093,-0.1781704205593952
B0042,66,0.0430739848982916,46,Degraded,4.046340981605354,-6.287940259679866,-4.186618640185144,0.4678358369991939,-0.994954968611186,1.4835020827183176,-0.8327005597387872,-0.17596132042275794,0.260699355659941,0.4531309407377139,-0.08241892573433948,0.951437015995444,0.40610031532282337,-0.9670762328674132,-0.17013935645679162,-0.2049918303643331
B0042,67,0.0432622540449666,45,Degraded,4.221932607279604,-6.185294111899818,-2.9946176721281477,0.6749657924991754,-1.7524747486459757,1.8415797655678618,-1.0445542808931176,-1.0444485948425708,0.7545530300926112,-0.9416823011281813,1.1894057426885254,1.4027945152762178,1.8462179930084515,-0.26050237571459595,0.13922801609183655,-0.21026982922074142
B0042,68,0.0433801821434286,44,Degraded,4.42324025739278,-6.5325218181962885,-3.1164088837116575,0.4530575435425265,-1.788890964557928,1.482340876524875,-0.950293739260187,-0.32666479449404,1.1621970715801515,-0.6739612018661153,0.45257023350230735,0.4077025472996638,1.4272893608398551,-0.8309249150984069,0.03229362690379105,-0.2526910504907292
B0042,69,0.0433101269468553,43,Degraded,4.377934989268793,-6.5270843053774525,-3.201162316875661,0.4960274757987759,-1.7584442199175603,1.588780963282265,-0.9925085198288369,-0.3722058260298543,1.092278381490056,-0.2691041771586837,0.4127884145602139,0.2618909461401842,1.5008115330526133,-0.7646634535379503,-0.20646503860984158,-0.26152988915809866
B0042,70,0.0434901197463749,42,Degraded,4.038646961798615,-6.308419028259726,-4.091556553390253,0.49271458508566024,-0.7094610902195649,1.561055740079187,-0.8942269502820375,0.0541042078972305,0.3492060201942968,0.1727775137663876,-0.6123344381443558,0.3600357277920947,0.6960540874838266,-0.7737188579791733,-0.3722377693386982,-0.2258953669341593
B0042,71,0.0369389355673698,41,Degraded,4.3242319945825844,-6.374029834146186,-3.015962597209649,0.10025103611098973,-2.0967620887892546,2.024828071828602,-1.121801624765902,-0.8479682608334049,0.9825864964458324,0.04983504608720656,1.0820081107854096,0.9070838758751782,1.9480137136047628,-0.4389914370755225,-0.34135772533741,-0.23432324616275071
B0042,72,0.0438793285111594,40,Degraded,4.433252828389965,-6.2576004315647555,-3.1460078336062565,0.68173460715494,-1.711824853524744,2.1149853311788767,-1.1892756691948692,-0.6262006246807238,0.9078953217952666,-0.29448100184634285,0.21546139879193624,0.510425295474633,2.1228566215015867,-0.32225270332929695,0.09941376313234057,-0.22235760831511342
B0042,73,0.0439528815013649,39,Degraded,4.420043400040819,-6.300000928540554,-3.1566577111256433,0.658808739914569,-1.6213952617052954,2.032565445802755,-1.1802069461015114,-0.6833776124783224,0.9895529215005159,-0.7680165841753722,0.3588940793232866,0.6772816079890714,1.9870472905307681,-0.2531174549411181,-0.13887267036321513,-0.24115343007700812
B0042,74,0.0440439244110008,38,Degraded,4.465360911478775,-6.601782388131035,-3.14687569337504,0.46832954617370715,-1.7129631731338475,1.4539232007020797,-0.9680127355899464,-0.29374355217475756,1.3052877380360148,-0.31898153017426845,0.4403948298905442,0.34531615891759476,1.529177724149756,-0.8983535467235937,-0.31097815719903926,-0.27745373420880853
B0042,75,0.0441712513407935,37,Degraded,4.540241068227845,-6.434466401087079,-3.1666267069520218,0.5565191885338231,-1.8658896407081136,1.8620790635779096,-1.115527878912335,-0.5053176633565054,1.1399350044068957,-0.27544055971650716,0.3256886908885062,0.45567309537805367,1.8103005226939524,-0.47155582208876407,-0.1025814173897271,-0.24726288425799156
B0042,76,0.0373152766637253,36,Degraded,4.629640116650998,-6.567655146988699,-3.1974487734178085,0.44315810561961494,-1.9228419702178052,1.4990390403003813,-0.9881736539318883,-0.25204935757565,1.4233591785420725,-0.3329300214875616,0.3550923433619762,0.4079621089937589,1.5883640472744427,-0.9328374185661711,-0.013946300782167034,-0.26113127647610906
B0042,77,0.0374284933256134,35,Degraded,4.541470702026419,-6.5888878225370995,-3.266726727685021,0.4871403402166597,-1.8144548618528833,1.5921929746652759,-1.0406895728727392,-0.3657162024940991,1.3625813384640564,-0.2926347584036857,0.39653064831623885,0.35686920573993824,1.5636344884456352,-0.769403528921843,-0.40317984280278696,-0.28086404748460886
B0042,78,0.0376378682157088,34,Degraded,4.5389242662201195,-6.665982061543413,-3.3300054823621243,0.4327765079187146,-1.8898245276333545,1.5487656233787208,-1.0429359741398747,-0.4334155193978838,1.4011991893241178,-0.7911648792800532,0.49332169901328293,0.45515690315341295,1.247268535029637,-0.5859436381270224,-0.521182551261767,-0.28697653792252176
B0042,79,0.0376617593024436,33,Degraded,4.561250815216822,-6.551261058795314,-3.2563783310967898,0.4873085296566688,-1.8107786571195592,1.5095330297559892,-0.9985151379314274,-0.2791535773349566,1.4009193218919667,-0.33326059532258046,0.32953760093034673,0.4344817132094666,1.576399919962415,-0.9143791602904892,-0.058693179193398344,-0.2621447411761513
B0042,80,0.0377688265118359,32,Degraded,4.349584947471924,-6.083683893874432,-3.655665460720554,0.8017681899328507,-1.3080905718048532,2.5173339035630846,-1.3570619191680107,-0.7883766491428764,0.6059805044244183,-0.06444721834515431,-0.17297371513303214,0.5779668442680959,2.00737626497415,0.19619809790211862,-0.4411590551144137,-0.23209250899680134
B0042,81,0.0379214280306412,31,Degraded,4.258645817981332,-5.926097814040269,-4.2281683526001785,0.756557572849483,-0.9980670353496945,2.4839973188942475,-1.2701638893166916,-0.5839822059104602,0.1694163368145161,0.3886686794679574,-0.6177365647607006,0.9144762540578832,1.4145512096252004,0.17452659941658005,-0.3594795867407399,-0.19335771747453562
B0042,82,0.0379960901744574,30,Degraded,4.65542037259196,-6.3542742959827345,-9.753724362068294,0.4379836469990249,-0.29155980785076796,4.24091592006664,-1.5376823868320006,1.7849135861955556,-3.5157533377356627,5.43405009900072,-7.884640352359578,7.9576070447928045,-6.289491174660528,-1.0745816659525642,-0.839660153892749,0.2053916298550895
B0042,83,0.0381082630479599,29,Degraded,4.338733735570967,-5.959299798074506,-9.40450682554822,0.6766146368829902,-0.17336337347184622,4.443165759577033,-1.5678547191937258,1.051729915951678,-3.8552403750496036,5.197156387772405,-6.847345981804284,8.59442716278563,-5.601335497793979,-0.4621413129262175,-0.7571723805085545,0.23445549788031048
B0042,84,0.0310846157077626,28,Degraded,4.575809382119811,-6.20676388934819,-9.961572744726366,0.589980060424019,-0.24926929763342423,4.6420056735768025,-1.596878617367868,1.5627649628896536,-4.211742731537839,6.075231797994816,-8.104220817347631,9.915671453693284,-6.591613855871892,-0.9477038733085769,-0.4740888160862909,0.31873051701265925
B0042,85,0.0379911138730746,27,Degraded,4.63334415980326,-6.361464339354437,-9.653775168056793,0.4034155921650657,-0.5969445336874436,3.98855790036443,-1.4264210380487692,1.4545072411898334,-3.445818813939078,5.497351689890362,-7.001206765204457,8.59406279705392,-6.48577022938468,-1.0882581286584574,-0.8294649558242282,0.20928193973458467
B0042,86,0.0311350677447178,26,Degraded,4.87046783232782,-6.903834230771502,-10.435526045069679,0.12013444617878459,-0.7727591061115899,3.696065164219465,-1.280985538090588,2.248754664350276,-3.589031057299258,6.2858013214547075,-8.233327891847253,9.825130989014566,-8.238569864935366,-2.0063812466024173,-0.7810116705032524,0.2666823032025839
B0042,87,0.0312972330439922,25,Degraded,4.690059801922996,-6.711918546776957,-10.141563277519637,0.25452038850358905,-0.4963154721461453,3.7889188299093397,-1.3099238603555434,2.0571758912594347,-3.682550544557653,6.109707128351149,-7.958625253295714,9.679145008093814,-7.684693863767045,-1.7252405992910647,-0.8186316344384205,0.261478888607464
B0042,88,0.7188672383039728,24,Healthy,-3.1819120291607286,1.7955102872683661,-0.11275586238791542,0.9440052697069683,-4.8644141429046375,-2.0990214147721957,0.9645766164181602,-4.232558808956763,0.3186390135107238,1.0239620367025906,8.552839631784874,7.395434201282802,-2.1693984321871453,0.6144377326516804,0.13395692240758117,0.07097462812427274
B0042,89,0.7623009644622027,23,Healthy,-3.1087368002244977,1.0617423238555612,-0.605342009751485,0.9218599313605432,-1.5274655526161691,-1.0888874344847927,0.3058989491040287,-0.35800807451225125,0.6573469296967862,-0.2790762161415403,-0.29859870726677734,-0.255099196685473,-0.9322442494317718,0.2705088217959201,-0.21813480417690642,-0.05667338475691328
B0042,90,0.7607636982769739,22,Healthy,-3.017331866067311,0.7734821794695668,-0.5484680114180154,0.7269564908974923,-1.6468021618911513,-1.5560365412283699,0.49106903766859294,0.061814259868270986,0.9069410354728352,0.09843615660686578,-0.5017249258127412,-0.6780577201897517,-1.1608744126379904,-0.25899491334297886,0.09580028385865587,-0.05097936921295582
B0042,91,0.7577661815587976,21,Healthy,-3.279225620889618,1.0086410774625267,-0.6069105055466983,0.5438905465338589,-1.514182403883713,-0.24999838185622925,-0.002702548515782123,-0.6731482233963081,0.3014643923434179,0.2271790322063946,-0.5896355994508544,-0.5826540275278127,-0.29090920776676316,1.080285806492681,-0.6873284920882785,-0.027144169807489505
B0042,92,0.7522124830767277,20,Healthy,-3.793701439968157,-1.1357005559679636,-1.4055976670203685,0.7171999395849685,-1.9104267612741372,-1.5353563560526058,0.7678790156812776,0.7024167026837329,-0.1261299889503613,-0.10394235226822382,-0.47463651052416816,-0.4673578948222903,0.22895348035178167,0.8948181809216091,-0.03041959089650792,0.17644606287475054
B0042,93,0.7500753574749404,19,Healthy,-3.797266625324072,-1.2695336509035322,-1.4572179666496101,0.6652230611492327,-1.9343419185103126,-1.5993506897171412,0.7670263413063332,0.6630577740652926,-0.05802067241683047,-0.04084362573064147,-0.33790256185129924,-0.5614870191521626,0.0021311784835564805,0.9634991556675622,-0.4789360274137785,0.1452356720920207
B0042,94,0.744505613660156,18,Healthy,-3.8672960283762206,-1.3766854770018515,-1.5907578155843793,0.07605667365639052,-1.9440395271487085,-1.7037634755272504,0.8018061064686947,0.8133122856124815,0.1742995728358134,-0.653536017910684,-0.26223512864391474,-0.44375221584253505,-0.2850149311059971,0.6388040087154555,-0.46231862121689465,0.14551643777707163
B0042,95,0.7405074678781421,17,Healthy,-3.7900623592846276,-1.1765648812660012,-1.5484807051208618,0.7166709111549844,-1.9092090565950746,-1.3782213641545273,0.6766975273465163,0.4973594468136978,-0.15364076793759815,-0.005821286346752312,-0.36723950753341406,-0.5447043056273259,0.14217920668233225,1.2665960543037316,-0.5475076220510875,0.15042672485455236
B0042,96,0.738131013874287,16,Healthy,-3.728671181633337,-1.256026589908562,-1.6267421940642475,0.6295806695058943,-1.9543842909321718,-1.5538876019208079,0.7344147811305822,0.597734657295168,-0.01645775071938554,-0.03511129214194915,-0.3449019139570482,-0.6194106989810151,-0.021363185497669746,1.1251200040156621,-0.5562868825726345,0.1414816755890092
B0042,97,0.733127551271948,15,Healthy,-3.5991893859558566,-1.309217796293671,-1.503103120011729,0.5458301949839247,-2.084907423953786,-1.8389174967405961,0.8563466215931069,0.8550194385728667,0.1837307659428925,-0.11800291887994124,-0.3990848192268561,-0.5115761197015761,-0.13275744786217805,0.6768603468801485,0.16113383809262946,0.1712894099749371
B0042,98,0.729664129690851,14,Healthy,-3.7210732287305692,-0.9719620773568806,-1.5686196812303033,0.849170265948594,-1.8679116246300482,-0.8484738738351709,0.4665160464411268,0.18691700173524164,-0.3509401610590073,0.009451878079634254,-0.50183095877553,-0.41042973622969514,0.5843597379068813,1.8598704254575065,-0.4426392762782661,0.17610693940017572
B0042,99,0.7228520788771905,13,Healthy,-3.673932157288112,-1.3324402379384443,-1.7059032682627664,0.6067145214795119,-1.8792033726475519,-1.5578381928229197,0.6934583636000446,0.5358499164032842,0.11739651185545746,-0.6311280348764045,-0.3300049016024207,-0.42095084098954033,-0.22310685297236435,1.2085277344559457,-0.550433717051426,0.1370690516344688
B0042,100,0.7200343044694512,12,Healthy,-3.5123200057382697,-1.4149222130863133,-1.565212408992073,0.43966701717625256,-2.110399187519152,-2.143202344190732,0.9604816749768708,1.0245921354785816,0.41197874615139873,-0.15992228487824905,-0.3605588316025032,-0.5101668655258746,-0.35067872702278313,0.3578074635180763,0.3635576287935347,0.16995201079742916
B0042,101,0.7145156829773921,11,Healthy,-3.6608604307742,-1.2333758599190257,-1.6552285581880934,0.6732509491155813,-1.8153815414475976,-1.3862734380588648,0.6419005283694427,0.48204403502492,0.008063063524455986,-0.039430867970800726,-0.40905987971683433,-0.5286896404818672,0.1304158674355936,1.32296715136712,-0.515237315933022,0.14703560881068437
B0042,102,0.707086094075693,10,Healthy,-3.6194494175501766,-1.3998392406042417,-1.6869613106998624,0.5497749370588004,-1.819023102682958,-1.7899694407696591,0.7845378464915114,0.7141827951025368,0.25755193981904767,-0.08388908046175132,-0.33544543759721124,-0.58494329339138,-0.16511478190545797,0.8826806627107046,-0.48470415942309497,0.1315927682303596
B0042,103,0.707801539564539,9,Healthy,-3.607555242548172,-1.2364506443502346,-1.7152606012911567,0.6427281182325538,-1.86826716451107,-1.3951765730249814,0.6397865703261694,0.45350499145734674,0.04698981935956373,-0.016416916459700778,-0.38011381031301383,-0.5261760624682581,0.10119910839949242,1.3823322961796258,-0.48113751616640066,0.14916319540355688
B0042,104,0.6997205111650351,8,Degraded,-3.5363956063153097,-1.370747801757497,-1.7719449989950702,0.509218062586955,-1.9008854419377197,-1.8563127137828697,0.8020780829586289,0.7069704832784153,0.36339280817757114,-0.7200209264053485,-0.3265615281680324,-0.289413232725868,-0.34493520005536743,0.8576933943487511,0.01903323181421829,0.15967990352230793
B0042,105,0.6979817642897455,7,Degraded,-3.628881327828998,-1.1727889660817024,-1.7005886062433324,0.7119381952557992,-1.6673678144535136,-1.3185079200286907,0.6032753157918214,0.40999802633424126,0.03564069206384734,-0.06824853092045546,-0.44149460434118415,-0.3986621842334584,0.3323310809308537,1.3897202860509317,-0.40149498200426187,0.15785097438252657
B0042,106,0.6964892326315294,6,Degraded,-3.4730340191209805,-1.5199389631542666,-1.73489098182824,0.39003731746665693,-1.942599480130894,-2.2229900319898768,0.9470283979306001,0.975131646551681,0.5592717085317547,-0.1164137263309278,-0.29538146354426886,-0.5713264976363143,-0.44226864983943587,0.43580584767438163,-0.017616535817463554,0.14284005720363224
B0042,107,0.6870386011900459,5,Degraded,-3.5140878325710942,-1.2707128932103349,-1.7377308533281373,0.6029180590238868,-1.8061120591474884,-1.5300828330312573,0.6765892079858989,0.5410476904663656,0.21046835251919008,-0.06816645661885067,-0.41398932895540447,-0.4404981918549692,0.08597280747603267,1.1976603301187985,-0.1916546757022125,0.15886957242935973
B0042,108,0.6876246515001218,4,Degraded,-3.5738480918276037,-1.186753345480629,-1.78348575110077,0.6936722414171189,-1.653647777388028,-1.2805678303600014,0.5710691265662154,0.3501887696894347,0.08259938214228926,-0.04858734799646204,-0.42992474502306777,-0.40966325634381,0.33493343659301944,1.5155883984701415,-0.4931215310284855,0.15301255261199706
B0042,109,0.6835983065427252,3,Degraded,-3.5016975747065957,-1.346243331953667,-1.8587843763560739,0.5616089982324498,-1.7645544095749655,-1.6195730063101579,0.6761631212561304,0.48318171497448953,0.3470221110456986,-0.7217577287173187,-0.30830802522495493,-0.21716130772913478,-0.17801069384826348,1.2365363024478222,-0.2764377575129782,0.15033728592096385
B0042,110,0.678443800391822,2,Degraded,-3.5036180041338363,-1.2913391449363343,-1.7838286780042165,0.6163565151028442,-1.6901325661915292,-1.483644666234239,0.6361011592063616,0.47930853729708295,0.2529603331339757,-0.06629986560472953,-0.4092561031518549,-0.42359133490357176,0.15585946599017916,1.299898002293165,-0.3763421354186717,0.1497051938892265
B0042,111,0.6724660112984674,1,Degraded,-3.504326942328083,-1.1680685659661607,-1.8168399654961598,0.7035016706365342,-1.6674616702430252,-1.1568179497201754,0.5094039226886836,0.2688488343263314,0.09267307014645065,-0.019947527480933043,-0.4597131912054796,-0.3784942326862771,0.37912785936604965,1.6881622237955412,-0.4332562615399521,0.15913961007215682
B0042,112,0.6687345852292129,0,Degraded,-3.465030146327422,-1.1271189430023085,-1.82750003196189,0.7236109087009623,-1.688716003937801,-1.0354050414838316,0.4587518548551399,0.1934832203516673,0.06643623084651568,-0.01982492638851171,-0.48262364373278066,-0.34716005976727654,0.46993034460294403,1.8348937619986037,-0.40517245862571616,0.16453048174287238
B0043,1,0.8568913210634425,111,Healthy,-0.9392488948517793,0.20169302598812835,1.2714364961546654,0.38652424599166657,0.1827994496537953,0.6726921507705216,-0.3717536908165286,-0.4900555444681319,-0.4978021980636212,0.21469032524280715,0.03898131864976847,-0.38359156398483574,-0.0975657564282291,-0.7821426405170194,0.41411527139221055,0.012253743002558463
B0043,2,0.8477840829323554,110,Healthy,-0.981102573843057,0.09303834959222188,1.246961081210718,0.3609094150289719,0.4239231576386493,0.6094185062315446,-0.3780699691743397,-0.5089513839320717,-0.4572992223010223,0.23402904609951783,-0.00595550821852324,-0.5470763450616316,-0.16565300881320325,-0.7614971579139181,0.06704342230282478,-0.01696324206751196
B0043,3,0.8407453186025977,109,Healthy,-0.8881043439488782,-0.03085487183954203,1.1363631496277626,0.7877581169975985,0.4185215590752713,0.4653342226583426,-0.36604467341093316,-0.7253419250362716,-0.5144464301838837,0.36168290647779927,0.07765571769707191,-0.7634811819656055,-0.4677946142393853,-0.32723538073603514,-0.37087962092981647,-0.048813196263249585
B0043,4,0.8393186204766476,108,Healthy,-0.8309765138849009,-0.03548344639632405,1.2034654552099657,0.7556065020262638,0.41108263262899014,0.3440096769184309,-0.31220402105629064,-0.6761524001161675,-0.4472988627210017,0.3357480464627877,0.05022950957039681,-0.675165137216234,-0.420171140358502,-0.4904518793433993,0.047559067954100816,-0.026545520112459635
B0043,5,0.8347084275432496,107,Healthy,-0.8629151758548682,-0.18545616238128115,1.165210981880365,0.7084445479668586,0.4487325706514396,0.34004420947756836,-0.3357479639794963,-0.8006353520862567,-0.45769082164553676,0.40294219869476267,0.09693377841650468,-0.8292759251712357,-0.5725964833785235,-0.2764980431342422,-0.3271155206313486,-0.04491270754998094
B0043,6,0.0,106,Degraded,-2.38478892838595,-3.6378397250506302,0.25222306774581205,0.2298701646581301,2.650003410564606,-1.2859502332525734,0.552732772394536,1.0443533863120351,-0.851221844153745,-0.4832178302998552,-0.05524358858058757,-0.4667506374369481,1.37944606955552,-1.9610904722007652,-1.0097430154168632,-0.0287871085571697
B0043,7,0.8305969260612389,105,Healthy,-0.8539776960798194,-0.25758717298124645,1.318707195854072,0.6161668383846622,0.17972701004553543,-0.15885357362487948,-0.10946585321246712,-0.9852323567438406,-0.320232774912374,0.6264933642583628,0.88717599980132,-0.072980942376278,-0.749054772577546,-0.735714248094071,0.3132230907277119,-0.007272122007827221
B0043,8,0.8253211691032166,104,Healthy,-0.9258865423403282,-0.21677045056060293,1.1239052227177362,0.751842162520569,0.5917209225610364,0.5410303247091096,-0.43256589847783333,-1.104456683571466,-0.5947219682982161,0.5031032964845279,0.10112147013440011,-0.8330753437283571,-0.43441344706155544,0.1412811235122363,-0.5245181523505418,-0.04193943380499123
B0043,9,0.8212136595453892,103,Healthy,-0.8005699790888345,-0.3968538063011445,1.229047107870802,0.5486217465980517,0.5654934999097546,-0.3352305208613268,-0.08990822075655454,-0.47944635050369294,-0.055929063648344865,0.31888409009989466,0.16120617044927454,-0.7048079977169791,-0.8237545447919643,-1.0963525378035979,0.24782207165885026,-0.041039515530931894
B0043,10,0.8176832400520664,102,Healthy,-0.8725534207474972,-0.30325569088948534,1.1124683764772003,0.6707030307959517,0.6536284977959398,0.214833672057006,-0.32476670529205137,-0.9069659706749241,-0.3468228747862494,0.4433032817228769,0.18285031164991533,-0.8168296774022328,-0.6209060432949364,-0.25741386640881125,-0.5638324220822367,-0.06650872101170223
B0043,11,0.8166164379654245,101,Healthy,-0.9529650719643589,-0.23418578802649637,1.1034539424306429,0.21485713548546703,0.6084457187582668,0.5294911422407129,-0.42764286358778975,-0.9651445082965728,-0.3770294278695569,0.4126867166999663,0.2071807530653084,-0.7596859415785855,-0.44130277071838286,-0.16105610489545752,-0.6397979822473706,-0.051485301597227494
B0043,12,0.8129420277193966,100,Healthy,-0.6796750634045258,-0.31704576581596716,1.208941946233652,0.5132769792377591,0.4680596068627411,-0.35905213775389777,-0.0693117432374172,-0.4443685715350195,-0.014066088251523463,0.3066100319358876,0.10605313183896148,-0.6620440241584346,-0.7859591605078129,-1.0668026206550485,0.6398518185647191,-0.014294907415690929
B0043,13,0.8089880873273855,99,Healthy,-0.9173271470948329,-0.19115586925184808,1.0916598534198672,0.21945142342195728,0.6574673413977417,0.5186426424828251,-0.42849017314410753,-0.9346989997920613,-0.32985557560581485,0.4305895467141286,0.21143005547905652,-0.7299824932537471,-0.408265939243618,-0.18180850619457434,-0.6617561320151121,-0.0575541268278817
B0043,14,0.8068326353636994,98,Healthy,-0.7725422278293365,-0.1199520707246828,1.1305334477843787,0.7154356985289972,0.6511870487500517,0.3447361405505498,-0.3608264659780179,-0.9391182885853941,-0.3727263561563756,0.43551253282734265,0.06406392689465859,-0.6651827853364056,-0.3578944647277957,-0.13849487711179417,-0.05018185067604587,-0.028192803112562333
B0043,15,0.802910513309846,97,Healthy,-0.8013010325157401,-0.2652173745928208,1.074334092390294,0.6520919659233805,0.7174641431391058,0.13869280579598597,-0.31065383459976503,-0.8538102939013676,-0.22153783409803335,0.46414457952763666,0.21011509201103168,-0.7723251922690721,-0.6437564550211592,-0.2876685195655495,-0.5795735495940295,-0.07542495707138647
B0043,16,0.8016763980980766,96,Healthy,-0.7171333312367034,-0.19272192560720128,1.0543461100300082,0.632304533241692,0.6020604458445312,0.1462163593650141,-0.30226050126662046,-0.8217129115336691,-0.20481461888106903,0.41697996353526773,0.20006404113378404,-0.7360667969380389,-0.6460678068295916,-0.25168836798751015,-0.37524588036323203,-0.060852504524873945
B0043,17,0.7975671203091322,95,Healthy,-0.7818754625551678,-0.10813367434114021,1.0739410035248915,0.7345164312179204,0.7914559526903389,0.34602945098549726,-0.38662579771971817,-0.9364059291530396,-0.29925037285710654,0.46380001061611753,0.13648733973412353,-0.6713757196956224,-0.3913952037152196,-0.10551104474789814,-0.49800861255466083,-0.06518544594563767
B0043,18,0.7939067772364254,94,Healthy,-0.9229735014502464,-0.0591538969961423,1.0940799963207453,0.3152616145596498,0.8958331770744239,0.6523775112093395,-0.4953796839711268,-1.001753845293978,-0.3247729393544022,0.45363510361959125,0.1651498912478636,-0.5794626914978849,-0.1418271970103018,-0.09496931135337788,-0.7116524132507571,-0.06434555150062364
B0043,19,0.7900300984542122,93,Healthy,-0.7171879345971278,-0.06399447087013517,1.1049691249719875,0.7170287534268465,0.8008970948038038,0.20017692815334862,-0.32620869280772674,-0.7989788828911799,-0.1715796932709891,0.41055451071688215,0.13540140634130307,-0.5463862823457625,-0.3687974570921804,-0.36067395392212076,-0.18860307855000286,-0.056504974211735004
B0043,20,0.787782543939564,92,Healthy,-0.7756342671381057,-0.01649897664367579,1.1137256668390827,0.23780772214640886,0.7884078711116497,0.4520223473952067,-0.4026368516045837,-0.8124878264934737,-0.17034624630554046,0.3741094311836167,0.10235501252229333,-0.4828576685598373,-0.16308183056993542,-0.37540721183391473,-0.03538517404408158,-0.029926739012739872
B0043,21,0.7975084506082104,91,Healthy,-0.6764073717888214,-0.1062680683048076,1.0066646773684607,0.6690037660231415,0.6215659362819186,0.266186666751262,-0.3640977611687649,-0.9175043636070901,-0.18335404707390565,0.34223025132808305,0.28213266025821554,-0.5996978036380083,-0.5955978111280879,0.0007345088910604633,-0.6207344035751056,-0.07311829817477039
B0043,22,0.7949037761288797,90,Healthy,-0.7393644069920754,-0.2508780730569989,1.040338065064421,0.08492857223506192,0.6044481841628926,0.1723647399349093,-0.3173149299316605,-0.658201729529814,0.0037469550056651348,0.39451198907023244,0.22239044775326802,-0.7637791687920564,-0.6967181961764943,-0.38938463777400795,-0.5836360447873833,-0.07061229419520751
B0043,23,0.7903976601048706,89,Healthy,-0.7040252529654349,-0.28952319647072033,1.088245475738504,0.025284257004288487,0.6198314730941744,-0.14965990696331463,-0.187658218508398,-0.41457489945759596,0.19344222607323974,0.38327780721128724,0.2610156109701171,-0.684010559543611,-0.8168338723528265,-0.8648429577880692,-0.284219917149022,-0.07018015939512154
B0043,24,0.7852166644593808,88,Healthy,-0.7219199155317666,0.023169649884740594,1.0553397804526012,0.7948225318044913,0.8990970492553149,0.5199317114542658,-0.4681730464168165,-1.0003817451402575,-0.29701028296827464,0.491125349304987,0.09955874204539499,-0.5753984267952018,-0.22709161144685797,0.18178690936003772,-0.6277502834801671,-0.07055960407452212
B0043,25,0.7821684215948937,87,Healthy,-0.5527034660265489,-0.29570067790007215,1.0389325174595943,0.48692943929702753,0.6168707921337968,-0.3183379479816244,-0.14594415600172583,-0.47637276830768716,0.18770693240680345,0.4259687104695972,0.1818209278399511,-0.757264002256166,-0.9099873026838331,-0.6779232094326499,-0.13194865264191386,-0.07049182727316484
B0043,26,0.7791535089012455,86,Healthy,-0.6348835907568084,0.07418346848552945,1.0899013260681305,0.2247395969358617,0.634513717275883,0.5585150625853533,-0.4435504616650451,-0.8412450365686254,-0.14710318586899707,0.42197172181550435,0.05649542574427942,-0.48578943417672943,-0.12393213559831764,-0.06982986509449833,0.05677042758293141,-0.015353795813117676
B0043,27,0.7768574644886234,85,Healthy,-0.5956417410332209,-0.03265005924004612,1.0953809401580306,0.6845416459450444,0.8214609802622216,0.11994616914026215,-0.31216994695636074,-0.7282290856017076,-0.01335890950445741,0.40125462117121763,0.1574569499599714,-0.4573555720530609,-0.3964724251254218,-0.3160114178231854,-0.2072504660474097,-0.06427571594763709
B0043,28,0.7747641252927565,84,Healthy,-0.7213306818295123,-0.1167493853994837,1.0516115246426994,0.17324903194886754,0.8391499449428996,0.2705112256596939,-0.37237432206833687,-0.6894380790788357,0.051055225910931784,0.43545779231310644,0.22018316821843062,-0.5712327958511517,-0.45090049718073727,-0.3491112962993716,-0.6593431066715847,-0.08259067033880577
B0043,29,0.7712215267580531,83,Healthy,-0.5681984041172057,-0.042325602682291165,1.1006092207176306,0.6587295277241192,0.8465956968915119,-0.012347837267162215,-0.261714733829193,-0.5977565597860076,0.08378840987679965,0.40947104187321415,0.10268318396132999,-0.4589803632123603,-0.4404330659185788,-0.5012995773475832,0.007147658049580077,-0.05841183212617394
B0043,30,0.771281135158575,82,Healthy,-0.6903984080588735,-0.278441785236014,0.9857704539800777,0.05811699499012094,0.7638796668633621,0.014860000954636453,-0.28392061778418115,-0.5982862088848019,0.1789894567086267,0.5079565178822589,0.23463398890064102,-0.743826084885235,-0.7436016081025668,-0.4836239109030746,-0.6425474226547275,-0.08627050865059174
B0043,31,0.7654678226260079,81,Healthy,-0.4779736000073274,-0.25528036845125046,0.9607288363853027,0.4741713301120142,0.6487737546842388,-0.3464026087795081,-0.15453259671423733,-0.458623155791321,0.30337008497703266,0.45964689973638373,0.24703891918237297,-0.7195592758723041,-0.9594578528796759,-0.6057182414059122,-0.33413546434757924,-0.08911208663671152
B0043,32,0.7623866588476214,80,Healthy,-0.6295481372124281,0.011649636638647529,0.9795332300881212,0.20598797287731005,0.8020291845057196,0.45135583471607366,-0.4481217077725004,-0.7942360322683402,0.0398859575578317,0.42635269051113545,0.19694652721116535,-0.5141603102133356,-0.30283874394301463,-0.07508209883352067,-0.6698212576320547,-0.07663646174576197
B0043,33,0.7598371204389751,79,Healthy,-0.4707602988656044,-0.008862631234477562,1.0592117990517227,0.6346394634866924,0.8083559596102986,-0.033602612949556784,-0.26200243912668236,-0.5614847668093248,0.18178904301684318,0.40386037152619503,0.10056003856651753,-0.4315342708098027,-0.4317058234290711,-0.468596690751682,0.038264204536261406,-0.059442549870700676
B0043,34,0.7561848462894342,78,Healthy,-0.5639940332277236,0.14387914734845975,0.9634288911291543,0.7992369187192195,0.9330341708799905,0.5714576736940996,-0.5116144409357888,-0.9992560595395078,-0.14467713817069094,0.5157016787075142,0.0769130893214199,-0.47660738029172617,-0.12416143933363082,0.35565725828696193,-0.6170833886746097,-0.07358335882448874
B0043,35,0.7499572431011985,77,Healthy,-0.5458586034979537,-0.0009888153440531522,0.9328968847184091,0.7052966617828204,0.957155134711542,0.24486206406816663,-0.40300068221986457,-0.8105253223893414,0.07240977458973973,0.47791243833145103,0.1353894279059548,-0.5392028952768145,-0.3767692696378885,-0.012192450275177152,-0.6922084031520352,-0.09573236211097595
B0043,36,0.7462053135594126,76,Healthy,-0.375260533779801,0.03326403142018033,1.0634949991043845,0.5980892072855359,0.7921613990748015,-0.23991838590519815,-0.17605444493980976,-0.3898041438063663,0.35744802175970347,0.33807380560498523,0.04186133482491375,-0.30197037993283904,-0.39555509193798993,-0.8185535289287573,0.598460802856712,-0.0361650068864394
B0043,37,0.746312493976353,75,Healthy,-0.3518999855557154,0.13294676542760847,0.9725679616000588,0.6530628754997566,0.6957471393058144,0.15076337916659865,-0.33414072238529036,-0.6696822535361759,0.1704756971263239,0.3847256433003381,0.08611324242898544,-0.3658260729140253,-0.30800971754474127,-0.16559774498929297,0.12421580636336155,-0.04468910302238677
B0043,38,0.7462012009403014,74,Healthy,-0.27711686953337616,-0.14925030174529988,0.9624055859614499,0.43910709551311927,0.5676096698313026,-0.43465842924917597,-0.1184222883646966,-0.3086021064220826,0.49538881461091416,0.40272798910758734,0.134168874032645,-0.5779744759969939,-0.8301336829044347,-0.7263534043896172,0.24378534147372127,-0.0592270231391831
B0043,39,0.7426510100875837,73,Healthy,-0.5137232124804936,-0.011141253552410921,0.980720277232976,0.139160677435165,0.8276769883003154,0.16127526991752186,-0.3479452301451688,-0.5589474700421145,0.31526959877536875,0.41297578883270203,0.17850237273766187,-0.41122482928641074,-0.3708114987361219,-0.4161210329109761,-0.34795473671203614,-0.07360123641056392
B0043,40,0.7386040635507936,72,Healthy,-0.48202516945327634,-0.0683710014914203,0.9735316811592918,0.08096515748971927,0.8191231583735803,-0.050090675435639616,-0.2685966664202924,-0.4110302957589419,0.4477731606785776,0.3775323877715651,0.17190421914479243,-0.42641500043348535,-0.4990931317464411,-0.6757078245904277,-0.1947849437934081,-0.07420826314514231
B0043,41,0.7347369262590703,71,Healthy,-0.30509982976045574,-0.018839154278255738,0.9219805988199762,0.5514326835119048,0.7147018096359495,-0.14317378240962966,-0.24102206178591173,-0.4938162750070186,0.38176031668354565,0.42491135627589977,0.06592048893481742,-0.49167799143973173,-0.5496486036671339,-0.413173959556098,0.1299905994725486,-0.0572884666599839
B0043,42,0.0285171955213268,70,Degraded,1.2914652287123192,2.7117190457393034,-1.7454783742850657,-1.2659975427994905,4.333930088627032,-1.1976938328861624,0.9411166118780895,1.1845133119363458,-2.4828154170740806,-0.21358252861651922,-2.0630855798154837,-2.6665180539848414,0.43555548367569974,0.6185471551552569,-0.9438372206147686,-0.16056704846365277
B0043,43,0.0285768167447941,69,Degraded,1.2737137216599266,2.852150193839151,-1.4945323890814575,-1.2847900002928951,3.1930247943608023,-1.5215789524798764,1.1626375680924723,-0.14698807176157122,-2.660666122731775,0.7344911728180695,0.761016481228882,-0.3904270527114556,0.14594541999308808,0.8233631239523329,-0.8528221276934145,-0.10953776467560593
B0043,44,0.0286468300296883,68,Degraded,1.2954691863370906,2.9688377694070467,-1.495084265158288,-0.6853707015409262,3.3276370386175347,-1.4483604909076708,1.1239890547900604,-0.3571184101409679,-2.873862699194455,0.8275977468788929,0.7091613962529386,-0.30472994864472647,0.261416294409184,1.1794988354567089,-0.7492119424977437,-0.101927796815826
B0043,45,0.0287210159263902,67,Degraded,1.479602814868729,2.675530912248723,-1.5447140996882596,-1.5355594243092485,2.878968521023181,-2.208940131124851,1.43954780349528,0.2971219743831198,-2.2478806936326214,0.7033468815875092,0.85427660059107,-0.4511002649760494,-0.383111088089683,0.09283796330233168,-0.25829323632453927,-0.09687372569736531
B0043,46,0.0335653105386056,66,Degraded,1.5668956392539035,2.515684699028773,-1.5472057386653033,-1.1469099229212432,2.736085054598979,-2.8160372017920214,1.6598123268093683,0.42091619678107417,-2.071728956881003,0.6495283973201942,1.0082113637804098,-0.39836063060689597,-0.8142583285937506,-0.255278177398376,-0.13888201002321243,-0.11393727041330147
B0043,47,0.0335739096011736,65,Degraded,1.3074359720202442,2.549759000222811,-1.474941704392213,-0.9322539694773384,3.188896915561198,-2.3721775960417233,1.4585894194576807,0.16748304083112944,-2.3482393642614268,0.7440070427428345,0.9095924915886165,-0.44147418380641174,-0.4891874506794273,0.21749812451895162,-0.8671225988786948,-0.14569244026719505
B0043,48,0.0336600060584514,64,Degraded,1.5133216725245344,2.5605619612494492,-1.5124928094745569,-0.9973057166884316,3.0089406330135726,-2.3456788223047766,1.439066928255534,0.20629345673182214,-2.2106541833480584,0.7373734910583356,0.8486138432033569,-0.5054213382824885,-0.4153441700463168,0.27295515832081896,-0.8693085477014936,-0.14878120430982894
B0043,49,0.0339201902580665,63,Degraded,1.5669055722718703,2.536981918713913,-1.5806083185935236,-1.05123499252679,2.896680130575441,-2.412665895042966,1.4653814260442297,0.22754556001829707,-2.167362489975974,0.778655438990432,0.8776093654374848,-0.5806079216469904,-0.5580105411849696,0.2928861403728368,-0.8826010080779145,-0.14925196675732857
B0043,50,0.0339980246360531,62,Degraded,1.9561123287972224,2.7449820173350314,-2.0624546035150297,-0.9094444696381278,3.064441300162452,-1.6056788148654146,1.0995381401485358,0.1400524985549464,-2.209733287103274,0.7747946837552755,0.19727226830927272,-0.9341171565258201,-0.24276585084355887,0.7069079228854552,-0.7509019199188266,-0.12993733103969787
B0043,51,0.0341400557394327,61,Degraded,1.1890036788098546,2.7933583629941063,-1.2977743484063973,-0.7645045436276804,3.171740050896489,-2.028988369746369,1.3508441525189225,-0.34685036775029987,-2.630885573729452,0.9764828218884025,1.400848165643358,0.19117744611406487,-0.03193270655215099,0.8084218625746074,-0.8800897961774214,-0.11802842384477948
B0043,52,0.0342231647156298,60,Degraded,1.3628638600998364,2.86931348134313,-1.5157329279873994,-0.7325397216848706,3.2029846794580648,-1.6954477192317976,1.2045298731094733,-0.21262518740793795,-2.643566558023378,0.843769807514869,0.7223979432403579,-0.30680430504959666,0.09564053466590092,1.0157908753714098,-0.8114862376825992,-0.11067746522805272
B0043,53,0.0342568095739404,59,Degraded,1.2759652827602703,2.942586797033502,-1.5359383223195207,-1.187483916502077,3.153433660076691,-1.3969765193124122,1.1127038153986057,-0.2562739302792694,-2.6847989049623355,0.817769127704685,0.7260796179818186,-0.2573900652097522,0.25689064547261575,1.0804078728521083,-0.8096029299736052,-0.09029786475725816
B0043,54,0.0344370121780834,58,Degraded,1.394898654789659,2.771965940953575,-1.3901683957385753,-0.8458914241771104,3.2638805114846776,-2.192123965259793,1.3956217515627465,0.1510326480969448,-2.332311369425518,0.6861504696606644,0.7469906852486278,-0.20549719359690702,0.02880209227444303,0.4240305366371335,-0.43609216498758385,-0.11225597185875769
B0043,55,0.0282721946608478,57,Degraded,1.3620788037694052,2.6935625783326875,-1.380492187133153,-0.8921413905685818,3.194762785081326,-2.2932705645533695,1.4364668939319702,0.1549353231904408,-2.34737906026424,0.77085198287181,0.831778098900673,-0.2809477048718023,-0.2238576625775542,0.46382763083875445,-0.48255422025251926,-0.11244239553417207
B0043,56,0.0345917658209492,56,Degraded,1.5307998057013124,2.6207993806394936,-1.5586119052375729,-0.9812966649077839,2.9783088195024883,-2.437168817995009,1.4845738608305532,0.2772798553159705,-2.1707800284382923,0.775048312299767,0.7898630878930992,-0.4066736823409733,-0.49895980462908424,0.24663823447262478,-0.3975911614200692,-0.11383015114938456
B0043,57,0.0295610432277183,55,Degraded,1.4392392022130043,2.741198343427221,-1.482727001597407,-0.8499295652963327,3.189976598517204,-2.049698691215697,1.3172392367649517,0.010488335170654213,-2.33152833105842,0.7761883520864893,0.8147362706872429,-0.2945923847421853,-0.029721894432460854,0.7672567896299187,-0.927334773586548,-0.13550526165875199
B0043,58,0.0347806004207011,54,Degraded,1.5810758146666264,2.695207933656705,-1.6241338602098594,-0.9206943764454919,2.9512229779699446,-2.0878154204390973,1.3318690646677815,0.035283514418541134,-2.269446064100109,0.8207369498165709,0.7681004461963259,-0.44300767693450965,-0.29049449338294875,0.7651260992677021,-0.8394111156415437,-0.1276557246228202
B0043,59,0.035089489021883,53,Degraded,1.3974694894140791,2.7580462167690682,-1.446527948066634,-0.8090034556799953,3.2815927954422404,-2.0135088848334606,1.2997641693175894,-0.008938406953054501,-2.3532737569583992,0.7702384506105963,0.7822729850337153,-0.2511990042014328,0.05851562238495745,0.8157792407540934,-0.940032451749763,-0.13442634709800022
B0043,60,0.0351407409193126,52,Degraded,1.6333843223081779,2.5472536333686207,-1.6141614173283467,-1.0623680698935032,2.853772175248015,-2.599986762294231,1.5355368147357866,0.3579093807866013,-2.0068181985483204,0.8053168806343081,0.8233448598568304,-0.4636398936470382,-0.6611532527205073,0.1912171881210952,-0.4545451652256891,-0.12226030240000654
B0043,61,0.0289368210143918,51,Degraded,1.481166449447672,2.6603570431442467,-1.4832791708306818,-0.9251296155666986,3.1539485451297957,-2.336086360834562,1.4242685083937079,0.2004284394825698,-2.152429518598559,0.7470462691018002,0.8039542658403979,-0.3145451631073283,-0.2099148776650099,0.5093263516672608,-0.7477879717783108,-0.13377131108832943
B0043,62,0.0352830927714668,50,Degraded,1.574642758436463,2.888068621321816,-1.6469635281784616,-0.7896889872864351,2.9809898511124033,-1.7192754041734495,1.1966484236962118,-0.20090135548048907,-2.457273804525742,0.8718657741146825,0.686879027277296,-0.3116535887540336,0.027430596556963425,1.2173924865942274,-0.7581830496256587,-0.1027509477725269
B0043,63,0.028994705104479,49,Degraded,1.6128243493392271,2.6740907227777,-1.4074922265341632,-1.0408927863506987,2.9271775891825857,-2.7400550956539766,1.62347220402654,0.5368348046266611,-1.9943012498513801,0.6948323300797965,0.7038800737465353,-0.2271526437114979,-0.4405589948015658,-0.01984440834560163,0.441360122030855,-0.06881026711496938
B0043,64,0.0356463322340039,48,Degraded,1.9235801757866484,2.6422351667497592,-2.0158309802225123,-0.8967704390475999,3.3122458297438446,-1.877362793890214,1.1606396990657069,0.3746384783434799,-1.9108743732607645,0.7243727941488267,0.17992162499176248,-0.809866462391294,-0.30407500011200933,0.5450627398968965,-0.8506537445695187,-0.1477804304658713
B0043,65,0.0357327327883214,47,Degraded,1.976169771104039,2.602505635719261,-1.9664140191881778,-0.9324786835327625,3.059087302942316,-2.0342429501434087,1.22776909328475,0.18054328760638874,-1.8270118169505694,0.9056833106910231,0.772183297803475,-0.3498541801712524,-0.4323034281696009,0.4484414852122135,-0.875879427199001,-0.14727811685808245
B0043,66,0.0358127486896162,46,Degraded,1.907524056892026,2.6927038915904635,-1.9738062428911618,-1.3677774995119234,3.0169061198406792,-1.6881642670098909,1.1153328344622722,0.11050609686146524,-1.865600132938641,0.9118166542231589,0.7779057267614407,-0.2643138612134913,-0.18730556681266824,0.5195538700895467,-0.8977600868288469,-0.12844309276213473
B0043,67,0.03596298178136,45,Degraded,1.240201616318107,2.6452909761619,-1.3222040850653098,-1.397099731131092,2.9124508854165523,-2.4511704618120995,1.5142316519782952,-0.03035756194548663,-2.1322438866652873,0.9019568839476159,1.605669291104591,0.42276382892968134,-0.330113722024749,0.3318707617052362,-0.624116651440472,-0.10306437472570484
B0043,68,0.0294200475556823,44,Degraded,1.482347934972567,2.6166247830057032,-1.4505217158145176,-0.9773262319806642,3.0503813473493864,-2.5671399574968934,1.5227184862880836,0.33629789145919764,-2.069486731577276,0.7682310411794299,0.7660894569082976,-0.33021035096402335,-0.4438324934501084,0.44334860972648804,-0.4030281023523983,-0.11138138645703372
B0043,69,0.0360692674005198,43,Degraded,1.7696271513569566,2.611808465588791,-1.5897802986795755,-1.0738061998258386,2.740675256152705,-2.6884391697210637,1.5711689619384914,0.4844360814770315,-1.839090050180299,0.7459564954378585,0.6830656610876044,-0.3564852739990787,-0.5518944575942467,0.16624752308386134,-0.01569443430603192,-0.09487975227152061
B0043,70,0.0361591785593895,42,Degraded,1.8498627790986624,2.569572469395252,-1.9836630495915444,-1.427803563217392,3.2909180722050224,-1.9449760157713913,1.1945631920337032,0.5736614353806302,-1.697999362447706,0.6292133167854849,0.1832595739877698,-0.75816452862263,-0.3214909029740789,0.24471533846487767,-0.8013052597751573,-0.1405125071050015
B0043,71,0.0296908531333404,41,Degraded,1.4179900488187527,2.924774436963594,-1.4305280753559875,-0.7639161536997877,2.862524691583242,-1.9301633609358868,1.3015067117546235,-0.45959906012718726,-2.4937172647699297,1.1261168508312747,1.3517217244803448,0.2950523468199829,0.02960573978965686,1.4004228776341565,-0.7413437321287661,-0.08781703059476388
B0043,72,0.0364724424281263,40,Degraded,1.4480247288336519,2.616226623686057,-1.406828614803938,-0.9033915086741889,3.2690886795893004,-2.567695607652395,1.5027943600798246,0.38463889402088935,-1.9810212549945465,0.6995023282487763,0.7091768665470357,-0.17855888906143969,-0.2541608816734729,0.31174797127884935,-0.4227734687563888,-0.11862398094309551
B0043,73,0.0365345886703979,39,Degraded,1.3304222753988524,2.74530523648483,-1.4753139417702277,-0.7692610643335537,3.343432142927009,-2.125076166793391,1.3304240983284341,0.017099393495932688,-2.2892704244203514,0.8350985413891464,0.7503750228298773,-0.18121568006257419,-0.08063528722259701,0.9642293021474362,-0.8628952331955513,-0.1209816896138009
B0043,74,0.0365852706406413,38,Degraded,1.3746027065486048,2.707421326446876,-1.4616353556245876,-0.7877622025192852,3.355519508414007,-2.1953003180072375,1.3471929123335993,0.0884265359488159,-2.1834730423919173,0.7931725910491569,0.7376554933158602,-0.15890121417923814,-0.06655381345324674,0.8439352606753646,-0.8745569131175823,-0.12873414112653392
B0043,75,0.0367371514665244,37,Degraded,1.315692930065669,2.853731707022554,-1.4601794074386703,-0.6764645621388575,3.4100353121689966,-1.897204628669759,1.2423458377116205,-0.11327456248379679,-2.3869540847419684,0.8489605437608664,0.6951030286839147,-0.0768670889539272,0.1657119018529619,1.1925162168969994,-0.8518473155201308,-0.11106436138135532
B0043,76,0.0300534879591593,36,Degraded,1.488659616528489,3.0823273593887737,-1.540838542204341,-0.6325994344234965,3.166499878902539,-1.4444910155246855,1.0863287675215907,-0.36149576130809563,-2.581086750971939,0.9323143499953854,0.5522628945970113,-0.12448219258681847,0.4479686200636156,1.8233721693265668,-0.6886153776001792,-0.0768385239327127
B0043,77,0.0369158125497786,35,Degraded,1.3720173867682335,2.845351150657873,-1.492052652221324,-0.6999907698832936,3.3709538331498345,-1.9394159446962504,1.254986222097732,-0.06604264467173733,-2.3227675342757257,0.8518907945278381,0.6648541347376176,-0.09714472986742666,0.12852800317726532,1.1675458754871861,-0.7899156667672299,-0.10874109512662866
B0043,78,0.0302476076537141,34,Degraded,1.2722885996436528,2.8005998242310395,-1.4780258188774829,-1.2211542900720773,3.3069791462906255,-1.875644575089984,1.2465698883506413,0.0034622906678656398,-2.238490918304353,0.8387655207258508,0.7609648000222814,-0.07696429576673501,0.117966482402666,1.0015689094250566,-0.9036867752582016,-0.10614380004446543
B0043,79,0.030302005118809,33,Degraded,1.5856095586898862,2.786092998415703,-1.4266552203920153,-0.8502305125033718,3.160277038031209,-2.395022437738443,1.4443325489840086,0.3178345364976356,-1.977672109070633,0.7366473900000086,0.5991531388254162,-0.027667212366924644,-0.004958003019442861,0.5459749483015075,-0.030890491018471883,-0.08244771676972412
B0043,80,0.030367192161176,32,Degraded,1.7148074935077722,2.6977732035581754,-1.735079701840311,-0.8529254614910045,3.241931213556456,-2.077779413203622,1.26120726526777,0.20459627556262072,-1.9515211796391991,0.804534398151653,0.4601100740149488,-0.409874185006264,-0.16053908325681443,0.9450886195492648,-0.8547131628092826,-0.130572958380761
B0043,81,0.0304982652411889,31,Degraded,2.0724558923414675,2.7389634447822604,-2.0994663337002977,-0.8686177812675636,3.0342399385152174,-1.8280329710015257,1.1330984938636992,0.19626138842143334,-1.800594181539194,0.9076203821618245,0.3322481188888531,-0.5393313427845882,-0.28725322859242136,0.976832553181115,-0.7495556393046762,-0.12250117825460617
B0043,82,0.0305652296299365,30,Degraded,4.057867566608558,1.7561403504403374,-4.0702573243364935,-0.383375089980443,1.3098158158399997,1.6379036646831424,-0.713067619219912,-0.4912978521844345,-0.49661655278575734,1.5445322795210452,-1.1671404041585374,-0.26791840294202063,-0.85857192353746,0.5121861520603721,-0.434964342748952,-0.006344121441851272
B0043,83,0.0306456220549379,29,Degraded,3.9557663347215404,1.1556467181876722,-3.864264462119641,-0.2364529904490935,1.2492329983372679,-0.013843396140342095,-0.09413748106033182,-0.10844911236942578,0.018975519556931,1.7231660754963989,-0.0968421420782202,0.12605850343483924,-2.1141857014607113,-0.7324099873498315,-0.616726234721628,-0.07111563307277675
B0043,84,0.0306516453290204,28,Degraded,4.286428470038618,1.3077949334825683,-4.392215723447801,0.17823927159985126,0.8114048206686522,1.6210893451433277,-0.7793277729843221,-0.8621842230592127,-0.45221675816320756,2.1956141225429953,-0.8794165772972675,0.6858089684359766,-1.6574415076616105,0.3696939393563382,-0.3592353698114279,0.028559256923288097
B0043,85,0.0305758307870454,27,Degraded,4.087909422688285,1.3658659258063415,-3.79833469864323,-0.6962429078067925,0.9694186870942055,0.34741730883685834,-0.18766107473823668,-0.08058824002072454,0.058930819750574036,1.7610094063974593,-0.2355469575528499,0.3309469887133745,-1.6754919512320094,-0.7843749302133316,0.09942270711196434,-0.007880675633328024
B0043,86,0.0307026935960286,26,Degraded,3.826541243001672,1.6388246084709013,-3.6281897340488696,-0.066134880495741,1.618864640538612,0.2776959792180044,-0.13408768630649628,-0.03512177423602884,-0.31015726629005513,1.8034565369180668,-0.3372543298104696,0.6308634697427773,-1.3744710411006242,-0.4825489814963843,-0.2209334713935165,-0.03281219306618565
B0043,87,0.0308789038297142,25,Degraded,4.305156244476623,1.168775913740841,-4.36669191909803,0.08932212085080408,0.7871592241714525,1.3085846785197082,-0.6672290623355283,-0.6839701453072652,-0.2734236667000775,2.2531193523632433,-0.8086556825298483,0.6292596418256775,-1.897929459037468,0.10721379271750853,-0.39969014911021516,0.014185514898888989
B0043,88,0.7625420258259094,24,Healthy,-4.43722569017787,-1.1721346439540485,-0.39730042605335086,0.562770104344544,-4.592936226010069,-3.78774769380726,1.9051968916080344,-3.0094926917749323,-0.3233796769499731,2.0909909983534267,8.864927743560719,6.8806542936261605,-1.234075567212565,0.16352403583229358,-0.8914632450289298,0.22087066278465126
B0043,89,0.7762844056506505,23,Healthy,-4.281298787352487,-0.8713762846962657,-1.067433002539008,1.088592962655033,-1.0935141849089454,-1.218425017527034,0.6693762833542958,0.2711945334735137,-0.615464877801763,0.05669420917322714,-0.2090410311758844,0.012643209248175517,1.047859440630806,1.1360486706045667,-0.8848498015598191,0.1482915695436865
B0043,90,0.7713876313387193,22,Healthy,-4.202982636782282,-1.1522901020454641,-1.0688200459752413,0.90078002519529,-1.0747746096474657,-1.7701429687441128,0.8630002041545707,0.7427235578636148,-0.2616219892544974,0.2834319680332007,-0.31955149918050635,-0.3875326541489057,0.6648857893303471,0.4706082769678276,-0.9161277331569176,0.11697255669192996
B0043,91,0.766596641563234,21,Healthy,-4.095192136704324,-1.3703168825726366,-1.0959107588926162,0.7132380011728707,-1.2130289920008668,-2.2535092532337138,1.0355846222975091,1.0378953316108765,0.05246924247161883,0.23653782025069997,-0.23847885165402627,-0.502856753995538,0.21081077434056314,-0.018281521379861932,-0.786510663928703,0.1015553834569035
B0043,92,0.757636097458601,20,Healthy,-3.4233077904324865,0.8091425129074092,-0.307198397558892,1.01770481486979,-0.6311131734830061,-1.2728339014985648,0.340999931965979,-0.2916684395775128,0.623785447971027,0.5256508641045413,-0.4549003777964167,-0.5510057965550841,-0.42394836371236166,-0.07902331669305619,-1.0811078263874354,-0.12805869066677758
B0043,93,0.7537494880998856,19,Healthy,-3.386989853146647,1.0594057153820906,-0.29041544470621256,1.1597354024241964,-0.5838720755798809,-0.8663352902891844,0.18705891067105682,-0.5311992340240219,0.45697156927321314,0.5781816621279535,-0.47612302432626313,-0.3807482365179883,-0.07548728618009738,0.29774348032262227,-1.0358289641185427,-0.1155680923902611
B0043,94,0.7448144454323822,18,Healthy,-3.378881897784624,1.2937380208906435,-0.39168910951247754,1.2718032378825335,-0.4090143403561123,-0.6021722201148335,0.07244034034324967,-0.6684917487637301,0.38729278130792594,0.1793896889609333,-0.5188728302194172,-0.17027718288001195,0.0750062809888969,0.5363906475674148,-1.0355060299513539,-0.11557551630765457
B0043,95,0.7390389426044042,17,Healthy,-3.281742751170846,1.2136367034370203,-0.38784935672806553,1.163500192426309,-0.5597508097899618,-0.8938428294463407,0.19220312345783225,-0.44035963221732005,0.5619353193226072,0.5623520485239791,-0.4463323454753831,-0.34975503929189716,-0.11267770081519013,0.2014499098550757,-0.9742709141414716,-0.12505131788999346
B0043,96,0.7350017672667233,16,Healthy,-3.2712881196228683,1.1012387236920733,-0.4122179342354344,0.5356765197643024,-0.6108422360835318,-1.2020613018320878,0.3200636232082478,-0.0566113999371559,0.9366198242454276,0.4278874530605691,-0.36962220652041017,-0.32211705180694544,-0.294732568337514,-0.5459553208513244,-0.7598162610575987,-0.12742779574322102
B0043,97,0.7282811590068538,15,Healthy,-3.2113018858503626,1.447873672122268,-0.40801477052686325,1.3072371490951227,-0.4804609633483264,-0.4050749281638012,-0.006083617364760843,-0.6699986873439847,0.4126364626755032,0.5646138620768344,-0.5405530570407138,-0.216883797710465,0.268916791971321,0.6665976848449275,-0.9872274172517734,-0.1149360524353355
B0043,98,0.7229884814151175,14,Healthy,-3.226693228673446,1.7001342782713473,-0.4084238924101048,1.4716173817232303,-0.32619442080193367,-0.00793571894274086,-0.15650067150192148,-0.862391106590937,0.2394795006998316,0.5696095238072639,-0.6077797864608021,-0.038967524936538794,0.6824102909183853,0.9853962425173096,-0.9820870078291972,-0.10584651838273615
B0043,99,0.7162927996234626,13,Healthy,-3.1364584624948195,1.350035289190341,-0.5435633201043405,1.2069969169714274,-0.46219113031264775,-0.6837416499971524,0.06550043533272326,-0.4992392320064898,0.6909137203235765,0.11002111844120903,-0.4547985205663788,-0.15243253059856748,-0.13972065854891647,0.4054089793716583,-1.032840603889006,-0.13846500510606594
B0043,100,0.7098672427331482,12,Healthy,-3.047691454976464,1.336642427279387,-0.47054390475176205,1.127538093186425,-0.5230261069716539,-1.0421400985154625,0.22414027611055085,-0.17266566806903316,0.8844896733861088,0.4762192856530185,-0.42675980965374233,-0.21386201553910275,-0.21217237892111418,-0.15034214581025143,-0.6537166919396296,-0.13442728118481287
B0043,101,0.7006312875357865,11,Healthy,-2.9538023297896823,1.3979905751738355,-0.43495198377564,1.098629763208415,-0.5361969594533171,-1.1960173850366058,0.29928888502914835,0.006970856361411797,0.9915022362007577,0.3972932140207191,-0.511730861761229,-0.10927329085858084,-0.16617806121165618,-0.4584080015824389,-0.06815353839048019,-0.10764397803625629
B0043,102,0.6931472654267984,10,Degraded,-3.0415317060621323,1.43422576330423,-0.576463549248371,1.1991898352529007,-0.39861703780546376,-0.7499220435458667,0.09063708953678094,-0.3462518245902883,0.7872262302661246,0.5220643637638956,-0.4395192824801374,-0.2555283466345039,-0.0841738568882914,0.2422281293069924,-1.0425380375546496,-0.1517596573991301
B0043,103,0.692065128026239,9,Degraded,-3.0515607403262113,1.5218495774284753,-0.5785817959333412,1.260442389719481,-0.3218925368316421,-0.6305708138537697,0.04481884910383845,-0.4206099688581189,0.7406460286612423,0.5444863984530843,-0.42871687498589306,-0.15308869635863082,0.10099474035296997,0.3268788212156981,-1.064958250215911,-0.1502955827620764
B0043,104,0.6825871600935708,8,Degraded,-3.0520625228596434,1.5380502713425528,-0.6060364244930849,0.7064988005264756,-0.40357341167211064,-0.6875205518098394,0.08402881611447802,-0.20146093777631313,0.9587555246477314,-0.004321257444746566,-0.3864207086914117,0.1056329349575022,-0.05014169384257567,-0.08711486216518673,-0.5885365109191312,-0.12266020501797129
B0043,105,0.680754166096449,7,Degraded,-3.080181518142065,1.4799889968932958,-0.6188407594357898,0.7123592217522315,-0.3789356386352254,-0.5696744674811379,0.028122133922768605,-0.2880125270084366,0.8869517594569472,0.4961494174586776,-0.39387629411965996,-0.18889968528146137,0.03850320156087187,0.1516611040858562,-1.0917820308811919,-0.14577460008039447
B0043,106,0.6755008319398585,6,Degraded,-3.0214034794721205,1.5153297304540347,-0.6376903565379344,0.6964167513835274,-0.41599967303699736,-0.644136336169648,0.0611631092944913,-0.21405358759453935,0.9655049976707041,0.4877595049053481,-0.38593848504350864,-0.11776158671344063,0.052500405524743464,0.0037935359661957447,-0.8714208629139597,-0.13751807125920307
B0043,107,0.6641294033632564,5,Degraded,-2.828949331923046,1.6045264133352508,-0.5710072981270524,1.1688452059167769,-0.4001455733799075,-0.9823176150682256,0.19171694130865,-0.01885127917315101,1.0569267924692698,0.4226600648720774,-0.48348783347737584,0.024457132742569606,-0.021159024767275172,-0.2616126174421238,-0.13422421492209,-0.11721872400303955
B0043,108,0.6628603343710736,4,Degraded,-2.902554307753735,1.7134249864506228,-0.6946543835447118,1.314171353306227,-0.2987285422219026,-0.3688333232188712,-0.06724759170720268,-0.5063096166063812,0.7477252208427918,0.5377791823545572,-0.5149976756572209,-0.05029002071378107,0.3347428749327728,0.6027536662933106,-0.8532410381254445,-0.13259842133194075
B0043,109,0.657145485798922,3,Degraded,-2.8018370646495416,1.9108930609207326,-0.6276115520025018,1.350682620671467,-0.33939789520179525,-0.39232218163385135,-0.03657969888691145,-0.4049411816170288,0.8130108994578005,-0.03517127246600235,-0.5644213662508665,0.42257401531099187,0.4134291853872514,0.39678657972994075,0.10554459918392696,-0.07803754658968977
B0043,110,0.6501630047405546,2,Degraded,-2.8505738429752068,1.593794273008254,-0.7048440562113328,1.2115239962510422,-0.2563103483435332,-0.7435931505247333,0.057980313962746034,-0.21154488470266242,1.0138947675547971,0.4948538631401478,-0.40880130399339576,-0.0828717857469731,-0.029862682519109163,0.17208110067059965,-0.9092692307020378,-0.16089513967659247
B0043,111,0.6440535700778418,1,Degraded,-2.8387292713384102,1.6238652299049732,-0.7541628806230033,1.229408979361372,-0.23820538557992924,-0.6495745909034897,0.014436771367446949,-0.272729481145976,0.9892180307117079,0.5209244670429404,-0.39890117697886274,-0.09238488473742418,-0.008149035586362331,0.3098268105775742,-1.0372203693644175,-0.16638077571347262
B0043,112,0.6383900750600783,0,Degraded,-2.802092844199493,1.7657420804373511,-0.7146683663441225,1.3048963553004995,-0.19970067424402962,-0.4701040806221472,-0.04708082452602109,-0.33065875081874085,0.9348108290874158,0.4947511192860384,-0.46799167121469787,0.06629389002939219,0.2674465934081147,0.4014332654315292,-0.7667666269125963,-0.14525595329148167
B0044,1,0.843262777576037,111,Healthy,-1.0192698498406574,0.3524157204946986,1.3353139414494777,1.1066758586451775,0.7745916790331513,0.6555225540852724,-0.43721758261293386,-0.5413428660120904,-0.41549993706623234,-0.4372691088103111,0.08988499564978447,0.1200775594351247,0.12780646940954557,-0.9688250038118241,0.08251580616875749,-0.047445125248779904
B0044,2,0.8312303265819593,110,Healthy,-0.9409824651317932,0.11941395809674023,1.2670191338155723,0.9108490647269449,0.7856738756330376,0.1547578517395527,-0.2620485077993859,-0.23372485026478146,-0.12758558571822176,-0.42114823517616384,0.06783456790836262,-0.13365924626738038,-0.3163849044601612,-1.4341738856409196,0.1288211434733633,-0.06768615010677514
B0044,3,0.8267005377850256,109,Healthy,-1.09224610882439,0.17872772326113404,1.1703378927302528,0.5194353635575676,0.832226347218445,0.8180988787278157,-0.5236988724015545,-0.6539934540877979,-0.3595002132863464,-0.3131998778001256,0.15163681765371498,-0.18715850432964995,-0.0357165389108264,-0.7522808374417496,-0.6015092280876909,-0.0758529615776962
B0044,4,0.8226072951745468,108,Healthy,-0.9209578202544182,0.09238615652569004,1.2065082746303917,0.9129577899011563,0.8097460582889892,0.34546928221760104,-0.3562810473543862,-0.5218993337725871,-0.21879083546051442,-0.32496734587764686,0.12806377823321616,-0.17602632204593002,-0.2649439306041608,-0.9937506306938017,-0.1286428632068652,-0.07037149366824741
B0044,5,0.8178320311836705,107,Healthy,-0.9609787116140908,0.12303900364655114,1.2438969672546407,0.9796617170263073,0.9794423463477396,0.5210769819672444,-0.4378654532513581,-0.687897847454765,-0.3058079660324085,-0.3369449553010168,0.10453537646583631,-0.10609570304563787,-0.08839060304489804,-0.7778844870842858,-0.2500904011734934,-0.07264116113175137
B0044,6,0.0,106,Degraded,-2.2501516614935886,-3.5488889269388824,0.15601599395082294,0.8221995885398066,2.5304700566795613,-0.9504853882530649,0.3810366120551252,0.6817713820058376,-1.004018194945359,-0.9727011034940467,-0.16707840498856877,-0.28937249402649345,1.4612152406913599,-1.2837264078616926,-0.8524133369794568,-0.009213402947634204
B0044,7,0.8133884882573232,105,Healthy,-0.8982781723870782,-0.11430668099078017,1.32831137768299,0.7550072977112599,0.5829490759154322,-0.24098104841361576,-0.12480633312941496,-0.7455221872072718,-0.0072626311372050705,-0.06195134665668598,0.9897135594109235,0.43374019115892454,-0.6462452199788835,-1.3824297542217447,0.12856403605593228,-0.061050888643224235
B0044,8,0.8079857752371532,104,Healthy,-1.1751794430693154,0.3683666109086229,1.2051405664094141,0.7487532627712603,1.244951705644413,1.5481610022260244,-0.8385873663956843,-1.354220215126162,-0.7385848135742987,-0.17607745027963584,0.07618536622617011,0.0036587578800409927,0.6461449709067574,0.23697052940067034,-0.8870093611046168,-0.062147137215160346
B0044,9,0.8038014193324812,103,Healthy,-0.9174825991894952,-0.06794619068867057,1.1638611638664813,0.8506514368962911,1.0211038545936517,0.2174689691686095,-0.35248994364173286,-0.6654198463008224,-0.10830110362284016,-0.2571736514446534,0.21785101424580772,-0.22651540352069896,-0.3825601697846758,-0.8988982271540329,-0.42291849605721565,-0.0940738336194509
B0044,10,0.8001680200715806,102,Healthy,-0.9578910465218252,0.14488857768016333,1.1453185218082524,1.0154230485694848,1.1216524652095776,0.7522336993986176,-0.5575373277790544,-1.011065289652205,-0.39329477327500395,-0.19048292742092138,0.14268369702230788,-0.1399087859666801,0.041109844313259924,-0.2753225468768102,-0.6051829859246998,-0.08247020061967852
B0044,11,0.7989350457495958,101,Healthy,-0.891465666269822,-0.09134947131901622,1.0938157500434458,0.8248996628867052,1.007017154966867,0.22856913324497508,-0.3702004726843427,-0.7193522267551214,-0.08554870874833781,-0.26382621626736324,0.26785858457131373,-0.2723682846726108,-0.4707883043020859,-0.7530265381637641,-0.6468964832131087,-0.1063843062689077
B0044,12,0.7950155132581758,100,Healthy,-0.8949484118381666,0.0917804832151473,1.0978052584755364,0.9414993482070998,1.0590424378902312,0.5993427046111393,-0.5042754968033233,-0.9237054772850117,-0.2812023756814075,-0.1773771453127088,0.16609836735946584,-0.2045838981786423,-0.11470860597816038,-0.35869844531202205,-0.5949084034954348,-0.0868648769066787
B0044,13,0.7908155577826046,99,Healthy,-0.8916776245316812,0.14141209884694944,1.1668957082713913,0.4033274920812493,0.9480878769347664,0.5429117088904027,-0.4433838173156428,-0.6676649120687879,-0.10425308746400508,-0.28690743167438787,0.1645676425957236,-0.03731740235543034,-0.027921311491678497,-0.8499610454457859,-0.02401012793554967,-0.04982472804239363
B0044,14,0.7857278155517351,98,Healthy,-0.8485457456626997,0.28118278856193824,1.168462979426899,1.019805471162906,1.1369002904439047,0.7020983809840278,-0.5254072520062671,-0.9058559455143257,-0.30928464164314406,-0.2287929132163199,0.05493797279731418,0.02527896783313676,0.21100742325929636,-0.4119653880791492,-0.06752849723017894,-0.0536154011647445
B0044,15,0.781610399284989,97,Healthy,-0.9201220827178396,0.259673908913876,1.1476288015702496,0.500497543089075,1.0873817386787181,0.8068290280451007,-0.5535867773170499,-0.8294746982524249,-0.21643534531625686,-0.2666896187603245,0.14444203113067053,0.04341329213540716,0.20653308502381304,-0.5496006920138221,-0.23681170532966564,-0.05571044702614002
B0044,16,0.7803387694122793,96,Healthy,-0.8171225715404983,0.2423481115816161,1.0985072898914239,0.9691578905529037,1.1024520208569883,0.601975215313973,-0.49881366612009265,-0.8587962910261949,-0.22030984304848955,-0.2590604266509198,0.15770717102598977,-0.002877641701145058,0.020332104804846304,-0.4102710324847204,-0.3288959594329746,-0.07487596903069244
B0044,17,0.7761943005657144,95,Healthy,-0.7715104227793188,0.004669355188034472,1.0396866725183365,0.799236720147752,1.0377478155625488,0.15386067241680804,-0.34528688019372605,-0.5858057254435256,0.051459938568064315,-0.21387497798715138,0.23763038230980252,-0.22465534406886775,-0.4366882661247426,-0.8096083741553135,-0.5193428299780776,-0.10656318107138296
B0044,18,0.7722296438280984,94,Healthy,-0.8501573089272852,0.060060996668004074,1.0753845648851883,0.33521875351462116,1.0405654278229828,0.35121421797056923,-0.39999320708761377,-0.5504494820787895,0.08748658240603613,-0.27858895162832764,0.24095119777774585,-0.10754564720921242,-0.23880691788293662,-0.9377558955928463,-0.40642505309285554,-0.08751058313059869
B0044,19,0.7682790670903274,93,Healthy,-0.7902353507294148,0.1206757233098743,1.1224566861090837,0.32058607530469013,1.0128964808594634,0.22076534309865217,-0.3335079223519856,-0.40905184259779476,0.17292858034823932,-0.324090638856723,0.21196008149538478,0.02522161212004644,-0.18397170488537198,-1.196272910996741,0.042961271747485555,-0.06666899641434904
B0044,20,0.7653627933970536,92,Healthy,-0.7753941505637966,0.24540552920942008,1.0165686643650707,0.9604523819486357,1.197127221436894,0.6721795816562414,-0.5480214018859231,-0.9062228404514711,-0.18698496567767234,-0.1625132009291059,0.14372095926780112,-0.07458648447318594,0.043402497363888064,-0.21990687063842274,-0.5856623132839257,-0.09076824559389375
B0044,21,0.772621404121164,91,Healthy,-0.6617431408221436,0.33630125415193646,1.187346511200836,0.916004499561682,1.0223594015415287,0.2994680792198508,-0.3629713603448454,-0.5752133891870149,0.027561071895081862,-0.47261101423932966,0.16303596758855415,0.33447095144759553,0.04576150195706706,-0.8629859046939878,0.4482241499879542,-0.04232311397953032
B0044,22,0.7698572245908126,90,Healthy,-0.7129777547072984,0.22915999561204012,1.145511521943245,0.9119047146507415,1.1519307932345546,0.3688523362100318,-0.41638928507318457,-0.617590783883524,-0.0011898564957280435,-0.3133394532818029,0.10249783459750851,0.07516345951319629,-0.02812937833240565,-0.6663041260334193,-0.09707774578387231,-0.07552673081657407
B0044,23,0.7652678538886882,89,Healthy,-0.6037006100727372,0.12744120841118475,1.1981254905957395,0.7608709434598427,1.0210751968988896,-0.16170438945825172,-0.19701711551761103,-0.22094290507488556,0.3019992494471201,-0.32971367063711665,0.13889694066025307,0.10716795310841419,-0.31198825118979945,-1.3511635734852325,0.4760982199147497,-0.06284302665989472
B0044,24,0.7599867612048542,88,Healthy,-0.6181664856721512,0.04590589248729651,1.1328012082474754,0.7322721321276274,1.0638950535121539,-0.19031366801325808,-0.20615346535561827,-0.23574509657578463,0.3412193562120223,-0.29797249299289624,0.18107250518281381,-0.009137501838640748,-0.43964621704211315,-1.2832512397253522,0.10047310261113214,-0.08899168068913245
B0044,25,0.7568314763422102,87,Healthy,-0.5563515092587584,0.08580627742865456,1.1009516085053186,0.7259833749187247,0.9734433219667914,-0.09648979317017498,-0.23889852026486097,-0.30372152659276075,0.3083538454351152,-0.2894128012602015,0.13605843444677793,-0.028144095425340656,-0.390960591035333,-1.1137525199689076,0.23864217711763266,-0.07231408876756852
B0044,26,0.7506435003496476,86,Healthy,-0.5271752044884075,0.08459006227785289,1.1583286906213053,0.7019084195738446,1.0276637554483266,-0.3072069828890175,-0.15336028194808723,-0.139843480817318,0.4433820596071649,-0.3489244113021581,0.14963501275224342,0.09932903578581659,-0.38827111013377325,-1.4694567876673044,0.5071185987679926,-0.06911084670649602
B0044,27,0.7511907367455837,85,Healthy,-0.6682705590393329,0.26914849805794705,1.062944882356327,0.9154134091430748,1.19308259345767,0.44275249347378376,-0.46252330441264333,-0.6976758152840519,0.023929305516568723,-0.24473764682924837,0.18472326683279097,0.09948470281665696,-0.02608245470488808,-0.43303301841237063,-0.42909119539382057,-0.0943990225715897
B0044,28,0.7490477577138751,84,Healthy,-0.6044390396420175,0.1091757439400991,1.048237694783949,0.7799152642692491,1.0971778469014262,0.0827651850470595,-0.33039497112397825,-0.44094899372077323,0.24553605388855748,-0.21885836926765578,0.20524386899183847,-0.04354890631006901,-0.35835651165835025,-0.7857179131151086,-0.34737867850927595,-0.10423578977301208
B0044,29,0.7453271195688556,83,Healthy,-0.637369410102099,0.3114377576628414,1.0456666722846013,0.9305258648184795,1.1950750937498635,0.5344661023985262,-0.5001090498964637,-0.7167296358325553,0.005915256728446886,-0.17322451928068236,0.11337082977500094,0.05813738873986092,0.04793443906989213,-0.29921136662378206,-0.40397598021363984,-0.08881729535383019
B0044,30,0.7421985819718105,82,Healthy,-0.6622378622777985,0.25504635066534104,1.0493607477979534,0.3711895598861044,1.0939050700297053,0.5253627662200043,-0.47891975219505284,-0.5631498460612776,0.16600158017611996,-0.2338262416625921,0.13064209165805815,0.06149163567330462,0.03352892395483336,-0.6044242208734253,-0.2302005419612675,-0.07260578110379193
B0044,31,0.7362660968115057,81,Healthy,-0.5527099848843271,0.2392445932649417,1.0510089351132925,0.8236169221212549,1.1427857485275155,0.13754405354370294,-0.3454658682067234,-0.44124349543538655,0.2647250298383456,-0.22871805296731962,0.16158100005911072,0.11116168866940321,-0.14681211776843534,-0.8007260028061333,-0.0846537624918205,-0.08853355017479261
B0044,32,0.7331574691056604,80,Healthy,-0.6185858870785516,0.31046062936653984,0.9813270472671509,0.9001500932902006,1.2541493444255774,0.3647150265904146,-0.44176510063646546,-0.6188061425406471,0.13029875212164638,-0.2674633130910138,0.17526056010418944,0.1330719444751096,-0.04507746388180913,-0.4773485544063836,-0.44475525528542903,-0.10213364516837654
B0044,33,0.7335649234438888,79,Healthy,-0.5001479145567526,0.2413880848943657,1.0381051415394025,0.7771400227824359,1.0879563128383856,-0.013819442280817142,-0.27800323228424795,-0.319813674084665,0.3480110104804793,-0.25066772339339966,0.12234974182737308,0.12147041424118654,-0.21627452741982303,-0.9621577378566698,0.22198874737966834,-0.07338325871115647
B0044,34,0.7296929498816569,78,Healthy,-0.4387000790518953,0.10256182583502657,1.0221719556355204,0.647614475532743,1.0096713291913368,-0.4064350131706618,-0.1296762010217774,-0.06831730951377737,0.5769096637309259,-0.3047647908281254,0.16472518648574577,0.0639517668631167,-0.5325110567455353,-1.3826688056040477,0.41183811051939706,-0.07811913932193038
B0044,35,0.7233950684252604,77,Healthy,-0.570390525682716,0.45263693913160674,1.091313362234089,0.40311336613083626,1.1616568825918694,0.387595715875597,-0.40051521383184735,-0.36718223670874833,0.2895318281824972,-0.33003947157469127,0.018323731828617074,0.37318104468786156,0.2881836515508751,-0.9735321252705673,0.6090648731682404,-0.030943539356643675
B0044,36,0.7195334929819114,76,Healthy,-0.5036197592594951,0.42549334459448235,1.0144293860774471,0.9046086511438013,1.2259225166042127,0.3187466622051583,-0.40903574765421913,-0.5239761680070362,0.21547484216081403,-0.2359438399413016,0.03894727967492164,0.2696858597918268,0.16826851700111406,-0.6373590829167768,0.2486187571505775,-0.06099962988768139
B0044,37,0.7194946275231301,75,Healthy,-0.6103216059976879,0.5164210769322439,0.8857374728963812,1.0553547222455413,1.3362571713919704,0.9633899158280312,-0.6902066896206019,-1.0417804263254842,-0.1153491632043643,-0.14099310165384307,0.12794188466715684,0.1807023175906166,0.37862948816764963,0.3542950023201799,-0.8933139788701402,-0.10382135365815981
B0044,38,0.7193099389789288,74,Healthy,-0.37667184289559197,0.12630203022035144,0.9861079793654784,0.6496703854869809,1.014321461109478,-0.3471506919140036,-0.16438830628978426,-0.11352240676081819,0.6163815577197346,-0.26916413835941705,0.14875496758296752,0.07924033426219548,-0.455562567513949,-1.2407310347757092,0.34612007556228075,-0.0802012757225339
B0044,39,0.7156706048326752,73,Healthy,-0.5144352809082143,0.3371247655217318,0.9509249288987285,0.8747838309755747,1.2415653186770883,0.3204841124286596,-0.4348585003161997,-0.5682562479131484,0.2505976610300385,-0.16012320462825805,0.13310984518512406,0.15719696693297625,0.00013957152670391023,-0.4351873959454262,-0.3109152033657834,-0.09521883785496946
B0044,40,0.711486518831734,72,Healthy,-0.5722526993596847,0.4375616065240948,0.9108793931130823,0.9822214259237835,1.366552832938022,0.6576925593555091,-0.5755894561950007,-0.7993207244650219,0.07888120944519597,-0.13046993982227556,0.0924867388054456,0.16866231360452147,0.22500171506296174,-0.01589341659516098,-0.6353103802366321,-0.10251048962099896
B0044,41,0.7075076549872548,71,Healthy,-0.565467202306764,0.2080972259671985,0.903875520235922,0.29200101824669406,1.2103414725305133,0.22490863016541524,-0.39770504777118015,-0.38381293016175994,0.47723261495907904,-0.23137576027710452,0.18011432399134913,0.09192874456076815,-0.13715270312112643,-0.7955371387032025,-0.3915071713252732,-0.10092978817519789
B0044,42,0.0286086355311109,70,Degraded,1.1558935126291758,3.229554322558697,-1.5457170753342961,-0.9292690803106143,4.616061104214629,-0.5242669231888897,0.7246667944689446,0.8253780731031582,-2.883090730717701,-0.8533672110310742,-2.3367775557385673,-1.9032996955747477,1.4588778322368223,1.0565760773183706,0.21452967157480626,-0.06070519571009527
B0044,43,0.0286793735126992,69,Degraded,1.335231566012586,2.9445215762124937,-1.2396570633695534,-0.789671566650848,3.3559324945249003,-2.1277863983076544,1.4144408745447923,0.1820357452149348,-2.4740917639113778,-0.010005721727660802,0.5983984977465582,0.2325883772400803,0.2620790405218012,0.06661242274644838,0.8392585374606468,-0.03806505355759928
B0044,44,0.0287484377272261,68,Degraded,1.341964970578876,2.926927228668121,-1.172808283055677,-0.8292690931949297,3.3571573641898396,-2.439816548130832,1.554311872575539,0.41033964736984857,-2.347416147809238,-0.0570332040664119,0.6018873218513431,0.37982524825269554,0.15399265295691011,-0.4226472588367794,1.4783277534823702,-0.009394469893575404
B0044,45,0.0288154440494426,67,Degraded,1.2490150729512755,3.1365279343629853,-1.4168152131156309,-0.5970964908241622,3.438246998302312,-1.345855017850138,1.0914816192172434,-0.4225963496491164,-2.889727200145399,0.21401247626604408,0.6437179536247799,0.15517096178246836,0.6006561422548875,1.2045882797068441,-0.13396253675138792,-0.06102106697118504
B0044,46,0.0275584566698935,66,Degraded,1.049634609295302,2.977839957045091,-1.1645682461848066,-0.6321880756498792,3.6167697470640015,-2.0381604343677764,1.3717311417692746,-0.05270655275351175,-2.612971841533855,0.00659131820598462,0.8308776449579132,0.5194953792482929,0.4659441758850981,0.2274932858089907,0.34458453994083826,-0.06105319252874841
B0044,47,0.03370377632874,65,Degraded,1.1870583165028377,3.025781117697521,-1.26500088480504,-0.6217829739794131,3.4568693658781755,-1.788964620585254,1.2759183703688635,-0.12105805071706552,-2.692748775305387,0.09637008415785928,0.6420507817596692,0.3210139446861197,0.44857795365246467,0.5249421731017238,0.35473474802564886,-0.04682549904599793
B0044,48,0.0337838265158569,64,Degraded,1.5011272573512677,3.0096001367782352,-1.1983044418589626,-0.7812828728551146,3.172269078272136,-2.15313799176922,1.4294140885976643,0.24310112770620967,-2.3258814105461676,-0.02243024337017283,0.5354620836145887,0.38452091896137447,0.4506923580473882,-0.02823108732604942,1.1335900940132795,-0.01868539868714872
B0044,49,0.0278186552245782,63,Degraded,1.1227476130520881,3.048599022308525,-1.0753917958585906,-0.5487767813941036,3.7482589213107516,-1.7978469235002423,1.2608077755518727,-0.06504124687186784,-2.5962004097725253,-0.01411492439202674,0.6179061601893059,0.550872965724639,0.8462333584982958,0.3892660294518435,0.33234319136597823,-0.0605169203670622
B0044,50,0.0341121663805341,62,Degraded,1.9106154726661808,3.2451013426003854,-1.7088284477284525,-0.6869157156828838,3.2790015117750806,-1.4818658256159567,1.1316492665115077,0.2361080688542271,-2.3338277673892076,-0.031637113675041274,-0.13271238287493872,0.03918283177402064,0.7051121749899607,0.29565558360903776,1.4622553585174525,0.011439901515902153
B0044,51,0.0280262267157572,61,Degraded,1.138970437229497,2.918783592835215,-0.9999409104900819,-0.7230601776004818,3.370944175700181,-2.480263141005638,1.5656115982952412,0.054838438120441084,-2.397117933540015,0.19206888565021749,1.2395997417285403,0.9435633856019049,0.27153970458664367,-0.2149935996176929,0.9498241665218854,-0.030444378336612583
B0044,52,0.0343411006505252,60,Degraded,1.1825091547277133,3.327250216349984,-1.2151183943775332,-0.9531994460448158,3.4300594895518484,-1.1890141331662847,1.081603871881481,-0.2610823508663921,-2.8168251923860823,0.06954910915052516,0.4663045412621781,0.5932839443038799,1.0970672330650646,0.806350147488844,0.8237853231009256,0.01450877005177572
B0044,53,0.0343737767667326,59,Degraded,1.2405297278877838,3.0563195754759986,-1.3513647430186895,-0.6078176690730916,3.4264815564607294,-1.6957278989862532,1.2281591635389393,-0.17748233056491408,-2.681225892138455,0.1709506033837588,0.5988001658490268,0.2794267187070828,0.446863214229595,0.7783442357763826,0.2566481840729271,-0.04450382390358942
B0044,54,0.0282571994567374,58,Degraded,1.1014458201993103,3.1556316924637686,-1.2258306668534094,-0.44563434279433584,3.803853503085387,-1.391480808956282,1.0834718135556356,-0.3645824609409757,-2.7639805832052144,0.09944353472735691,0.5870912148096713,0.4810287525714594,1.0233593420723235,1.0495743648861533,-0.23477128918185866,-0.07500812872787725
B0044,55,0.0283665359269368,57,Degraded,1.1171786553249388,3.042904090029284,-1.1462165025944895,-0.5629308647130494,3.6732441397053384,-1.8153737379881956,1.2688010069421842,-0.10652595664723237,-2.628959199440923,0.12863187333170137,0.6427083845346626,0.48259634461156037,0.6518722797927259,0.604509107123361,0.33461435609201634,-0.04990474735232569
B0044,56,0.0347066878180087,56,Degraded,1.252737432292663,3.0626052366174212,-1.3921454029295035,-0.5663581636339234,3.4676146519341637,-1.5154926895380096,1.135940435331154,-0.31053127604983727,-2.701199246427723,0.23868976459504662,0.605233221841471,0.24652391478700403,0.5428835779159589,1.0764744994720454,-0.16268395289037355,-0.06437288198999823
B0044,57,0.0296588322233247,55,Degraded,1.3831435332131237,2.804658389225662,-1.1469579227324649,-0.8295852814958397,3.4353201824866635,-2.6063819647637088,1.5633579773677968,0.4779005799247101,-2.014791423000089,-0.05535163817495542,0.6834353169291767,0.47612370873774795,0.2494305914422002,-0.39615044705764857,0.8238959353615466,-0.05972239999798301
B0044,58,0.0349085362681136,54,Degraded,1.452756429678459,3.1493960345332503,-1.314082534607724,-0.6140128245871465,3.288763481368552,-1.6451581419086296,1.2063911165751382,-0.13177455141371008,-2.5314531509734395,0.13978611486434792,0.49319846389776606,0.41166440550901956,0.709619766829305,0.8042932349092329,0.5841955349902258,-0.024492561422772834
B0044,59,0.0287321754484703,53,Degraded,1.26916751957001,2.933952899360468,-1.1467375263383561,-0.6623350833806387,3.630056633432409,-2.155891255434081,1.3774390236495913,0.16801385579753514,-2.2606279066313744,-0.02027797593751221,0.6277956957816706,0.5397911583888376,0.5922266855390992,0.15908131589350044,0.43211267875106163,-0.06541374601290773
B0044,60,0.0352688719199684,52,Degraded,1.4455677498475321,3.1863303332462136,-1.3034256266610618,-0.5978202446024132,3.2893900677764636,-1.6781455039311906,1.2277096991903067,-0.11041705261345676,-2.5323941609185923,0.1329659917078157,0.4790589796923201,0.49284500740780335,0.7225038217019579,0.7561178453762928,0.8262666646341071,-0.007681285744933997
B0044,61,0.0290273302617224,51,Degraded,1.3059576759266045,3.0815181990125207,-1.140396608464333,-0.5945387998598,3.6117829396198333,-1.9703312392296428,1.3187867597137335,0.08419669552320892,-2.343041876093804,-0.017932549046733297,0.5371763163644109,0.6470491651307997,0.8382954283529805,0.33622306200460045,0.6938153378646804,-0.03923971153421511
B0044,62,0.0354199600764553,50,Degraded,1.4230719185040013,3.0077193815333523,-1.3258119161719952,-1.2240253787867108,3.169069757899725,-1.8947794292961526,1.3133998069922606,0.16035129727367067,-2.2297843187753514,0.030493165190254037,0.584619840846108,0.44048502764076786,0.46430952495593775,0.2841287227444573,0.7421686094700766,-0.01756241250575412
B0044,63,0.0290859180652629,49,Degraded,1.199180462929229,3.034414253217311,-1.2248886432885273,-0.577492616508781,3.6383967595358886,-1.8531716370023203,1.264949893830086,-0.0662781542187466,-2.5017679764281477,0.10122711917207906,0.5761357728286038,0.4815813422099605,0.5890281453983397,0.7004303194482856,0.35218475112648284,-0.04718312091310787
B0044,64,0.0291525785639914,48,Degraded,1.6298579717565962,3.0015651842750004,-1.7138270215526703,-0.5652317789855138,3.893800596090302,-1.4682722514846986,1.0229451453716933,0.1603331760102855,-2.179961464443314,0.013212662982334226,0.0059219545140557685,0.02770939186322584,0.6609658891395741,0.6104370693728883,-0.048612407791840784,-0.08993543502545658
B0044,65,0.0292279633468388,47,Degraded,1.699085813199689,2.940181281184904,-1.643676094353475,-0.6213879246700788,3.624559997042455,-1.6752335165212013,1.1082296124184643,0.0049107307592376,-2.0599669721236475,0.1853534048758607,0.6023154006473233,0.4831397135158156,0.4960484662097129,0.4598407175446788,-0.04093973906767026,-0.08979454558245549
B0044,66,0.0293149305531935,46,Degraded,1.7938274963476322,3.008943071734895,-1.5941960154833619,-0.6401325963178109,3.5299084801036282,-1.802092877030113,1.179113138552782,0.14773330620297076,-1.9709253619631149,0.1566914290692093,0.541554192902393,0.6226551730510874,0.5676129110351693,0.1836108852667951,0.5931199824490905,-0.0549043556177613
B0044,67,0.0294501660919169,45,Degraded,1.0744162381019522,3.0049323958300445,-1.0545764364626855,-0.5669246102407915,3.462843799417236,-2.197256315414284,1.4201204285347453,-0.2773714600099122,-2.4287767377483904,0.26166211622843893,1.3649289063895336,1.229507140439448,0.49725715416773963,0.44710232490209023,0.4319303081989737,-0.04078689808776136
B0044,68,0.0295323385100552,44,Degraded,1.1435500692282752,3.167601880280907,-1.1645400081009665,-0.4562581213311961,3.7122832787979787,-1.611954818607453,1.1745630973940127,-0.2134430459791129,-2.6189448762722507,0.12190607453198335,0.49385855041471344,0.6117761421287679,0.9107261374451288,1.0254967872415677,0.3444395120847515,-0.034650633928804665
B0044,69,0.0362028999142203,43,Degraded,1.3566889356314609,3.161945138251302,-1.3580230827374777,-1.0462761229423494,3.302858022170756,-1.3630611680725189,1.0871102996559663,-0.18728901903174672,-2.452191345970409,0.1478201732389098,0.4853652971725918,0.4515077306640619,0.8634982080368746,1.069585323626398,0.18143116124077688,-0.027737864125684082
B0044,70,0.0362781642344582,42,Degraded,2.0297438996972024,3.07053722230405,-1.993706177148299,-0.679399738334608,3.2699051280437077,-1.3607049811007805,0.9901258740999505,0.13032437444761763,-2.070884847974494,0.1256787918919619,-0.14783549102123714,-0.2070738161867502,0.42426705466516895,0.9273836551596145,0.30932220378276787,-0.05036446946425336
B0044,71,0.0297961149445479,41,Degraded,1.2194362659762532,3.0750149394617337,-1.0763503465917277,-0.5959020320791957,3.3241737809690446,-2.168139858261301,1.4171323615540017,-0.20926915516124583,-2.3791178337327095,0.336190939059217,1.2049867698362895,1.147670452752527,0.567853948338783,0.5446895818323344,0.717285921801534,-0.019106155199808895
B0044,72,0.0366085451138429,40,Degraded,1.609186106096663,3.071784650395284,-1.3178622270666043,-0.7322274471611699,3.138555521252368,-2.1710504290036767,1.4058236101224706,0.26586307384142016,-2.125378022528369,0.0631087603009659,0.38862987431860685,0.4887271674848388,0.4488590863785635,0.3608655737013646,1.2619898218226964,0.00424734916264301
B0044,73,0.0299205042499348,39,Degraded,1.1210448519566545,2.916005025671425,-1.1520632242077422,-0.5846332538728063,3.804837578208068,-2.271592895315528,1.4086622451634765,0.19211868629205694,-2.2292608069288318,0.02936280603446606,0.6042661639460059,0.6590084133391616,0.4701553332672894,0.25565405049307427,0.49210743054232975,-0.053948025737127946
B0044,74,0.0367217352848578,38,Degraded,1.5767196216348838,2.9014445612744364,-1.3864430545992636,-0.8093294260827547,3.137222360026855,-2.3903522310848166,1.4677704629505044,0.32295583097561015,-2.0040942413081195,0.11593559055355447,0.5288067693154336,0.3681229092713117,0.11791171530132212,0.2726486313168155,0.843493686632865,-0.028934164635802673
B0044,75,0.0368686980296163,37,Degraded,1.399710482484223,3.156832873201512,-1.369193501136942,-1.1084404757073938,3.199457375827619,-1.6910883743345906,1.2335136396502722,0.02279453201365272,-2.3126602417460838,0.15285393524072996,0.47375595188089525,0.5398779476520382,0.6447152194337196,0.7510436731466239,0.8343671163898464,0.009144995317166131
B0044,76,0.0301615624486371,36,Degraded,1.3204121858326578,3.4536234824299967,-1.0784658393629019,-0.3603922105236734,3.6436685043714863,-1.4760164401457294,1.154114339068126,-0.16346127364312127,-2.5909406367500467,0.08335236142833365,0.26204581220854734,0.9748418662480862,1.404566722278942,1.0142591306560567,1.4337602493995816,0.042441639192730314
B0044,77,0.0370480598911717,35,Degraded,1.4562167098970507,3.095147237809103,-1.5005543478362917,-0.5980625532189814,3.2863692089091336,-1.6687566303889712,1.1738286919546443,-0.19757134290326786,-2.409893676172932,0.28136230569698023,0.48914280608742694,0.3348083703956089,0.4738079540340334,1.2759035577416933,0.1320942100696489,-0.03838851488606962
B0044,78,0.0303585752664774,34,Degraded,1.1534004599803287,2.931450647573921,-1.1657667303919905,-0.5631572149702979,3.804336500661098,-2.2320604497797216,1.3810784301318724,0.15597318685723077,-2.179386500731693,0.04964658106665137,0.602217490821246,0.7155422232675954,0.5318922713467115,0.37968414327492866,0.41354386913270996,-0.05577999771537845
B0044,79,0.0304142211469898,33,Degraded,1.2896911867243515,3.0662633191575246,-1.1375394817984863,-0.5148466481211114,3.761108419404336,-1.9942211903645022,1.2912749224067064,0.10041770621305224,-2.1938547350604933,0.041085015963285794,0.45157439066280386,0.7772274693800018,0.8766504292710401,0.558918616271371,0.5991290620332654,-0.038840781716207244
B0044,80,0.0304644222239911,32,Degraded,1.3858455479131262,2.9988832551682414,-1.428654340438914,-0.49504464622204153,3.889573423810465,-1.6240515471028905,1.0879495909465249,-0.05032946528703119,-2.210979537547021,0.10786281020959404,0.31362301879905935,0.41114789263370655,0.7830100019750922,1.0354343136728914,-0.29292482218000426,-0.08876753208250486
B0044,81,0.0306101936828101,31,Degraded,1.797634487443988,2.9004000948167197,-1.699568416764004,-0.6855431153391047,3.610757348923547,-2.0461080738849335,1.240617566552469,0.41475551997840066,-1.7391791477964538,0.08354539743630061,0.21793211895484288,0.33259825660854575,0.33510877966266467,0.22638762282475708,0.48539003423103544,-0.06570535406012552
B0044,82,0.030668387913458,30,Degraded,3.8851568184214424,2.586452863074095,-3.1611196531239547,0.18516458457212645,2.0666593813194494,0.8000339501093823,-0.20858633729926523,0.18622560634594876,-0.6695715036282947,0.4990649515638369,-1.3649825445503778,0.9226149186943802,0.32624389051144,-0.44820839820535335,2.443955177370098,0.12687653785513542
B0044,83,0.0307510979966543,29,Degraded,3.405668946467544,1.8117851592555514,-3.286790670303653,-0.03919591405291263,2.234240506416069,0.006500936182836678,0.0033357754995970964,-0.08624607824526997,-0.4761504772872135,0.9347131735387152,0.021944570397404797,0.8006997615815743,-1.0567812723467145,-0.4747526817864606,-0.40634704408590844,-0.06542181851434034
B0044,84,0.0307718228114513,28,Degraded,3.7453697778084214,1.5728239565745963,-3.6714280960807413,0.027470693953557675,1.7836707195222807,0.5751849219196926,-0.2973020096501022,-0.311441532893234,-0.3668004754615796,1.2012036130509338,-0.2806236126543299,0.8315420690074213,-1.3299218385920915,-0.1918189723029833,-0.6739792341697393,-0.05505519025963716
B0044,85,0.0306841414909537,27,Degraded,3.601128563580097,1.962090935667732,-3.16018130148183,-0.02130482750727302,2.0547101799218774,0.10426813762060252,-0.012461205099786718,-0.04559954892886886,-0.4266428438928905,0.933258468854517,-0.12081878895460503,1.0038413501530195,-0.7400591654160861,-0.513291338595903,0.34097839805745844,-0.016814461330268506
B0044,86,0.0308167544443699,26,Degraded,3.8181648909838013,1.854505945342335,-3.746400798398223,0.17555558625670184,1.6983007521770432,1.163971798254461,-0.5129582392089242,-0.6525760221499547,-0.6231576014420288,1.3318809546142532,-0.42020513126015874,0.9026731279900744,-0.8351718066391675,0.4834049645364027,-0.6867941588275833,-0.03007127012442578
B0044,87,0.0309905154379743,25,Degraded,3.858800655669217,1.7290233324215682,-3.4466118287601395,0.029435293851153937,1.712634382655747,0.3222172663894912,-0.15075929994268755,-0.023062721370069008,-0.23550499041724846,1.0864940806821204,-0.43547726133159786,1.1895987636419074,-1.069843071979562,-0.7303707371231922,0.6899707952759984,0.02213401170342482
B0044,88,0.7389977255585538,24,Healthy,-3.721208955344864,1.907647815806085,0.4661623036509624,1.3655117756883248,-3.515880362919075,-2.042368201049232,0.9072064165983467,-4.2964637119416915,0.1706043001177029,1.8451175059226423,8.635194829703154,7.659667923782011,-1.1349286493967157,0.00939777601384174,-0.9451252236760832,-0.034208573556305015
B0044,89,0.7470599357238396,23,Healthy,-3.439641137698216,1.692760901710155,-0.25113594796277644,1.4648416605676768,-0.23172423361529554,-0.8302523899976567,0.17914290468309604,-0.13288798686176204,0.652959995660753,-0.5227985933941834,-0.20584804636559068,0.6239818459333505,-0.0001601539683903892,-0.49697193134626233,-0.5892613101507275,-0.13945775489528736
B0044,90,0.7440039100565865,22,Healthy,-3.4652368623802845,1.740024365808964,-0.30463144024611816,1.5557825689658455,-0.09210077277598104,-0.4164492741257033,0.0006504650109878611,-0.310257167938117,0.46817906517637864,-0.14336808711386673,-0.43775974593050615,0.28491334935018786,0.26969040846564174,-0.004081455349660304,-1.0976315848148182,-0.15887106019875866
B0044,91,0.7374169296358554,21,Healthy,-3.409015599042953,1.6193854888731518,-0.3095361174428542,1.4589188889359606,-0.1004048537558955,-0.7188632713610065,0.1042174428018281,-0.11244723925336339,0.6799156596449061,-0.17927405327233176,-0.3766704268212842,0.252734296599414,0.0330801530372529,-0.34770277635182945,-1.063913067339142,-0.17354660037308933
B0044,92,0.7302189022392783,20,Healthy,-3.417016361812143,1.7153543899179375,-0.3389820801617855,1.5213107367991625,0.002132854463099609,-0.5166063662326962,0.023042876753035534,-0.23943400066846965,0.581827835367869,-0.18111117196326293,-0.42829597098431166,0.28573775458635176,0.2341829674109725,-0.10837992743391953,-1.1116278904312795,-0.16814949341533314
B0044,93,0.7261904207883595,19,Healthy,-3.2848950503199483,1.62523495853085,-0.31898769750231726,1.3826620214210452,-0.1776561738108426,-0.9437615317387172,0.1975451537969443,0.057830982833405147,0.851143491402044,-0.22648465156606035,-0.36835144744208975,0.3426683392017933,-0.04971465769803994,-0.6507735702691962,-0.5702266588903948,-0.15355342482217735
B0044,94,0.720551444182493,18,Healthy,-3.3213518617010083,1.8689024282772118,-0.4336933674344231,1.5492103512142026,-0.03366617959872219,-0.3899565611585382,-0.021432406174320632,-0.3239164890337934,0.5751578356288118,-0.6031337480230237,-0.4772224638589117,0.5610841116370108,0.3302146217645782,0.016521742001890372,-0.6317600338282504,-0.1333308820394937
B0044,95,0.7150177989205344,17,Healthy,-3.2767754036546513,1.84062206224557,-0.39467327010013775,1.5067179522165524,-0.09101820036471764,-0.5677571488602581,0.054886691837608484,-0.15006082307586674,0.6873247648368599,-0.20776441863139275,-0.42856838885463006,0.4591979724231808,0.30773422913183635,-0.25795626133015365,-0.5838446119042042,-0.14042104176221074
B0044,96,0.7069716483599515,16,Healthy,-3.2685213413227387,1.9539132756360629,-0.49556142255970986,1.5643388631126929,0.010904387761601183,-0.37910462136832934,-0.027006171128012194,-0.25027681495730647,0.6361174142608362,-0.206171559104846,-0.4401563134582707,0.48510048631992697,0.47161932574475074,-0.060572009622850156,-0.7994854831226227,-0.15149735004848477
B0044,97,0.6986333748725158,15,Degraded,-3.242527314668119,1.8676485090685442,-0.44954759855410736,1.5273571716528027,0.01254453486318136,-0.4587314502759385,-0.012128366349244335,-0.16771272599722814,0.7128571661839678,-0.21615214366910238,-0.39031380224824036,0.4453331834939511,0.2606874312871686,-0.10616188871914622,-0.9215831541132702,-0.1664949412755444
B0044,98,0.6932687938412937,14,Degraded,-3.2893245691145894,1.9806225583139478,-0.5209536321927019,1.6305121447689737,0.11511207470278736,-0.11759043282859372,-0.1535814015004174,-0.40202007452947586,0.5446029976239024,-0.15011907460824006,-0.39779343418371826,0.4533253504369563,0.47583877529915014,0.3258054701342688,-1.2861288776885698,-0.17629714142127934
B0044,99,0.6862376842862349,13,Degraded,-3.1377400479896114,2.081345000936899,-0.47719885547779267,1.5868006107278427,0.0375951974960145,-0.3050911003112662,-0.061291399823966836,-0.2077475922476619,0.7018352326774108,-0.6960208623542193,-0.5125113308654292,0.7960347580498667,0.48021209792292224,-0.040991030841053544,-0.2255269931313047,-0.1200257483613284
B0044,100,0.6799296974406406,12,Degraded,-3.1369621820391065,1.9194886933190158,-0.45682345941690833,1.4816802603103687,0.030585096947231074,-0.6684406144922729,0.07404480937913895,0.04706593698161538,0.8840998818713434,-0.26579731346475627,-0.3910308110444928,0.5697788670406209,0.2225937662426803,-0.42920552294182984,-0.4681586480047351,-0.1520670322628429
B0044,101,0.6743366705196132,11,Degraded,-3.179669586369111,2.06089096408268,-0.49803576745339556,1.6077891861464189,0.1560155873858219,-0.23083918262252937,-0.10205422139582875,-0.23566141191485446,0.6549918091226908,-0.20076544978974606,-0.46424993045981017,0.5741394077787539,0.5294991900904379,0.11161384720053981,-0.7444951725748177,-0.15100823092033633
B0044,102,0.6667129466602528,10,Degraded,-3.1593866416232683,1.9442650335703604,-0.5491833237771043,1.5317318534301587,0.1729796567610993,-0.42443880478602286,-0.04537865446190654,-0.13612632368828576,0.7912991218696894,-0.21184695291821923,-0.3844175566439052,0.4904035272581822,0.30890671909935175,-0.030522960936989092,-0.9722144194969659,-0.17537636038197377
B0044,103,0.6693896540537914,9,Degraded,-3.1674469535388994,2.0258794252416066,-0.6381256368500237,1.6129011677697132,0.16359708105568496,-0.06553119473432296,-0.19333626502098902,-0.4491090490995952,0.6310059100500357,-0.11383174471591749,-0.39993934287998134,0.488936861597125,0.5581073378246851,0.4471319724468513,-1.2512861568201876,-0.17501597344092495
B0044,104,0.6576660201508499,8,Degraded,-2.9639737637439403,1.910109559201153,-0.537103103482569,1.350565706263242,0.0012997267620253696,-1.070310248651592,0.2258126053925995,0.324521965193271,1.1889461512713222,-0.8153052493641895,-0.38087337344462696,0.8307915041724059,-0.056778012913088385,-0.8838320736119093,0.28383431771918494,-0.12455932779323993
B0044,105,0.6614816640550405,7,Degraded,-3.0705233551600473,1.865688738240568,-0.622545096603364,1.4561277942689752,0.11623601199976581,-0.5824696215881054,0.0030277032403288624,-0.09108396011696425,0.9466927238598752,-0.19964987760115996,-0.3924073058357792,0.47196176861149763,0.22677105487980512,-0.1698523581281491,-0.8005784328541755,-0.17038498173374986
B0044,106,0.6543495762077537,6,Degraded,-2.920552546837819,2.547528275805439,-0.3940446753025581,1.7414604091268437,0.1076998731707638,0.0026153098940674617,-0.13045140056886562,-0.21932060832992498,0.6305245308925747,-0.33815820573254574,-0.7782660750694075,1.1914334905925617,1.3902790877635316,-0.05150638669670372,1.1375995221377382,-0.026126097931499
B0044,107,0.6448749791950218,5,Degraded,-3.035886825113382,2.1744101955491675,-0.565652446106849,1.6051628294141855,0.2254482507528606,-0.21793519541299688,-0.11411895573650618,-0.20946323528724928,0.754444727924706,-0.23305196212220142,-0.49148485921963814,0.7442189292209482,0.6575409291000436,0.11788780788896235,-0.3638999373683561,-0.13093946944032878
B0044,108,0.6453086295452082,4,Degraded,-2.995896874008927,1.9592342011982962,-0.5880884875286718,0.9121517589399599,0.04901628923352967,-0.6575609391369909,0.06718235770459026,0.19529920183222638,1.1915723826349627,-0.3526444527011818,-0.4241563652304417,0.7167344136955923,0.3969067371838012,-0.7217095095998425,-0.029157676016174777,-0.12518873338568964
B0044,109,0.6376005626721083,3,Degraded,-2.9956807576773974,2.082352557786705,-0.6989979324681924,1.5352308050269239,0.22149075509961433,-0.3413343208343334,-0.09743602452272711,-0.22602161892917308,0.8978448556293952,-0.698139272591905,-0.3711616357423707,0.8623537146830289,0.34222330156360553,0.13535534498906152,-0.5418230598126828,-0.149166739894643
B0044,110,0.634303632868729,2,Degraded,-2.9084124757840883,2.0120544730794436,-0.5949681008224667,1.4389828988629147,0.15618498527079933,-0.694426840074399,0.05722464731215169,0.09849748230177172,1.0873358722297526,-0.305766937034261,-0.4490530312679518,0.7093088698438542,0.3241250986545407,-0.38932485402073114,-0.07530176661084026,-0.1348320750886291
B0044,111,0.6282879986612988,1,Degraded,-3.0855641661488806,1.9942512857866963,-0.7064594848429948,1.0119199267734627,0.255622635357389,-0.22638956154838363,-0.1376107940070835,-0.1278606591551273,0.978161038888028,-0.2208716860779336,-0.33232294745650864,0.5981139106581285,0.4156577455286889,0.015684808852765582,-1.0023201093400291,-0.17025197041342216
B0044,112,0.6243127254660434,0,Degraded,-2.8600617836435513,2.010972716839533,-0.63786815311525,1.4276175783856597,0.1817779565015892,-0.6921997296995811,0.04463426177281141,0.09293191194807483,1.1419784303400908,-0.28638682904812646,-0.43053340742315704,0.7227506619481019,0.3240131062380471,-0.3657999027549559,-0.13610363161867,-0.1419059658174758
B0045,1,0.5409896940389759,71,Degraded,-2.3665580628575738,3.29822756531138,-1.0048153968465106,0.76433022666257,-2.4874325943636775,1.0362611828138604,-0.16110205024785174,0.49146737867295504,-0.5171792611359397,0.3668263900964126,-0.27728762798485895,-0.5224498167092645,0.14221610176046234,-0.6885823073987207,0.5608090124007972,-0.07737645313027205
B0045,2,0.4639762023741365,70,Degraded,-2.1402757090492774,3.006841912903694,-1.6417491069313934,0.5577432465533347,-1.5524079226371335,1.2208520004123518,-0.3793196489060741,0.7237253127059804,-0.2935852110611368,-0.7552068785490227,-1.3334997571086904,-1.479358981185142,-0.26361851754467214,-0.31510658209045267,0.2198974091758204,-0.12272937365816948
B0045,3,0.442596804205788,69,Degraded,-2.016847921122628,3.1749052009372316,-1.4007278923262465,0.4974418007415228,-2.0743617639982324,0.8258395920148782,-0.13779869126612102,0.4884528338820612,-0.27095706859449753,0.058643316441124846,-0.2600357173143339,-0.5187012347125027,-0.15201340441477007,-0.7451667242948604,1.0109003596000348,-0.06863106653397599
B0045,4,0.4290505349739141,68,Degraded,-2.0354500795261345,3.0590651691885657,-1.5458109378320042,0.45178882854270663,-2.0261260747683023,0.9044733426146556,-0.2027860217571626,0.3359420528468059,-0.29904010362561423,0.18352750555548755,-0.11229698285941737,-0.7454487829084627,-0.37511468454925284,-0.38055584435892137,0.1008308596795959,-0.12287614982501849
B0045,5,0.4204676106728344,67,Degraded,-1.9913766087599043,3.0994869810781505,-1.4968502576226987,0.4394939061201632,-1.981864711829683,0.8321770361944474,-0.16465150562213662,0.4105740767933077,-0.2693790690243359,0.1513826481179586,-0.1351362225602178,-0.6462755924563329,-0.3128476541079885,-0.5018123530307087,0.38974792085755783,-0.1087975981997276
B0045,6,0.4122735971450955,66,Degraded,-1.944310019119707,3.009499874206263,-1.5449098463764874,0.34688869584786053,-2.004689723111903,0.6012084332070424,-0.08178033440671996,0.5311987390604515,-0.13725274816478228,0.15419099641514408,-0.0708451280726397,-0.7055498285444144,-0.527419689626359,-0.6912551331758112,0.3444065878635274,-0.12204184865724212
B0045,7,0.3967980209401991,65,Degraded,-1.987774460085267,3.1628929567263504,-1.8464704681873128,0.3960723413681749,-1.9111168849049,0.828543104604589,-0.19694630114790057,0.18456518578323466,-0.2280027409299676,-1.5253296566200774,-0.008663981369126134,-0.04748507017819385,-0.8559743648928777,-0.17429534206794917,0.5527809362651116,-0.09736580291907694
B0045,8,0.4091838043579602,64,Degraded,-1.9378670966652338,3.043510485849395,-1.6359792682217396,0.907615927457827,-1.860729638628394,0.6718481762703656,-0.15101276056893087,0.19852043748907588,-0.3040348010670739,-0.23372621173792174,0.011188741005357602,-0.5124463652029768,-0.6791625268220923,-0.1037752119775026,0.025246296674766622,-0.1414191427706219
B0045,9,0.3988822138204706,63,Degraded,-1.8297155857893863,3.1913595314649723,-1.4852447080284088,0.36904309254108386,-2.003888500225851,0.6086021437191723,-0.054468957552638426,0.6212046635266271,-0.13213010458924723,0.11591917850571265,-0.2366054634747507,-0.5017894254435161,-0.2640160199597767,-0.8053224219626386,1.1619441313415373,-0.0713547216504762
B0045,10,0.3996888705915818,62,Degraded,-1.9522951922594143,3.131648564428109,-1.533658657872546,0.4222027242898687,-1.8337468485611255,0.8836124246643087,-0.1926882178752722,0.34376086801132255,-0.3159760864468117,0.23803829349965705,-0.11276997210971378,-0.6497322849306431,-0.3063156431047544,-0.22538223755803224,0.24540796738162476,-0.11338006273394372
B0045,11,0.3891553720314445,61,Degraded,-1.8726580265393378,3.1840224980406266,-1.520431684198728,0.3963348666554944,-1.833617768355446,0.7392806080071685,-0.12344979091494028,0.4749310012245987,-0.21227805581808032,0.19057941064912862,-0.16452765130552022,-0.519204988332288,-0.22038752633586253,-0.5113041954181109,0.7127714640566425,-0.09365121500949432
B0045,12,0.3901869115619558,60,Degraded,-1.8722549298060784,3.1648002812494704,-1.5257428861157412,0.39456224449647226,-1.8379147856104006,0.7976970339004138,-0.15289892142631303,0.4026877447098969,-0.24504810883141265,0.2321065677415354,-0.13160838847980907,-0.5496113323498423,-0.2478700762701371,-0.35373182322508023,0.6029803692300713,-0.09499244000747996
B0045,13,0.3856529122820147,59,Degraded,-1.9971776661489167,3.165933639116866,-1.993245084862147,0.4374666669561337,-1.8152500721486178,1.069313433692328,-0.3317746105488076,-0.17057382225153603,-0.27767464442848117,-1.8153523714007078,0.14225904875115777,0.15152442062432708,-0.8898160503811263,0.3966322896296071,0.08199394355088814,-0.11351493238209019
B0045,14,0.397639508489513,58,Degraded,-1.9958592333565315,3.1646071911441807,-1.7385238043326432,0.48879285179224247,-1.8307599464730278,1.1277504445513655,-0.32333526789937855,-0.012032793372467245,-0.3558534152417099,-0.16348980352544223,0.03458516965840939,-0.4195928556454075,-0.3645977566076761,0.2610754591175205,-0.2728517773752047,-0.13533750882403314
B0045,15,0.3912064084959623,57,Degraded,-1.8963210995402582,3.1297841276766687,-1.6447963443888156,0.4134884219059095,-1.838082957243649,0.9172297460356608,-0.22424978411701554,0.28798693857217983,-0.2477480159664122,0.2852886903342856,-0.1421709321855578,-0.6853225587082715,-0.2938262855497965,-0.07744465014527831,0.052086594106744814,-0.1256605634117215
B0045,16,0.3824707496115591,56,Degraded,-1.865375858433899,2.9593759504250716,-1.6992912380115832,0.28491560448149655,-1.8068063267972116,0.5775217174926217,-0.10963439670879944,0.48061973824626736,-0.05605854301577062,0.2803037568508238,-0.07664803318050382,-0.8224744624532694,-0.6226972677474331,-0.36355093723736,-0.0854357512647187,-0.14951303438270414
B0045,17,0.3772449713389687,55,Degraded,-1.8747312241071803,3.1846053807713925,-1.6606789941184235,0.4207299949092334,-1.7366767262882332,0.9594475965948487,-0.23990081524771598,0.22848219697590122,-0.28554473838692956,0.318607057847894,-0.11319598945769618,-0.6062515733448468,-0.20684413750987404,0.030562798377938453,0.09009549317843776,-0.12040976485704083
B0045,18,0.3752024489157147,54,Degraded,-1.8096881440861774,3.0620780860371912,-1.6519783103234644,0.3198086385477384,-1.7565352649642072,0.6616161600468947,-0.13326672856756225,0.4271624947157241,-0.08560098587938292,0.29095539482399635,-0.1031804902350964,-0.6468828830843378,-0.398572337152489,-0.3171228853753556,0.2671601421549347,-0.12371635225049894
B0045,19,0.3703629054810128,53,Degraded,-1.865881282581456,3.100576743957014,-1.7703452089423426,0.3675962964297726,-1.6357253042304616,0.8637536472649507,-0.23302499367063276,0.18627922775538014,-0.19099963994043503,-0.22480625855387773,-0.06443670131611687,-0.4618768039724349,-0.4667071095736748,0.06951584086254013,0.07047532333414691,-0.12587853316342273
B0045,20,0.0,52,Degraded,-3.5513325124766446,-1.6553650735091798,-2.6236724837948824,0.056955057412578676,3.314356656308168,0.0738003399314427,-0.17982099905492213,1.5495691379696408,-0.42532860161211167,-1.4996683710756828,-4.147932424982253,-3.673964459862398,2.0409763427009473,-0.10513111613375997,-0.6671341079126242,0.07660168698930346
B0045,21,0.3654262796896813,51,Degraded,-1.9287552491634912,3.4505897268088916,-1.1685452409562227,0.3592942694021463,-3.6953685052796903,0.11573776266510412,0.27690971024387645,-1.8080052213472528,-0.4796503691726767,2.0795410009909574,4.650766301163544,3.2682391188054556,-0.6201060176761664,-0.0067995578629896905,0.34368389580263603,-0.04370940599882326
B0045,22,0.3643627925588951,50,Degraded,-1.8344968795080372,3.2918590423272613,-1.7509973649081716,0.5219395775163634,-1.4391807702475101,1.373113454104919,-0.43017596344325754,0.09522920453009527,-0.3914587483874458,0.2714226425789383,-0.5106887261666748,-0.7672613592580907,0.17555657587466983,0.5031380346910358,-0.0021050313743735754,-0.11661831941948209
B0045,23,0.3580511688518131,49,Degraded,-1.8331687199229205,3.1581899398108155,-1.8234283518055303,0.4305930422802841,-1.5501826755033072,1.1659592096007898,-0.362721801542457,-0.00326954382144488,-0.30287907164250044,0.4251019464909552,-0.11608651081742956,-0.6931148779601429,-0.1353115984920936,0.48035266330934984,-0.3921217785573827,-0.14340611228858058
B0045,24,0.3564602417494008,48,Degraded,-1.6834063805640183,3.1360494249815476,-1.764743784549834,0.2855613826790657,-1.7011167909178808,0.603801702762214,-0.12179149759438325,0.36981507280104026,0.024704534202057777,-0.26807387629854756,-0.12949580215478115,-0.28993732029584224,-0.421193109931368,-0.27910394713940734,0.895175420779356,-0.08447748021532177
B0045,25,0.3570995914749809,47,Degraded,-1.7271124529599238,3.0779121995119505,-1.7360207985609788,0.30269544362104506,-1.614303486534288,0.6497960523910045,-0.1484624284986953,0.36291112346916016,-0.006711744265314859,0.327837889136399,-0.10713897532576995,-0.5534528034204012,-0.3093248326130602,-0.21049701735771517,0.3906899231260746,-0.11547272183218545
B0045,26,0.3595285409922111,46,Degraded,-1.567081321512228,4.6800872621648715,-1.1111340475037725,1.1121278981831784,-1.463343905246722,2.508563740450813,-0.6610374861076366,-0.3248202368111663,-1.1174351230774662,0.07201791943415993,-1.081232079505754,1.0232285067933253,2.6241263981494902,0.7902044103795964,4.407590397007507,0.2203196943486346
B0045,27,0.3586987714387958,45,Degraded,-1.6814985900623458,3.0301535511002053,-1.6695256692719285,0.2439133582484504,-1.5599941037747587,0.4459509643458911,-0.06830150686574056,0.51783939952886,0.09868760945413704,0.26674717599218456,-0.14531717871663752,-0.521462161975429,-0.3801826318187867,-0.4259486268663362,0.7773465289120499,-0.09716999905989485
B0045,28,0.3535513748231973,44,Degraded,-1.615421828651797,3.096129477536205,-1.737499212846518,0.2437494172920954,-1.663679636611786,0.48405642347370265,-0.07694745491805137,0.46304811005310637,0.11514329121804179,0.30004521482960667,-0.13348309755854854,-0.4550142715786228,-0.3128437328159233,-0.40186611501685143,0.9488755636830253,-0.08443528066626294
B0045,29,0.351765603252771,43,Degraded,-1.6935225909064096,3.045663720101843,-1.8189343370240731,0.25714250827973023,-1.5276333408718767,0.5852803223268224,-0.1464331652464386,0.2965211016655455,0.058621115414928635,-0.20337403240790297,-0.06426558421725663,-0.35365454767381266,-0.5175964403021885,-0.06957963367835397,0.5672396110120813,-0.10198164778168525
B0045,30,0.3470554139479431,42,Degraded,-1.5172792074992216,3.809354309668096,-1.5137851519865078,0.6034185003717366,-1.5722587475490684,1.2934426328979218,-0.3058053591635123,0.16436128570250572,-0.3197795279181164,0.20415409148561475,-0.6011655488380625,0.2575126137654106,1.0295548326805766,-0.017551515802120367,2.780977859514224,0.06368924507818048
B0045,31,0.3457057194434804,41,Degraded,-1.6953503948908135,3.1189293359702215,-1.8581130826480807,0.3629044988987456,-1.4528705693283934,0.9420463811261548,-0.29651296541547156,0.08275112368953111,-0.06517778819754168,0.41400126483868005,-0.13266688118525463,-0.5350517328635954,-0.11169929731756567,0.26803623700189355,0.14624527360092254,-0.11805882045753663
B0045,32,0.3485775899252752,40,Degraded,-1.6265221926401365,2.9577230980584286,-1.7696926594404718,0.21470488230044157,-1.4981519501726692,0.4220350710570653,-0.09210532656021167,0.44442601970813594,0.21628423022851415,0.310560426011808,-0.1086539802986819,-0.5231048156027297,-0.4183135847665723,-0.3479973044649027,0.6617830099282307,-0.10576369226206772
B0045,33,0.3416230108716361,39,Degraded,-1.5628026192624238,2.898552227597453,-1.8465970025024023,0.14250862997804667,-1.5990908233145977,0.28023297298976424,-0.042435035086765376,0.4951838911069238,0.323410391117326,0.35747361437807756,-0.05565428520719387,-0.5768344685699697,-0.5894786477808731,-0.454337260111576,0.6472503920005953,-0.11301389190352783
B0045,34,0.3411014658746646,38,Degraded,-1.6755134778155405,3.1425343628320124,-2.2025856403771957,0.2650863786509629,-1.6823269768469165,0.6414974203057535,-0.205958514745936,-0.12709364950980237,0.16198869557733792,-1.8752701120234625,0.2517121206511209,0.5286052162272304,-0.9580270653184852,0.30278667704183654,0.7808335147614474,-0.08153338403564604
B0045,35,0.3644764606606689,37,Degraded,-1.7498144583904764,3.287390655909599,-1.8299575428669392,0.4496820606222789,-1.592337448638676,1.0102339123619146,-0.30088050447433073,-0.052166594104457224,-0.13213334122654125,-0.08661623314345283,-0.033234465926707514,-0.06024758291611354,-0.08877465653178028,0.44407611414756987,0.5134070335368177,-0.0827460063613531
B0045,36,0.3569660879143502,36,Degraded,-1.467088029157091,3.672844648568465,-1.5694903987669047,0.544429773120103,-1.6427071113846086,1.1233399499068741,-0.27142930410407107,0.302452544407867,-0.09348700017502841,0.14284092775143942,-0.7180083605870413,0.0992372058450036,0.8383320796717828,-0.10680866698220347,2.6810339326095125,0.04946085256361402
B0045,37,0.3478865873727741,35,Degraded,-1.504314625010382,3.8346789963747923,-1.5510982277531264,0.6475590218843715,-1.5320179501020628,1.4013651974841932,-0.3670560610047872,0.0824679566400946,-0.2914802091284594,0.21034864810951065,-0.6689706667952655,0.28629017459534484,1.1274408167945458,0.22980776411874618,2.646378525459124,0.06096436771239087
B0045,38,0.3509156481158547,34,Degraded,-1.6989516247869776,3.153713547912762,-1.824423005087367,0.3946586756136578,-1.3893484273004855,0.9985337014849134,-0.32568853649053947,0.04356282647632578,-0.0773728935809826,0.42400479035066696,-0.18071189080302708,-0.49135190232658,-0.04231633576012125,0.5165633990899021,0.13074392117873546,-0.11024143397113996
B0045,39,0.3455904122189243,33,Degraded,-1.57407796621264,3.06455859677072,-1.8877390331483797,0.29444097617251247,-1.5097370449786052,0.7295217404496336,-0.22949657274042815,0.22145317833760797,0.16677975156655309,0.39515257697339673,-0.21941318673407195,-0.5161356040338604,-0.18401260803305872,0.11513951700772768,0.517705057398632,-0.10131259193748521
B0045,40,0.3421639876427514,32,Degraded,-1.6644510370727055,2.953735190819392,-1.9823456849874583,0.24486293456533836,-1.4007094550634434,0.631992095943801,-0.21806874631640566,0.12481136564156567,0.1661358792775514,-0.09319295789091062,0.0001950081481636557,-0.4004330429773743,-0.5923019951119971,0.3167920963061505,-0.010883266008531825,-0.13441774338101148
B0045,41,0.3370697454406242,31,Degraded,-1.4523251216824689,2.88401011598517,-1.8962870182128098,0.09270415247551242,-1.5946007922071503,0.061505562939260246,0.03028355072933823,0.6601337697663172,0.5593186145627909,0.320419844423748,-0.17886220301800818,-0.5277090077919292,-0.5831810962725854,-0.6773451116989331,1.0516427279225464,-0.09716654705172321
B0045,42,0.3335035087150869,30,Degraded,-1.625073689175652,3.2812147667330542,-1.9160235095777634,0.4193220467561971,-1.252558952614382,1.080660276380104,-0.3645063085738591,-0.07363421361088852,-0.06851465447531,-0.12870400975314913,-0.23427825649063047,-0.11605708252006103,0.05934953035950377,0.6440908169215146,0.6547779542286883,-0.07443387752129252
B0045,43,0.3402042558687427,29,Degraded,-1.5109615600188437,2.9164615184864755,-1.8687051944405424,0.15964882054771498,-1.4708451309574302,0.3127012006434202,-0.07854702421171905,0.42676686412927384,0.3943391479569927,0.3852796675441471,-0.0944961298798986,-0.4808650082698355,-0.47203733324880226,-0.22004373767365792,0.6795813217340924,-0.10537542514864007
B0045,44,0.3308932031617742,28,Degraded,-1.5910700827564466,3.0260038480220497,-1.9515895628097675,0.314512332159313,-1.3072739948190928,0.8670875431640068,-0.3168483394103584,0.025798267053396617,0.12829754866429682,0.4991661340366569,-0.13731936534278663,-0.5220846759624531,-0.16160217658146273,0.4851994774704088,0.03648205732828956,-0.12487225055720161
B0045,45,0.3311584366746169,27,Degraded,-1.4880098420685646,3.0544192531460945,-2.0110964634730717,0.2459732901808542,-1.433808433439768,0.6469743659532035,-0.22480701369795866,0.13201999390650848,0.29656086432641304,-0.13019442456039096,-0.16287254377475216,-0.23391275259495556,-0.31273519899044927,0.2121380555398967,0.7944432642826234,-0.08368268985814663
B0045,46,0.3339679178590889,26,Degraded,-1.57560844692543,2.9190280717849975,-1.9875157716846146,0.2433217569543661,-1.2986235271695055,0.6614167728914176,-0.2521771240967664,0.11348652157416318,0.2647225077174038,0.47031000890937036,-0.07682727851261469,-0.5778368271305327,-0.32792889626289046,0.35038262817288834,-0.0435020427130204,-0.13553278723304313
B0045,47,0.3244495442635344,25,Degraded,-1.402604001600741,3.3901781425173243,-1.8274669184811057,0.4145845118929275,-1.4083949089901997,0.9940443868388809,-0.30876687860817187,0.07304417439485673,0.1145844003562227,0.37704352059383883,-0.4092967195923348,-0.03178473855716911,0.47522146687105754,0.25521801838267927,1.716013053289631,-0.013811524517829158
B0045,48,0.3251819564812763,24,Degraded,-1.4307066495855574,3.14316758384638,-1.9186666441183113,0.2938464924991902,-1.4029964714148653,0.7579525209432926,-0.25340421962193566,0.13425072949472552,0.25142980313479446,0.4500271211335294,-0.24864473160638395,-0.2967928343863516,0.025699940850086984,0.24050267695678718,0.9922416603565944,-0.06783384308371848
B0045,49,0.32860388451014,23,Degraded,-1.4670795446611615,3.147600782683922,-1.9583813275125221,0.32432342028540767,-1.28201303106668,0.9109266309682261,-0.32711081324883473,0.0026350002670485033,0.16584625628540178,0.4770544672084406,-0.24805124213036994,-0.34657648945604863,0.0762675653587445,0.5173371634640931,0.7274535500891417,-0.07620440146072309
B0045,50,0.3181758729238108,22,Degraded,-1.4862118095983097,3.1574461078786586,-2.1393277892887568,0.33378566991395253,-1.3021302630639358,0.9489911624330506,-0.36176398646180663,-0.14237448697856275,0.1980337108540317,-0.04634988284560243,-0.17667851119065095,-0.16174771027543744,-0.07209903769661072,0.6486283145652522,0.54713941569919,-0.08698962624487769
B0045,51,0.3268224680474293,21,Degraded,-1.4610097994125206,3.069752380888646,-1.978029727503736,0.2856837953385574,-1.3238980174586736,0.7671147375317882,-0.28231998257906854,0.06193196923551298,0.27658040116083277,0.46098517968509783,-0.20176786323962026,-0.37190518549698354,-0.04329996211054736,0.4110226399844419,0.6461384078706645,-0.08546908666461338
B0045,52,0.3195714136075444,20,Degraded,-1.4198882579199004,2.7793147898189594,-2.1564882551981603,0.11524722782097938,-1.3982940125551255,0.36976570291344835,-0.17102979243130262,0.2217247333166751,0.5808325164224947,0.4877694074951496,-0.06971489823655534,-0.6357292220533832,-0.5590835832714509,0.08923997491564464,0.11888110918341484,-0.13969546872332483
B0045,53,0.3241103024748118,19,Degraded,-1.5176511238721841,2.9981458640553953,-2.071934065298896,0.2934686880634927,-1.1810511741050742,0.868994708575383,-0.35235835245409397,-0.0783366151046927,0.2349158775519297,0.532280695183063,-0.139443368627776,-0.5044041450799135,-0.10995316574094649,0.7100473838729968,0.003259818749357495,-0.12106494048746429
B0045,54,0.3143978735961364,18,Degraded,-1.2884696884251363,2.4499382911125958,-2.4462949693813405,0.12356412020863852,-0.5478558279045558,0.8211747333122866,-0.5045328144075134,0.19139710320592435,0.7936664296621829,0.19133037769095773,-1.2877938564640763,-1.5978388081884773,-0.23837570137549244,0.31582188250290333,0.452753289320856,-0.12333099866656452
B0045,55,0.31902859250967,17,Degraded,-1.5645176893420683,3.1621292075337513,-2.1411094723228135,0.2030817582592579,-2.1935102226979795,0.2907823813797117,-0.06434001885052425,-0.8810816357777275,0.33209040733054856,-1.2964352235483738,1.811540227531964,1.8889801623607152,-1.1060642664251765,0.6986965650772609,0.6782120147554803,-0.062080557069181516
B0045,56,0.3277412523916453,16,Degraded,-1.3657725022447267,3.0439168598573434,-2.152909290745993,0.7447000982525531,-1.4615001168012887,0.4329966311104713,-0.18535246386614326,0.11829925699370326,0.4196539711909987,-0.08268978632219531,-0.30426361111593814,-0.31364930791240997,-0.4567560489508696,0.46240025643978094,0.5785017667657318,-0.11148630910941917
B0045,57,0.3242467417698516,15,Degraded,-1.327448598679006,2.8736228623503526,-2.168310433559143,0.640081228604845,-1.4875517044516287,0.20029998879123836,-0.10687947836898198,0.27834571822355936,0.5551687273658941,0.4983002495099542,-0.2508941159409739,-0.6770390348092766,-0.6099735744531446,0.25902082569434015,0.23607868971370688,-0.14243563933148334
B0045,58,0.322703584392246,14,Degraded,-1.4322631585761858,3.6489593447282425,-1.91572661489096,0.6271881592533927,-1.2957271179888645,1.6006075560029762,-0.5582495091041685,-0.32013835669353075,-0.11548685194874253,0.4537719065178966,-0.5891503409896162,0.07220342171298806,1.0066428707790107,1.1403745838079207,1.3506878594921365,-0.007578225502897663
B0045,59,0.3213504015922822,13,Degraded,-1.4340880626489778,2.983172151532031,-1.9881815274431829,0.21503079510676015,-1.3960137410591615,0.4423907770634897,-0.16285573886223137,0.26731356621442004,0.4907293115769672,0.48748265917182987,-0.184034847684914,-0.3741388900321694,-0.27651522318066835,0.20023324915378204,0.6009547026353305,-0.10034314928198558
B0045,60,0.3176227440401238,12,Degraded,-1.2624644108320113,3.0537656431652054,-2.0370532339812972,0.721410337588439,-1.4276047342245306,0.38073012905096404,-0.15503428321779125,0.18596443979880034,0.45623831683968546,0.5108827203217094,-0.32162212778495397,-0.3782647860059912,-0.23279631068435272,0.3772144442606239,0.9315865212685459,-0.08830820405386745
B0045,61,0.3078380009793934,11,Degraded,-1.4254787071376476,3.290723814395424,-2.3087876805018452,0.31300038311140943,-1.3360998358384708,0.781383145379395,-0.305699546408221,-0.15523828934790182,0.36208270585978597,-1.456230712385932,-0.1850332121139461,0.5301448010399068,-0.393124100468346,0.7740576844560555,1.2437093407475495,-0.04328367961277805
B0045,62,0.3085416841403511,10,Degraded,-1.3402663747077819,3.129502560452511,-2.1979389623258814,0.7179487775985989,-1.384049501497487,0.34114571449910286,-0.14652162553224726,0.004594188087514797,0.41488273848564705,-0.7749064993539454,-0.11198193621628869,0.20767131331236302,-0.6267534852192107,0.6518836134490839,0.9719127971340898,-0.08011671338393384
B0045,63,0.3217113695429336,9,Degraded,-1.436204003627951,3.0844156702643875,-1.9996524475015924,0.2929810963453635,-1.2807932217212024,0.6490835458036737,-0.24780135533282752,0.17615068788460522,0.4143102083221646,0.4891169659963189,-0.32494048361760414,-0.3427537803550378,-0.04807295396331347,0.460134504281217,0.6103570580551478,-0.09188040283570567
B0045,64,0.3139062216871376,8,Degraded,-1.211945565868219,3.3021793967705166,-1.9182208777147083,0.2917657878855058,-1.477046709256334,0.5524064807756276,-0.16413134494151452,0.36021602310363526,0.5453378705735923,0.36296285125036437,-0.5506328360049916,-0.007327358415458357,0.30735146205606056,-0.012765631981534112,2.165194730638411,-0.0004146721024045245
B0045,65,0.3145039157626686,7,Degraded,-1.4002593284752072,2.9564340573107804,-2.0959956813426452,0.2082981452314468,-1.3222204916396343,0.5203061177433193,-0.2208451224884705,0.14581043683783423,0.5151840996358191,0.5682377013082184,-0.17035808631019458,-0.4304884408067584,-0.2921511392280224,0.4973396466169831,0.29513591984364607,-0.11429683003857742
B0045,66,0.0,6,Degraded,-2.1917897562691366,2.194086692664263,-5.797440037617285,5.686324223998812,7.228555216711165,11.182823283894917,-5.526772123250574,22.258524778807118,5.009606494790677,0.7604229364585414,8.89676260322627,-3.0589070802129252,-3.4727024104311184,2.1274932896177914,0.6306729743873397,0.24257200179488117
B0045,67,0.313317778414613,5,Degraded,-1.707840443976149,3.5225771320876005,-1.8999567865163243,0.3815123094406032,-3.2137217496785593,0.3643331816446657,0.01082839065408006,-2.4267535498177417,-0.06642694340727796,0.23445056259726282,4.475419287869904,4.058380821970699,-0.854107818979407,1.5263263384023196,0.14782948382642938,-0.030232247619888374
B0045,68,0.3247906758358297,4,Degraded,-1.4045721543354697,3.0869385349871954,-2.2037359711157096,0.25137861927505617,-1.3613148374049397,0.5427155952035502,-0.22153710770618237,0.31381780651498514,0.5583906758927886,-0.13471528077929534,-0.5648969054156727,-0.40563801958872764,-0.3106602433830891,0.4898871468610065,0.6033746033721025,-0.09838569647158261
B0045,69,0.3168742588983153,3,Degraded,-1.3417531053811518,2.893943771132366,-2.2236164004358123,0.6879227288691007,-1.3456761204532666,0.3213819664809111,-0.18100999205004614,0.14262852056306527,0.5474967011903074,0.624803182749887,-0.26122476374696313,-0.6659487054380034,-0.5371166232340163,0.7281131206002305,-0.2478484726291221,-0.1636134368081127
B0045,70,0.3149275464542822,2,Degraded,-1.3521487358647222,3.057565110419469,-2.0540753307541473,0.20882084318857785,-1.419521290779768,0.3507938712027875,-0.12854441482013088,0.3338357535737404,0.6136512505991284,0.5097889174273725,-0.26867588261099207,-0.2896113671734602,-0.21360785077665578,0.27240050412084105,0.7196958092323051,-0.093812228369289
B0045,71,0.3091531889193368,1,Degraded,-1.2228073688231402,3.4997991690521038,-1.866457664952983,0.40608397125827816,-1.4112060742755943,0.7917750154656953,-0.24147884698558303,0.24424001478965238,0.40758735708069815,0.40005082440948364,-0.6513116390448647,0.16171344660872242,0.6448813337908084,0.35821040413734373,2.264243960283517,0.02055144646257822
B0045,72,0.3034738084253888,0,Degraded,-1.3407235986850186,3.127073525936159,-2.175462169887941,0.28535742195875413,-1.353196370655577,0.7388645781939815,-0.30279329063551264,0.024482583435986107,0.47340410615274003,0.5999071764276224,-0.29790176690761644,-0.34281035272098853,-0.014601947197077293,0.815995596630099,0.3358411005478372,-0.10205414594384758
B0046,1,0.8641196161799124,71,Healthy,-4.181866487422762,-1.2132251812855266,-1.0002677821894363,0.09726932100995193,-2.601408463089369,-1.060343010024556,0.7968428102185564,0.9227856115012089,-1.0316409941951534,0.975762988262409,-0.03517256840603259,-1.5282084548440649,0.1145541893380474,-0.6745888396351292,-0.46468912495665377,0.12660554965704024
B0046,2,0.7580744233961572,70,Healthy,-3.9551202055172214,-1.1344766459571993,-1.6663023126228493,0.6252213034911784,-1.4440113388198552,-0.41178521108406835,0.3930203727557536,0.6957493501839362,-1.210439110603274,-1.0508854836518389,-1.2756537159417853,-1.900664594850921,0.060479334764443025,0.48367197901786485,-0.23755575738186258,0.13681649526313364
B0046,3,0.7515605953519885,69,Healthy,-4.007966657897731,-1.0139710182891164,-1.4587969353646122,0.14491126273314126,-1.9117137360055048,-0.42186990311364475,0.4738971228532505,0.28467696032297396,-1.2150714554851236,-0.2907770154366836,-0.14065507094064209,-0.9487521832487127,0.3501596341294238,0.2334038498934942,0.010925858462406133,0.17982065445720932
B0046,4,0.74293283051412,68,Healthy,-4.013483111150303,-1.1588930032467741,-1.5428098368089977,0.07855231438637904,-1.9070040185563772,-0.4949207818868569,0.47447417098806677,0.25675715232333085,-1.152698228243568,-0.190246756795618,-0.028225728339463733,-1.1155379090610793,0.09353754239866675,0.31707946540100673,-0.48153167511287376,0.14512884833889153
B0046,5,0.7347281158196358,67,Healthy,-3.955478092400109,-1.1515814402021978,-1.5164283035648665,0.04653258543301459,-1.9077031685131975,-0.653027204805759,0.5435045827910379,0.3816617535465112,-1.0512670696049253,-0.27088103008313036,-0.05877751740693471,-1.0042040708531261,0.08751275515725418,0.05390325359845188,-0.03379388530887066,0.16614423917936955
B0046,6,0.7294777296322404,66,Healthy,-3.961763642651938,-1.2763031328418373,-1.5979142162800979,-0.007698276904656714,-1.8845720380827502,-0.7272269204120544,0.5456829005298933,0.3608237984675249,-0.9789772017192699,-0.22007229664106592,0.0389927291709983,-1.1368955919544583,-0.11004030092412624,0.10764285288516932,-0.5035869119358704,0.13301339129986617
B0046,7,0.7278426777549148,65,Healthy,-3.84382463026488,-1.0210680778377543,-1.7358120058609416,0.5967660189799061,-1.8282003210665194,-0.5967604145757053,0.4708528088013655,0.04489120268815571,-1.0839995103528282,-1.6517543915179493,-0.059837518312559394,-0.4020964047415886,-0.11446711693454212,0.5442692539651293,0.3992466710578275,0.19198133504872733
B0046,8,0.7281161311901605,64,Healthy,-3.832103864289515,-1.126483974895093,-1.6336157376355986,0.5492995494435507,-1.8975914063470356,-0.722174036356687,0.5297771547881112,0.16529862658207775,-1.0651848812901326,-0.7088008592608028,0.0014063731064191442,-0.7643292162950012,-0.11405325777529977,0.4056080786140803,0.06062427287498437,0.16449892183018555
B0046,9,0.7220296118337569,63,Healthy,-3.845913371466943,-1.2008806743646159,-1.5737063193364147,-0.02043069923004184,-1.93214833129202,-0.7948169422118808,0.5831378874492831,0.4748906460584458,-0.8794497201987836,-0.29377372381405575,-0.08568463828539069,-0.9986059000096772,0.009965773011137689,-0.07802100485257044,0.16500366321914228,0.17034528689497327
B0046,10,0.714147132382934,62,Healthy,-3.8236481506392233,-1.381987661358077,-1.6325319743801345,-0.12106089851797416,-1.9543725049504206,-1.0025788423151873,0.63702097415647,0.5452995766707507,-0.7302108065843456,-0.27280908490649447,0.031106401085726588,-1.1227970527559583,-0.3214068222278934,-0.18393425672567237,-0.15619113111600302,0.14042114951823428
B0046,11,0.7099924474017334,61,Healthy,-3.8524367894940066,-1.3049952991478095,-1.701698952386137,-0.04934859241543907,-1.887596836931248,-0.7138248801136252,0.5159159178335551,0.3260570673185973,-0.8752905316609615,-0.2305734478543296,0.020526151073176048,-1.1309785898131337,-0.16038571407836616,0.22001360745474335,-0.441704870546739,0.13495193716341897
B0046,12,0.7021613009258284,60,Healthy,-3.771433514386859,-1.344437781269547,-1.6942527623202257,-0.11261766134275161,-1.988492323515187,-0.8699107947299684,0.5786415786042285,0.44068908194463113,-0.7577719553345538,-0.24061908540509166,0.025964407325842608,-1.102208703840569,-0.2804134330447098,0.018506922015131027,-0.12513095542865793,0.14656472083470065
B0046,13,0.7117175650807993,59,Healthy,-3.7954015939213344,-1.433176974971379,-1.9552648340555572,0.3693524560548678,-1.8953353856096462,-1.0725239852306128,0.5770204601669375,0.10676892685188273,-0.6911716458383003,-1.9300598131072515,0.2929692666056319,-0.518299298783035,-0.9648512230123457,0.44134134460240115,-0.41622654317322444,0.12003437324398668
B0046,14,0.7169974428983648,58,Healthy,-3.8342422332639328,-1.289838021919691,-1.6938610487777614,-0.07366402170267256,-1.965396157356053,-0.9584245655977329,0.6135331785306373,0.4022539449019276,-0.7100100534035597,-0.8075212758269498,0.12829891473743818,-0.7288029854238353,-0.32201708797512135,-0.03925122342390415,0.041437576559714584,0.15898649940008255
B0046,15,0.7092588523878286,57,Healthy,-3.8414314326613206,-1.1466003808194776,-1.6962257853770664,0.06248851131233627,-1.8713753291123147,-0.38155654432411273,0.38853028871170275,0.14673865453311463,-1.0053970945253716,-0.19429713296040735,-0.09326823730706894,-1.038957029522734,0.15199898951463817,0.6142918903731681,-0.3905138606582211,0.1520356734987435
B0046,16,0.7028156668914711,56,Healthy,-3.7742089092080646,-1.021015104571675,-1.713698517232468,0.6570917684747934,-1.659261207660507,-0.2849119300986402,0.3302910340922991,-0.058490177562783775,-1.170695034940604,-0.17823506887023724,-0.20895608981626643,-0.9621238786276982,0.39504215190549147,0.9759290859701136,-0.3320584880481671,0.15569934826964632
B0046,17,0.6945107012577809,55,Degraded,-3.7677490973796557,-0.6974850962053367,-1.7114314421473602,0.8613087111849246,-1.667130791657347,0.4201928714735621,0.07551347229813381,-0.5061727443824255,-1.547760040454348,-0.08922522727406673,-0.3014435379177135,-0.7513115436037344,0.9600670117509477,1.7479850330754478,-0.1854372102961216,0.19456997571548704
B0046,18,0.6861669541368682,54,Degraded,-3.665696176407554,-1.327984038589267,-1.7366781596275385,-0.13961735734758057,-1.958536630088279,-0.9507626561296889,0.5982842923103295,0.5037529520941935,-0.6150276491845342,-0.2742775743035899,-0.046824485921129644,-1.0220214211426841,-0.22354964944913516,-0.048870390015230546,0.18431753374500046,0.16150547240226085
B0046,19,0.6807889452995282,53,Degraded,-3.7498479792049553,-1.2907656993203633,-1.9047074850538444,-0.0485069893418144,-1.7998868057369908,-0.5786399812025805,0.4130426239365004,0.13283607259226302,-0.7605638708553918,-0.8265092956542283,0.016625173587837692,-0.856943119314628,-0.2520880563194885,0.5661347140044288,-0.36714152530437805,0.14307382061948987
B0046,20,0.0,52,Degraded,-4.366538038057728,-1.8917188774829148,-2.018854365288491,0.069818903820166,5.012890909692341,-1.387151744626748,0.43212612948108653,2.262589280402978,-0.36361058110742156,-2.030074702740083,-3.768083336796777,-3.1924684314170446,2.0096090253808803,-1.4410327177184252,-1.144778831988781,0.04020254787864551
B0046,21,0.7050141008118714,51,Healthy,-3.86053888221598,-1.0813585385770053,-1.251812098452433,-0.09196547087518801,-3.808528047458694,-1.5617517924957676,0.9981454449891848,-1.7359527037658065,-0.8976859527122367,1.3785392783863677,4.783798721933242,2.875198114677117,-0.5438290518121,0.18708479914226964,-0.06479536749427012,0.21963672415112143
B0046,22,0.6697835687463244,50,Degraded,-3.6235911629200297,-1.2557108883176242,-1.82071938161419,-0.0680635979239725,-1.7352023629538205,-0.6911787466442167,0.47219803961141354,0.4900136810747938,-0.6340801453099795,-0.3645470469847937,-0.4089990561550964,-1.1675083468844871,0.0383933407067654,0.1868451147059198,0.2063392069775572,0.16661514915305997
B0046,23,0.6645757743558739,49,Degraded,-3.607292244373075,-1.35883122057991,-1.838666754422199,-0.15096728322009054,-1.8406232207115538,-0.9386631848733195,0.5639380335491319,0.44694671039090433,-0.5215156867956253,-0.2736880955350654,-0.04718621860437505,-1.0003225332905337,-0.19209035644516242,0.039704005973157826,0.08804277395806934,0.15487066411604783
B0046,24,0.6590843516952859,48,Degraded,-3.7037566605741206,-1.182562750657888,-1.9755001146508557,0.026903135711277122,-1.6873510136455674,-0.327270227172226,0.2997020897885217,-0.06595459168851277,-0.8114804226700416,-0.8327987010281439,-0.02411619861483635,-0.7116190308626276,0.00651122898937982,0.8842631766681311,-0.31557567854181584,0.15665815495090502
B0046,25,0.6562118542330505,47,Degraded,-3.537292789941402,-1.2669930638750269,-1.9085781816401188,0.4316477787641446,-1.741684255607407,-0.744959892300545,0.4571380467360972,0.12445428756377505,-0.7244086928475173,-0.17662443364192365,-0.07833590731527013,-0.9979394564662261,-0.07512717563459514,0.6586124331957673,-0.1673044477412469,0.14338485520154082
B0046,26,0.6496618766081244,46,Degraded,-3.6088827821032297,-1.2254922989896118,-1.9225831588291733,-0.022304293415955564,-1.7710805722658765,-0.39328106570896876,0.3316601144112221,0.04391430873210451,-0.7504312120722669,-0.18606112757865528,-0.06441292327719118,-0.9551720208004815,0.09741847383085385,0.7760272161568629,-0.28971449871421817,0.1531355129759347
B0046,27,0.6438741521087296,45,Degraded,-3.544035485907861,-1.4560881994660804,-1.9155777507362104,-0.1930147380840999,-1.7346421015082807,-0.9910903339341942,0.5470658544286332,0.42507297367138,-0.38281705187977155,-0.2875099642838214,-0.009819332184836889,-1.0154845052541746,-0.258942732852191,0.0703893227722509,-0.1280329795224899,0.13708097017030155
B0046,28,0.6432641369874561,44,Degraded,-3.575018140601777,-1.2417796523541442,-1.9555865178932588,-0.03840290629521696,-1.7038049297021067,-0.4575047354443927,0.34478547154192696,0.0474119131627253,-0.6679522479065192,-0.19618060907992066,-0.030223786270008525,-0.9090107974681768,0.14770412833953758,0.7203936226085712,-0.3300912942269863,0.14841860632077541
B0046,29,0.6359818193493592,43,Degraded,-3.5312396236111923,-1.2574008340195277,-1.9818636626766275,-0.08614117679360485,-1.6864604343203207,-0.6864701279033157,0.4271594380876541,0.17079697975890426,-0.49858419531297204,-0.9696848411163976,-0.05024304144764019,-0.566100304007396,-0.0797936790079959,0.42622873487169793,0.31467493857292217,0.17930603049179777
B0046,30,0.6357247672708596,42,Degraded,-3.521388052214753,-1.3516305436795681,-1.9708187407039008,-0.13868365623633055,-1.7026769531449595,-0.8206917067516892,0.4801818105658036,0.28130294406277695,-0.44246161253198624,-0.2619321487980682,-0.01915769072272706,-0.9075997517029994,-0.05055010402022562,0.29318739369843955,-0.06664810384174907,0.15036774814079334
B0046,31,0.6307711942329537,41,Degraded,-3.453560193971259,-1.3405828687315882,-1.9585552955460956,-0.16941091583362342,-1.7851168849750925,-0.8579148838126113,0.5010762721887398,0.3375907496806189,-0.40744227673259226,-0.2478395197567824,-0.06612238433434169,-0.8952599786906149,-0.09194232414310083,0.23603801462247878,0.2594481444321747,0.16747748697465464
B0046,32,0.6210600809602066,40,Degraded,-3.526755656153855,-1.3382780015284539,-2.0148582937520847,-0.09218506132574775,-1.600982516819252,-0.599335315203711,0.37413677882495355,0.11350707657516595,-0.5237447690196579,-0.20738933774303234,-0.038025488208040276,-0.9324688015861547,0.023391474024095728,0.6168742880440068,-0.32314361404554715,0.14162116500609662
B0046,33,0.6201268720834898,39,Degraded,-3.3749929637979865,-1.2071240720773595,-1.8862052095413748,-0.118986679464432,-1.738654726223266,-0.8173677824102107,0.49991461533858694,0.35534370196928833,-0.38027016869405666,-0.30321968192998017,-0.152389495067442,-0.6438009733330518,0.22958133976906853,0.1137675440554581,0.8667800613614011,0.20745800138221318
B0046,34,0.6425565006121443,38,Degraded,-3.489659626248843,-1.2551018081528784,-2.2414974330373476,0.411482411454089,-1.7761372314808586,-0.7842265637137414,0.40300263353942256,-0.26821651937144747,-0.48808916287749743,-2.1833281311201955,0.3015751830820737,0.03907358666303074,-0.6182063277287573,1.0324259008294503,0.1521357602675481,0.1685321267463975
B0046,35,0.6521663920849596,37,Degraded,-3.4911848957029763,-1.285522405659199,-2.0612427395424198,0.4187824194449596,-1.815524893035838,-0.7823947447506793,0.4320029432220896,-0.05191741762800223,-0.5585144322406818,-0.7544097314146451,0.12124742876944102,-0.6163217742702278,-0.3037943437067661,0.9357500914173731,-0.27358747297534197,0.13967859853114756
B0046,36,0.6389319520809978,36,Degraded,-3.5663201016516655,-1.2922761900030058,-1.9921404736415107,-0.051302781001460365,-1.600943825278001,-0.5823548606318791,0.37223150864968135,0.1782588017465175,-0.5274152494217358,-0.23186797119183622,-0.18296005447905217,-0.9861371521400157,0.08880531012467752,0.6940325003062268,-0.34358496081269924,0.1431804041641458
B0046,37,0.636173229582577,35,Degraded,-3.3855098068001888,-1.4171594322032541,-2.0200524635395407,0.3094286241569942,-1.7184393049569249,-1.0765128680744207,0.5420530154400761,0.2897337651648471,-0.3635401314672327,-0.18239975858012722,-0.08043142142262631,-1.0092133005771187,-0.28468250456383765,0.5022525896740377,-0.12755423125616702,0.13222081118487894
B0046,38,0.6238941976384381,34,Degraded,-3.3911160148585737,-1.4165800067109322,-1.9876127044096978,-0.21497534845064814,-1.805967726007987,-0.9888619499280785,0.5285262292009413,0.41061722465141853,-0.23704253869314265,-0.24704727400348625,-0.07685745797076474,-0.9136168001526989,-0.20752560886864607,0.23497777466318853,0.17176236473817633,0.15649433298073018
B0046,39,0.6176249598327763,33,Degraded,-3.4013108773531604,-1.5081587721291176,-2.016862699131047,-0.26561447051194376,-1.7058186260453874,-1.1855558625854081,0.5923262097190303,0.510654284111019,-0.1284164387236425,-0.2655990565875506,-0.049708113135864325,-0.9546105221614345,-0.3364513283102723,0.03910842060993881,0.10471643462257088,0.14516518988224303
B0046,40,0.6146256459259745,32,Degraded,-3.414128432028506,-1.421044390472005,-2.1434538573299204,-0.19501256906401734,-1.7221416218872325,-0.8648836953534523,0.44541201934811653,0.1878279077599056,-0.23665899635381316,-0.8991664057157789,0.02768507906400679,-0.6536838496632693,-0.37142959965857003,0.5478890322388472,-0.010354858699509988,0.1516498271209141
B0046,41,0.611945455250817,31,Degraded,-3.3752080543755008,-1.4881462677706618,-2.039246709006964,-0.2651881619196336,-1.6451015928511874,-1.2294140751884002,0.6065273175744175,0.5329083513931326,-0.07419585222597487,-0.2963444570158497,-0.07165362686527059,-0.8869312763538363,-0.25044591986733644,-0.03144094754998778,0.25361889305662344,0.15413245778947957
B0046,42,0.6027116617856865,30,Degraded,-3.386021826552565,-1.3091741605400853,-2.037939821084893,-0.11110409425721958,-1.580737160387883,-0.6966013171122724,0.39630950569656853,0.1775503654915125,-0.32629060282661804,-0.2228086704419298,-0.11262826809213726,-0.7627417442301576,0.14309210059923888,0.5695357243964391,0.10407882669652324,0.16574477161503717
B0046,43,0.5978912045004076,29,Degraded,-3.3620316371428904,-1.4203071535899692,-2.116289412399104,-0.17798953654592356,-1.665152366078704,-0.7451018960240408,0.39487419787885125,0.15249397441334303,-0.26963672577809894,-0.17391476939443745,-0.020517258369508018,-0.8970776340458533,-0.10759783364485037,0.6749281630559455,-0.2527222462351654,0.13997887973720133
B0046,44,0.595036474834923,28,Degraded,-3.3899722674826154,-1.1985434208961991,-2.0823846323996587,-0.0074657227010055255,-1.514362007844621,-0.2831589609222742,0.22348225287603016,-0.10756739040245457,-0.5063761645020526,-0.15108081250043026,-0.15504547357358842,-0.739926354152811,0.40224175646298826,1.1061564660617844,-0.16177835949091995,0.16553076917409285
B0046,45,0.589600881616826,27,Degraded,-3.4308459056708736,-1.1889747007866718,-2.2460316201974297,-0.003020279071356912,-1.4709263201679177,-0.22934747071599415,0.18008119638101935,-0.2563764997099661,-0.5117007228558464,-0.8807366179162816,-0.0935123494179511,-0.5073042100807006,0.1676160583731732,1.3312369181991985,-0.20600667886819063,0.16708175258260266
B0046,46,0.584752016257277,26,Degraded,-3.3777858511731575,-1.2769193560914882,-2.1571240250505235,-0.06586128573166365,-1.5006011520259,-0.44535051230621525,0.27356430095074635,-0.04696370215910639,-0.40000992805874547,-0.1625217954596809,-0.10655122028214992,-0.7855988831309009,0.24020242895202162,1.003571005923188,-0.25028629466679203,0.15423560971397887
B0046,47,0.58386188424959,25,Degraded,-3.3494654879552033,-1.3517116230418271,-2.1374313121488893,-0.11442720370710238,-1.4912640724565063,-0.6253691496588639,0.3358677572717759,0.05453601339077636,-0.27506288714414473,-0.17848836460262124,-0.06472036636808327,-0.7667732787089577,0.14670384457802677,0.7968301105792228,-0.20312225690576732,0.1498897314600021
B0046,48,0.5789628072914521,24,Degraded,-3.292279901194548,-1.4701276846852953,-2.157604536366598,-0.21402384125790405,-1.5841832595956271,-0.8696487640357397,0.42300493575166226,0.20732279207720725,-0.1165628911435568,-0.15606988793579438,-0.026321683758241204,-0.8494865228158067,-0.11234859749944967,0.5657395439198007,-0.1379247337352151,0.1423476485534802
B0046,49,0.5749906406688491,23,Degraded,-3.2682962518626812,-1.11951639943571,-2.1606934444137784,0.5438350491582812,-1.3015648757112275,-0.23617815479400484,0.16896232944041384,-0.3276499405109892,-0.5972314103711516,-0.06377967105541939,-0.2285694218454997,-0.674059118120311,0.5599014033950362,1.532887590172048,-0.14276057904410128,0.16517910732802812
B0046,50,0.575142951111517,22,Degraded,-3.3569012834208016,-1.2784900762046159,-2.3381848626843844,-0.08005554946025187,-1.4579400030443992,-0.4290678613331332,0.23447152625256373,-0.19028366393518364,-0.32247856253135304,-0.9099322347463759,-0.035499482347013576,-0.494572629669652,0.02465109261655175,1.2170617513297832,-0.21817125176109334,0.15913089973369599
B0046,51,0.5674726137042624,21,Degraded,-3.203003031866581,-1.3967762546512528,-2.2468686640704596,0.32985515539228066,-1.4986406783649542,-0.8273941534024987,0.37989504219044645,0.0027872247153167004,-0.24565032282756694,-0.12064736217437123,-0.0950276099332513,-0.8496614254511161,-0.08639730927636383,1.004192993618638,-0.17668994029308674,0.13812051845854648
B0046,52,0.5690480481756804,20,Degraded,-3.205196946525164,-1.4083418923690783,-2.1794497700941453,-0.2257377507553567,-1.5505447965599213,-0.9678602641241211,0.4642613152299564,0.2901804311611568,-0.003919158492084531,-0.2662095872383084,-0.1090537685880245,-0.7017978007573552,0.024898200053179626,0.4050857550521724,0.34545125941289223,0.17001558850862916
B0046,53,0.5618555860752735,19,Degraded,-3.297414882162673,-1.368799173624922,-2.238201129980078,-0.12724968829253017,-1.3964818261768772,-0.6174172963940723,0.30925735188763603,0.009143233450435601,-0.20411884028903826,-0.11959544172347225,-0.09066395585074367,-0.7770958136778282,0.16847688146054038,0.9205824274560487,-0.25527173661774555,0.1477071938164184
B0046,54,0.0,18,Degraded,-3.8370291932954554,-1.8171079145690336,-1.8462766551127257,-0.12410932374418368,1.3914312144955152,-2.0837329680643712,0.8025491019404642,1.2507890430707131,0.34947831514439653,-1.0198571675628585,-0.9238075997464166,-0.8808611035055361,0.8521362459738369,-1.2899369156512017,-0.1035001039078062,0.11879838172947557
B0046,55,0.607059605677049,17,Degraded,-3.3815082345523244,-1.2670407622514657,-2.092961116755013,-0.17243907178187207,-2.4063706662406465,-1.2465108689414404,0.6177328120916777,-0.6749947466357712,-0.04230911448169477,-1.3334051257214745,1.835512374054354,1.4404478865572834,-0.5995193925797796,0.6528606011218692,0.5656776335897722,0.21360230277300163
B0046,56,0.6059723987614095,16,Degraded,-3.2779823423353585,-1.4307365391883284,-2.2967133981256875,0.3241520148558461,-1.5556705045755987,-1.0210445128658396,0.44047087171400523,0.11586928758131143,-0.0937634255631668,-0.8624188489132898,-0.1307650438341427,-0.693599409553839,-0.37946344063531223,0.9710283469310959,-0.2680726199053215,0.1278379592038646
B0046,57,0.5985624339665963,15,Degraded,-3.2564928502064707,-1.3670827395540126,-2.2000839179368157,0.36193647957352487,-1.4931873540941742,-0.9247508297153605,0.4233656802386531,0.1313440746368364,-0.18613562740263728,-0.11804471538972183,-0.21593823664891043,-0.8899513196456217,-0.020104352533511647,0.9876290951841975,-0.250367388555234,0.1339530937417496
B0046,58,0.5911446075935494,14,Degraded,-3.3531606830136367,-1.2321329410332884,-2.1690454363570972,-0.02770959354645995,-1.464919682632413,-0.4378110227977185,0.2562512086932436,-0.05044839360381151,-0.31562205282119066,-0.11833135288477438,-0.20350524824649213,-0.7182807699630172,0.3481078399381676,1.2213918863706283,-0.24050480586601952,0.160441165659444
B0046,59,0.5822668338389198,13,Degraded,-3.183093889049075,-1.356682725634828,-2.1766203969689135,0.3496930778781428,-1.5589600417694736,-0.9008303380626598,0.4124753187979105,0.07682007896819577,-0.1641359957760248,-0.06687419327981296,-0.15368690811859112,-0.7673593999386732,-0.025575930619499934,1.03465105336278,-0.02473031188934325,0.14870604732007298
B0046,60,0.5767779783759324,12,Degraded,-3.218469089806831,-1.3812742457769047,-2.147461069909704,-0.1867024345872929,-1.5965496171301454,-0.9044635014076298,0.4348376957398552,0.26519646423394655,-0.008473150377364182,-0.15955734856371143,-0.1697874627301056,-0.7093603031460212,0.026893322409952892,0.6681809378737339,0.2444831140553024,0.1694567141635834
B0046,61,0.5800993550641032,11,Degraded,-3.3149163187284167,-1.3379134311659047,-2.446926697387017,-0.133160182260371,-1.4786544311592646,-0.7782719836908505,0.330031983721099,-0.09649443936472786,0.03538401730408422,-2.1604040254187744,0.019933937514864025,0.0693997886196353,-0.38763283715647895,1.0618705491535565,0.2503536690158009,0.17882382694213364
B0046,62,0.5855858154103041,10,Degraded,-3.2074100113996047,-1.3417024229848504,-2.287105458120244,0.3713971895441648,-1.5703521981520852,-0.8742073153239401,0.378181351152953,-0.08471808461359402,-0.11094599062382332,-0.7809251361235617,-0.013378248975051278,-0.4100701866010659,-0.1988752953306581,1.2199586472498873,-0.0708666278002261,0.14981946325018558
B0046,63,0.5781705135391608,9,Degraded,-3.1914715573456873,-1.3540832283563675,-2.140528901045696,-0.1683076201771713,-1.5824551730397223,-0.8870182683211238,0.4238107568467075,0.2912921605090767,0.03361408629209303,-0.1826974755761092,-0.2512620031431661,-0.6878383044231551,0.11226055421522677,0.6840113885365324,0.3322579018764762,0.17506382423612354
B0046,64,0.570541228096758,8,Degraded,-3.1637876015365674,-1.5127002021635125,-2.2401179314638147,0.2713353152073996,-1.4159439068447333,-1.1875792744476465,0.49184951619962425,0.24268426388090758,0.0633370209142975,-0.10385958243527761,-0.16802285200116027,-0.8586974252158223,-0.20161248618916489,0.8047445306800824,-0.18763178518478787,0.12764631490894904
B0046,65,0.5676191798059061,7,Degraded,-3.239312363110273,-1.385042950794117,-2.225472407880161,-0.13635355085915232,-1.4698239278748888,-0.7338240214334484,0.33940192177024725,0.07638688705531342,-0.03450146386910154,-0.09136364764018234,-0.12238105442047374,-0.69196453210341,0.12529510403879607,1.0096189322546938,-0.19399197546191943,0.151103070896727
B0046,66,0.0,6,Degraded,-2.73195511428758,2.624402070938787,-5.129562352795215,6.693908890581573,9.113429863536071,10.915388143751946,-5.422750759818613,22.59207578802336,4.651825535225584,0.325361350187029,9.274820570942804,-2.316291036762433,-2.9279134375695177,1.8505403965401759,0.35004801659886103,0.17004603682327554
B0046,67,0.6265423929141402,5,Degraded,-3.417098011743522,-1.0937489032898688,-1.8420713532163007,0.39121235067239324,-3.4963409089611845,-1.585744803548183,0.817650873703773,-2.1227367469528042,-0.32089087786820886,0.26453520304110056,4.540656496620641,3.419822673544413,-0.7558862594132181,1.4197882736519574,-0.03760028874369326,0.21989206450861132
B0046,68,0.6025226795178259,4,Degraded,-3.309999699304497,-1.0252536586162273,-2.295614367556128,0.6337591448031906,-1.2552094028229543,-0.2023692339523658,0.12039002108532815,-0.256035960913721,-0.43685537478690395,-0.839263076448579,-0.607914345578558,-0.5570700843722299,0.5054448893732412,1.9509962815396156,-0.16558076733898097,0.17031959194281585
B0046,69,0.595599300981365,3,Degraded,-3.309512870730292,-1.2278206154003668,-2.13434506224392,-0.02751003848809509,-1.41664449784547,-0.6219446743767797,0.317243381466021,0.1013373015247313,-0.12150626768032914,-0.14753748135727715,-0.31229764193405013,-0.6204593628345938,0.41339333574254394,1.1300121716408629,-0.024140210510040075,0.170955310417974
B0046,70,0.58731908687269,2,Degraded,-3.1867258082465044,-1.2772218427465656,-2.1426794444652812,-0.12994005045003565,-1.632315369816415,-0.8601867647476207,0.4168312430202066,0.24327921997116342,0.04698489908582818,-0.13703208500258718,-0.24212050538028984,-0.5682925167604278,0.2161974933173495,0.8528320284224536,0.3756896805910706,0.1846004085577588
B0046,71,0.5777716024117756,1,Degraded,-3.197212444215209,-1.3738815126381048,-2.1403192281379426,-0.17304334000034055,-1.4922096781781302,-1.057986178267106,0.4805080961851162,0.3741999915753989,0.1606871915691279,-0.18105457093870195,-0.26287629835380744,-0.6050507808513205,0.11430252061358318,0.6191249773109158,0.3874090876723845,0.1774346449988621
B0046,72,0.5769020585114734,0,Degraded,-3.25730852072667,-1.4430831614067219,-2.2360861603198026,-0.16664631688102086,-1.4325858373987481,-0.9460611076700799,0.4109785161384199,0.19458791421995913,0.10481884991462281,-0.07683525480186522,-0.131495132842293,-0.7164830790308274,0.031728580618630625,0.9353681203898964,-0.30002925497771693,0.14123148716576717
B0047,1,0.8371523723487604,71,Healthy,-3.7660011474251815,1.7402226681642055,-0.017334924033301464,0.36308468949540723,-1.1565178512304652,0.45600493260275965,-0.06242822200887539,-0.22616057109622886,-0.620875457483341,1.3591409545515982,-0.12417799055111435,-1.0212799971502358,0.41308279452100477,-1.1097563916732096,-1.2671609389184983,-0.1438570113848233
B0047,2,0.7621831052549513,70,Healthy,-3.682431995115962,0.9318889322799522,-0.4939977169827532,-0.07406661978653852,-0.20917017678217814,-0.04312141841417245,-0.02339892663074676,0.024017156431269074,-0.2414537554796486,-0.4347333292476121,-1.1766758854279364,-1.8825593323461263,-0.435106923616106,-1.1557824843086422,-1.039595201961223,-0.1486600853145188
B0047,3,0.7540381484986712,69,Healthy,-3.4715904026550763,0.9976700660055793,-0.3393420801175429,0.33325403196991116,-0.7610283495488125,-0.625173083638508,0.2457315491999875,-0.2982916394566898,-0.1650550276075882,0.24140515883573038,-0.10354974376997324,-0.9797580997332161,-0.5632475245430135,-1.4534288991670543,-0.3497772580631156,-0.11318626026287501
B0047,4,0.7417788980033848,68,Healthy,-3.47891452028968,1.2773594980431169,-0.3851191213067117,0.5178099534034046,-0.6036142176375497,-0.046596220885171555,0.016462489051061294,-0.6323761222462366,-0.43771507360107487,0.31658397672861294,-0.12372279070411535,-0.8770440446684976,-0.16865914990517641,-0.8189408443220453,-0.6616025293985432,-0.11651448030213378
B0047,5,0.7335695833073262,67,Healthy,-3.481999994640311,1.369117536539572,-0.44428936071892766,0.5904812033827194,-0.5264153525636935,0.21439391761504492,-0.0967974145845688,-0.7911840340083927,-0.5390941061079648,0.37186383900157866,-0.11857492715159708,-0.870857377484802,-0.05604650078166798,-0.5056635414662235,-0.9195553455097364,-0.12632067378902012
B0047,6,0.7244290784911335,66,Healthy,-3.4863006918485646,1.344062340339342,-0.44473508226955905,0.020686189538351805,-0.585831931439385,0.08185615834261423,-0.030022798876440684,-0.5031623064682487,-0.2789408589772597,0.28071986717124686,-0.034520018027776087,-0.8080236547349091,-0.1511585137046268,-1.0367422411510325,-0.7362666158221416,-0.1221474813975628
B0047,7,0.7229267090474663,65,Healthy,-3.4629046860837422,1.4838032182060035,-0.6218227363402479,0.6471939144174279,-0.4463610407637212,0.39099323240319583,-0.1965479148243823,-0.9871145190107478,-0.5114351323988163,-0.4652539216609554,-0.03958930553530544,-0.47651331834966293,-0.12429205895489721,-0.24473889698357176,-0.9235623675832995,-0.12438278923336162
B0047,8,0.7155591330891415,64,Healthy,-3.3746857167390987,1.391919780932434,-0.5758622051802951,0.5285364592581914,-0.5275477465297392,-0.023277840571170893,-0.03015720140227684,-0.6304270028495637,-0.2843581858112779,-0.022492545335448474,0.08403608919578102,-0.668503496451809,-0.4346891522317488,-0.7628579797782064,-0.9816387914201671,-0.15344015218662257
B0047,9,0.7096372758289266,63,Healthy,-3.303239200275724,1.3144384047862814,-0.5566722920849887,0.44913476794449436,-0.48261687986145213,-0.2977138992878987,0.07356277324280806,-0.34048721493092016,-0.09662350500070212,0.2781339098131269,0.0027459936586615207,-0.8924947353254368,-0.4809147219311551,-1.1726010308431114,-0.9265689269831284,-0.16812851773779047
B0047,10,0.6999987110904136,62,Degraded,-3.2703937711534317,1.3772503303298074,-0.4601413028032608,-0.08439172372841953,-0.6123410349232312,-0.35897279444391783,0.1360995320980907,-0.046001784339564616,0.12234367594325174,0.1682658654056254,-0.02440285134118435,-0.6616190506433419,-0.3752357777773078,-1.7567645193779804,-0.08512217079308347,-0.1173523445919547
B0047,11,0.6942578343057219,61,Degraded,-3.211721319725017,1.4341002877209212,-0.554547917366685,0.4659817483958804,-0.5041315566804707,-0.29850777248905275,0.07817995862580601,-0.24284995264098608,-0.002307137013290574,0.24626303197794455,-0.032431409182843485,-0.7267653775408969,-0.3791911934262026,-1.3109543869382023,-0.4230207675532355,-0.14199948213167474
B0047,12,0.6826117334764482,60,Degraded,-3.208156441178144,1.4697981572155987,-0.6607271464392285,0.5120932186025636,-0.4804417638009977,-0.010866687815520248,-0.05073448764481474,-0.45734859866364647,-0.13296440171403043,0.3570883637428734,0.02814183636470804,-0.8159914802077102,-0.36813200293822446,-0.8575339913636615,-0.96407671086053,-0.16608696407729487
B0047,13,0.7030221136485482,59,Healthy,-3.299038964671245,1.6692319565431206,-0.5635021514383297,0.6614863765288614,-0.4858274022403362,0.30276073288496524,-0.1506854313868747,-0.8792777202449111,-0.35237841012167676,-0.7311927106294707,-0.0203131590416358,-0.026565722371478626,0.014965617320361698,-0.45001852649260193,-0.019342215724954395,-0.07422468679908872
B0047,14,0.702877080676289,58,Healthy,-3.3023083841588776,1.4679663448990343,-0.6272676691109539,0.5437939096319613,-0.4750701406445593,-0.054083383627353515,-0.03325281943315532,-0.5552320883471058,-0.14791535122394217,-0.029857652716203262,0.12702918518786027,-0.543166644308835,-0.3970595422965914,-0.7869050671299415,-0.9524413388865469,-0.15856371152505322
B0047,15,0.6933831440863939,57,Degraded,-3.202665323074714,1.4641408427482652,-0.5606158562202256,0.4925965703592561,-0.48238772436883876,-0.2544925357129109,0.053031647465134606,-0.22729319807562742,0.023891686237208127,0.2797454000640882,-0.0596619468329832,-0.7183361251507934,-0.3462628683213255,-1.2079308698863944,-0.5142783456757929,-0.1468243384972425
B0047,16,0.6852526530710112,56,Degraded,-3.232026886384343,1.7434640369035006,-0.6073818715643864,0.7103565476491365,-0.35875965032891677,0.5114299417110574,-0.2452107076095645,-0.719124764240901,-0.3544836793149417,0.34436107642625907,-0.2169850190050806,-0.620246735868775,0.27005526704625044,-0.33829938115152,-0.6621233189051848,-0.12269897107190754
B0047,17,0.67487155574118,55,Degraded,-3.143492337369947,1.5197226712972804,-0.6561160244607254,0.5118700333011856,-0.40969996130322117,-0.0965049863492078,-0.023617163417837234,-0.378476928236431,-0.014225466142734133,0.30592539547457925,-0.0007494886794509262,-0.6973091935690631,-0.268222031117476,-0.9567323213356617,-0.7732915742840738,-0.1598293675912519
B0047,18,0.6625766683969893,54,Degraded,-3.127761618853129,1.6612350335911181,-0.6971222030327465,0.5958589846264238,-0.35838784059010464,0.19838339732967575,-0.13884243442033511,-0.5176952643584349,-0.13783829234071027,0.3221290439571294,-0.06641351967823586,-0.6509510360348887,-0.06980335224291317,-0.6454935660998229,-0.7630509358868856,-0.14969021862267642
B0047,19,0.6555971934817902,53,Degraded,-3.1739292388681224,1.8829606216915342,-0.7634842560967512,0.7566473155844626,-0.24842839164300212,0.6630444786214881,-0.329552849665122,-0.817938892664939,-0.3179733465287736,-0.10723827573067919,-0.1300963103002252,-0.33718422346797056,0.19583015039534013,-0.14828018150847758,-0.6446131443131948,-0.12540331742279776
B0047,20,0.0,52,Degraded,-4.230641063188422,-1.7375917451328131,-1.930576451435279,0.07423109706477558,4.910814533292744,-1.3966179274612962,0.46492274154310853,2.3411022667947785,-0.3633108564057362,-1.626814007832609,-3.8616317521447567,-3.2269489671982816,2.2103278551683165,-1.6590387609188788,-0.6807360830519805,0.05288959337268913
B0047,21,0.6697117202966446,51,Degraded,-3.2579833807699865,2.031134450002514,-0.2552630844276907,0.6572346722877935,-2.3049319601269227,-0.347399755967469,0.24206146769194561,-2.6457575955918,-0.38798228494816195,2.05572519912404,4.76130246177393,3.244313043990917,-0.4247492843826754,-0.42994052957187423,-0.942976364031015,-0.09500673598297459
B0047,22,0.6424578571280362,50,Degraded,-2.974836824051649,1.5988050756474117,-0.7339322928370615,0.4754289515892152,-0.267705947241129,-0.22411719393415833,0.010235619994208767,-0.008477199183549658,0.23007001276282996,0.13577380698225955,-0.36695859052875107,-0.8057071352947703,-0.2632818083529306,-1.2820014275840106,-0.1728318780888464,-0.14320533535943558
B0047,23,0.6408595796639035,49,Degraded,-3.0423279769453755,1.705770564443296,-0.7665086852076045,0.5939710715824281,-0.2540180035513497,0.1743102633886194,-0.15157585779413457,-0.4795430858705076,0.0021820386279503274,0.3006161617148502,-0.08385435930473378,-0.5642167321118237,-0.01047440023948523,-0.6917043362204023,-0.624874725974803,-0.1482981487316939
B0047,24,0.6300025821471414,48,Degraded,-2.941922540500282,1.5535391197310109,-0.8235658620327919,0.4096416489052731,-0.3550721397380846,-0.4259305423771259,0.07422586509249013,-0.12219174471819497,0.36195879305382617,-0.2671981512545036,0.04126805809101815,-0.38591629289406393,-0.5853378341260667,-1.34523960911789,-0.13061421203164192,-0.14485045094703464
B0047,25,0.633035192996563,47,Degraded,-3.0274097285891046,1.697217114936589,-0.8338137734872199,0.5971152334131979,-0.24498035722082345,0.2520700937436608,-0.19740579978854245,-0.5741226733212902,0.0038376502684197666,0.3416353877315188,-0.038310969832169695,-0.5820612901816139,-0.02353968580174108,-0.5153088667072458,-0.833084758947133,-0.15775628746252343
B0047,26,0.6206795147140401,46,Degraded,-2.914155916651647,1.6688357693842448,-0.7981003224027282,0.5061604257234394,-0.28865793228655867,-0.07740295651088475,-0.05915795584093346,-0.3031198920032553,0.20140568081936983,0.2745361102024639,-0.03445667258412679,-0.5078641498299935,-0.17339652107402598,-0.9865722208494907,-0.3525376209772846,-0.14650045193156944
B0047,27,0.6149436851742656,45,Degraded,-2.8964303340841555,1.867798995875152,-0.7719165312906265,0.6402591116062831,-0.19331319959293042,0.34205575041675895,-0.21688592128712605,-0.540249715765711,0.013254480578929745,0.25783836975623675,-0.18437108718642248,-0.36993286806341386,0.2897691035234045,-0.5896684473179137,-0.16344239508280706,-0.1180933544223343
B0047,28,0.614044307253348,44,Degraded,-2.9148907199802947,1.6491249724120634,-0.898914047402203,0.5208684631501915,-0.24405962171818227,0.03535047596589279,-0.13104234116495136,-0.42878109844500784,0.22988447175790452,0.30018125274366764,0.016996554933772067,-0.5333920369982548,-0.1447462098970573,-0.7777161372867946,-0.714143258109754,-0.1658350515236799
B0047,29,0.6069928594535021,43,Degraded,-2.900699496657,1.7958373953200926,-0.9077346092285957,0.5920124548865527,-0.1788743794463276,0.22407615632271402,-0.20053740004646625,-0.5434847487546476,0.13905304344670233,-0.23106408767355335,-0.051837328790104525,-0.2230971199495027,-0.05855961222324868,-0.5773155461151441,-0.2963539325015005,-0.13221716693902122
B0047,30,0.6086717532282094,42,Degraded,-2.928014196076216,1.771801227717417,-0.9598862850848183,0.6225079530745948,-0.1635992697589855,0.4115122696103005,-0.28275013377860886,-0.7028087308339537,0.04268196202158695,0.3584010944726469,-0.05224292999369451,-0.5151091466353904,0.1355384582833124,-0.2899735139647615,-0.8846789522445073,-0.1591647566335686
B0047,31,0.6036722972257959,41,Degraded,-2.963168603405135,2.037513737935474,-0.9160276371064037,0.8196987854165141,-0.020016590819226947,0.9991445662956485,-0.49667422638157216,-1.0665340360534603,-0.299581545595338,0.3947618469421012,-0.18864631040354307,-0.34036088287925453,0.6967057057403552,0.3275440067460158,-0.7971897136392059,-0.1273912282958107
B0047,32,0.594020246135225,40,Degraded,-2.819991579488643,1.5511564397022568,-0.9379173279228561,0.42733660252855166,-0.17660371945587328,-0.1730743519178296,-0.06579905185529329,-0.33440157438562507,0.3653332350872396,0.2848462253365242,0.01834028693109118,-0.5875678418158559,-0.31785869334384637,-0.9015675947880218,-0.6292816669535325,-0.16955204150718936
B0047,33,0.593152374943271,39,Degraded,-2.6941335747227133,1.9426291916186311,-0.790444036516779,0.578403248094047,-0.29265200391074436,0.1313307307635946,-0.1274002264417105,-0.3832453786435568,0.24889758445057725,0.2017814803517829,-0.240117130273785,-0.1250438509591739,0.38081001752364985,-0.9219379960350169,0.8043990895021914,-0.06619518732358719
B0047,34,0.6306967735514253,38,Degraded,-2.9649027700687727,1.574557238026005,-0.943366811350504,0.49334612740720524,-0.35809287480330365,-0.06572537749786656,-0.10234022563529147,-0.801642032892435,0.24187060324725732,-0.8367428796533875,0.2576089903951191,0.19071937652049092,-0.3700029198129281,-0.4893443895268985,-0.15607240941007627,-0.10851221298646858
B0047,35,0.6324123079425326,37,Degraded,-2.9222825559087298,1.5166589407888011,-0.8827793316822687,0.4234862601332806,-0.424904082364142,-0.3769355252074911,0.027304016739192683,-0.33622429392445413,0.44694305495958586,-0.12743420988323373,0.16475166057475696,-0.24367424232176138,-0.511057761220617,-0.9840528927368596,-0.33509295971853603,-0.14398061571870416
B0047,36,0.62332472744911,36,Degraded,-2.9561775819668337,1.6932469710532614,-0.8460640475569512,0.5995129779203134,-0.1458576214061534,0.24600327697543992,-0.21680146122519414,-0.5785577947540711,0.1173263216769335,0.3301457467147136,-0.25521221465599797,-0.558248324329029,0.14009857088409167,-0.3545828274546568,-0.5179130552649446,-0.13217851083748522
B0047,37,0.6166962076397541,35,Degraded,-2.915700077454468,1.4516876907685008,-0.9395324852988383,0.4521138831570279,-0.18919950836404684,-0.14129218985211806,-0.09768214432779126,-0.4428590303031254,0.3774560835297148,0.3629807704675402,-0.018026038385344972,-0.6511361672762416,-0.29382064049865275,-0.6784274976030255,-0.9373740712244444,-0.1780635072201981
B0047,38,0.6064625036018846,34,Degraded,-2.9013997477065048,1.6221283138825833,-0.9227943370834931,0.5598555630607548,-0.14618108313679257,0.2260310627173786,-0.2374131682256726,-0.6454366371131472,0.21055157859677032,0.38632733049685186,-0.08719940266231832,-0.5492568084158016,0.0010992723903997742,-0.27972668037366943,-0.8618974481679647,-0.15873029250501816
B0047,39,0.5999553298971824,33,Degraded,-2.89555386521191,1.644681540217956,-0.9279051621301142,0.571070774221205,-0.011541080529490254,0.24031045294613532,-0.24237142069505885,-0.689408785023755,0.1663913537038665,0.3794570627286598,-0.1091349297951137,-0.5273022247312285,0.0930935898289237,-0.251731439670695,-0.8704621470783381,-0.1591307049436168
B0047,40,0.5951279519196692,32,Degraded,-2.7438691744299253,1.5025146976950599,-0.964261514794648,0.37272816391600994,-0.22794435011923436,-0.3992152237537921,0.0036208391058873226,-0.29310211236949113,0.5941051108101703,-0.23172061762507956,0.015399179546961527,-0.2656164008200807,-0.45497251534791044,-1.011037054642853,-0.1080807177296612,-0.14020700730133098
B0047,41,0.5946281897727926,31,Degraded,-2.859593207890891,1.6724834800398347,-1.0146942265476433,0.5946088189340051,-0.057374470899841906,0.411583864020708,-0.31790557891849025,-0.8408049171480375,0.13832310448308308,0.40444680852407283,-0.16935239976967412,-0.5215703037305646,0.23276985597208621,-0.019894569163973485,-0.8082651589105562,-0.14503255338954674
B0047,42,0.5835348425629695,30,Degraded,-2.5570050938955284,1.2370524382347967,-0.8766839343471037,0.11067305445818784,-0.40909732516147973,-1.2090770899896657,0.3271992032458237,0.29563084347017876,1.0712929785569874,0.15595364280633164,-0.018557943531781952,-0.49654181882715176,-0.8068285351359405,-2.0380637406157716,0.6378149707044416,-0.12746479348703818
B0047,43,0.5807674201545184,29,Degraded,-2.7776606088301707,1.532437205291052,-1.005967770173774,0.4726607834451666,-0.0633009983644602,0.028704880242776912,-0.18897194817253132,-0.6005864034664188,0.4067183169086311,0.36899154615508706,0.0005588892788294183,-0.5116664313882484,-0.1194812958151621,-0.4123952116897083,-0.876615070157268,-0.17154478996857114
B0047,44,0.5777781922174994,28,Degraded,-2.6874367678639395,1.411459756929278,-0.9888857056544986,0.35501102656746275,-0.13660330247124797,-0.32240540236977816,-0.05267033932094387,-0.3692548144690649,0.6215783181736019,0.3246093408871596,-0.020267498688832913,-0.5380880852969466,-0.3178515760300413,-0.8433839305994649,-0.5036653378660932,-0.16300719357771076
B0047,45,0.5744262333048856,27,Degraded,-2.790603184116589,1.536578603425957,-1.1102056535709046,0.4670532698090423,-0.040806607893469925,0.03378490170491011,-0.20889443132684846,-0.6725603360502745,0.4508644699362992,-0.16628969563048546,-0.005014164924471704,-0.32918169735454683,-0.26344949107667487,-0.2919515230313323,-0.6890410425037481,-0.15540763909239508
B0047,46,0.5717864933943895,26,Degraded,-2.6329109200706116,1.431010491515491,-1.0499236537887036,0.8730772106073361,-0.005173294133562082,-0.40955085883753134,-0.04848944239078656,-0.509107202315391,0.5410737974440213,0.3641865007929959,-0.028435476039232032,-0.5714898853452881,-0.35848262758501,-0.5345866315969817,-0.6733020702555832,-0.18001176702158272
B0047,47,0.5709007689714268,25,Degraded,-2.5614702763485786,1.3423203317720616,-1.0405272945080695,0.7950795976627714,-0.11737163379613395,-0.611946729482231,0.02986763219828836,-0.41772141472033897,0.6826882733552189,0.3500845292746094,-0.04118704862980514,-0.5525679412154795,-0.4608652077733885,-0.7779750610250485,-0.33685743572037813,-0.16537271695366124
B0047,48,0.5680293237511275,24,Degraded,-2.6266453432742756,1.3884554991441662,-1.023961324092496,0.3259188687846073,-0.1525334074924489,-0.3487103072702799,-0.05115137045092631,-0.4322014074894826,0.6756719221229989,0.34543437102643343,-0.034464676655755276,-0.5006668808943372,-0.2816113789734353,-0.7716274648865964,-0.32656069523913894,-0.1480962721334072
B0047,49,0.5618182340484643,23,Degraded,-2.694760107753484,1.580692720305952,-1.0226193208944832,0.4893731263277934,0.04628366131432656,0.11219294249106361,-0.23647387048040103,-0.6962604911176284,0.4590395552676042,0.36527585039482896,-0.12377920830980453,-0.3787820907226376,0.12341910573688872,-0.29254215200927247,-0.4189829039047166,-0.13700990545344038
B0047,50,0.5660249450164472,22,Degraded,-2.5847687983969334,1.5084446803217553,-1.1907437416314808,0.9086541179234928,-0.048367459516205136,-0.19236428889100735,-0.1419394422522847,-0.8123529570944882,0.47835293971336657,-0.15257638315644656,-0.09287139369166444,-0.27202129394400737,-0.2315385997690952,-0.15122570930565943,-0.2777744243293476,-0.13651483275033174
B0047,51,0.5585050881079076,21,Degraded,-2.7234917867506794,1.5722340196523095,-1.087311496706496,0.506068466623034,0.06478812081476311,0.19693130331752665,-0.2768410187541795,-0.8217566821830251,0.38819402325330504,0.3963821844282267,-0.07665592866777193,-0.4343767180085556,0.1040016838427749,-0.04856169706045642,-0.7721300479813754,-0.15133758388701504
B0047,52,0.560021519860991,20,Degraded,-2.564363324989993,1.3958748507036334,-1.1506866527199069,0.8786995394436931,-0.004872775926827314,-0.24044358088702655,-0.13937892084409492,-0.7592694475562158,0.5447607407263837,0.4105734351157705,-0.10561053116514856,-0.5560993116657214,-0.16903928743396368,-0.18792916768470347,-0.6518227564529343,-0.16421945702614962
B0047,53,0.5529886722958532,19,Degraded,-2.561301558136474,1.3506639556006226,-1.0240864544726824,0.2692269472247736,-0.030177464219997965,-0.6043230090768972,0.04027857905912541,-0.29919155470023506,0.8462628612138724,0.26209460534814444,-0.06586366790200483,-0.40925394590769715,-0.27832138193182854,-1.036823142360606,0.01752762853773736,-0.13578276578799997
B0047,54,0.0,18,Degraded,-3.9813992789695565,-1.2559550876629486,-1.8263347351164319,0.32193525810913215,1.7495185116075203,-0.7913015607335802,0.3053172290995121,0.4401757213489281,-0.3771540568112468,-0.37859252932977433,-1.0569377673438347,-0.8574017553917459,1.9019741875718632,0.03349806179927595,-0.9518631954566988,0.09598119427358866
B0047,55,0.5953951187381008,17,Degraded,-2.804112263888841,1.5193374719617434,-0.9212409604280745,0.3746363021838821,-0.9056748348763781,-0.637339166197979,0.10875571800789566,-1.3110418951233114,0.6184009678174506,0.009623292185739655,1.9124483087017383,1.3766326849157098,-0.7572872675653909,-0.4488331963023526,-0.5220105208332997,-0.12719256255888675
B0047,56,0.6006193544227011,16,Degraded,-2.722118924684484,1.4061259002508493,-1.0245651365676438,0.3679358440357778,-0.13735898758418588,-0.43703892339916905,-0.016986430184567688,-0.407127991078762,0.7203270863841533,-0.15935418755940395,-0.17462867519178166,-0.3020788940318732,-0.2944932841295048,-0.6716534012407087,-0.17441512039530754,-0.1306925421427681
B0047,57,0.5953454774512401,15,Degraded,-2.7034039141371706,1.2976058569623927,-0.9808691909008858,0.3190294664250963,-0.16127859666833394,-0.5308707295594836,0.019943354187865296,-0.3481584954653663,0.7650236522935907,0.3367061835274989,-0.21853663353624544,-0.5217751604379366,-0.22651981855499556,-0.7726760761023826,-0.14732323304349482,-0.12819927533304293
B0047,58,0.5882187865154171,14,Degraded,-2.814840462409391,1.6269781591944037,-0.9739016469894898,0.6216195917978358,0.12094202131386819,0.42682088747373537,-0.35890122019857473,-1.0117076935327756,0.23217772071631354,0.46625224429941964,-0.252791214463343,-0.357658284959446,0.4785479164191885,0.36927009518910625,-0.7746545869555514,-0.1285557414344767
B0047,59,0.5814055186396176,13,Degraded,-2.7393521714353173,1.305077029224406,-0.9950508212160417,0.3874299165215384,-0.03935579166624519,-0.22462199145889503,-0.1281334578381307,-0.648773668322658,0.6265851839200178,0.460657178269003,-0.07094111159333717,-0.5063702049896203,-0.16925411312594754,-0.25177902001384916,-0.792283900574282,-0.15702537449539747
B0047,60,0.5758076420291292,12,Degraded,-2.7315748436467855,1.3047569914236619,-1.0119727664257572,0.38968347140371384,0.024152735461374586,-0.21414115034776116,-0.13846023571633972,-0.6622234763381355,0.6314539980816495,0.45483929999572437,-0.10205730656509254,-0.5261813524773473,-0.13818741542632204,-0.22623200847667904,-0.8313356342240554,-0.16000214343929572
B0047,61,0.5791836749174312,11,Degraded,-2.787992262128605,1.4255125656557488,-1.191267739963252,0.4756301233003391,0.04055755750929752,0.06618516188553021,-0.2674907767575761,-1.008170648028373,0.526798423571304,-0.6348274128667257,-0.0012088320556621003,-0.014539545282876497,-0.21802238657117545,0.2571489857087049,-0.7905204056935322,-0.14075748559537923
B0047,62,0.5846142644193103,10,Degraded,-2.7754307138593846,1.4869186523833813,-1.0626236200168266,0.5051367967595409,-0.0028317211251640915,0.0351264470841605,-0.2364911009527394,-0.8551540128867282,0.5441467998574376,0.0031602558757763215,0.020656504035783695,-0.13212105915003403,-0.0746694030287827,0.09319786636770806,-0.8239804690674273,-0.14929649027959982
B0047,63,0.5794074238109232,9,Degraded,-2.6114141433685343,1.2290380353924961,-0.9156317280951236,0.2627321470690555,-0.12012579632541269,-0.7613912292503129,0.08692654627245842,-0.18256701302853437,1.0078924853394648,0.30816413273019044,-0.2049238172082063,-0.41707771055592247,-0.337072989682622,-1.0135468648405006,0.1296891514127429,-0.12493682145047406
B0047,64,0.5719794073852728,8,Degraded,-2.6132569699982717,1.2879580996392088,-0.9855848037279711,0.323546796712338,-0.04532613543251699,-0.3994917897193159,-0.05528894429635963,-0.5526657330497311,0.7524281445919112,0.36878296620939444,-0.23819243177410465,-0.4545701116288433,-0.08256707150560123,-0.42737650932387405,-0.1764512446998907,-0.1207620284426328
B0047,65,0.5691970534079699,7,Degraded,-2.686179928513115,1.2843391107137796,-1.0414179304866755,0.388477774888824,0.04540585188557356,-0.2051281061158033,-0.16031906918556643,-0.7087312890231007,0.7084154796619268,0.47315296793736433,-0.09148375975570773,-0.46033078931416965,-0.10232430678004051,-0.13892039291281363,-0.8149268089576868,-0.1578272767215115
B0047,66,0.0,6,Degraded,-3.1019523813638346,4.9824714380076625,-6.449774534682705,8.906247215690813,10.954840993658486,17.147052464420124,-8.297229772322058,31.95994873232778,6.812948305951422,1.6803793948031716,14.826503223468825,-2.310841056866627,-4.558790777185605,3.418855960497866,0.9338837639620242,0.3994883242333991
B0047,67,0.6106551425197834,5,Degraded,-2.8900839384978285,1.7464705203979345,-0.5870822976435883,0.43285357486457243,-2.009220004063649,-1.0304866859647115,0.3627766715821397,-2.479786758028644,0.5255047209458618,1.3543431430585466,4.614746377468694,3.600359106200731,-0.8103653005141515,-0.22970402312273186,-0.5906207216381493,-0.0870842053212283
B0047,68,0.6015531489444531,4,Degraded,-2.719104331392833,1.287516149303361,-1.039308226294363,0.3451361005182087,-0.010184755471554967,-0.5275658697576461,-0.020048024623409745,-0.28609179819878894,0.8867467525849186,-0.1480903528437997,-0.4446812385160768,-0.5046294972414407,-0.330752242261246,-0.5027527420018125,-0.31617075484083773,-0.1377802418403442
B0047,69,0.5948573556098842,3,Degraded,-2.7170483585049716,1.2041810812859293,-0.9640187372869736,0.32761506193188167,-0.052892499566639925,-0.5335483469267808,-0.016873615641003828,-0.4385046425770316,0.8503759647128686,0.4320433573085163,-0.22649407816686357,-0.5319813544738708,-0.22594106110691156,-0.42979003201874194,-0.5429074134663345,-0.14529552880923655
B0047,70,0.588711284421007,2,Degraded,-2.648203090821952,1.4171879481386895,-1.0154462375753899,0.9759211661375607,0.0338018256319628,-0.19260316859525684,-0.1692012575606204,-0.8241806823020194,0.5690129019282958,0.5555601656451324,-0.22709390113627323,-0.4229746714519628,0.03841442239493703,0.2722023648689535,-0.7535209028302218,-0.15067643232815955
B0047,71,0.579221513646909,1,Degraded,-2.621252404424618,1.266415075956408,-1.0425971265210927,0.8827085832325052,0.053699172652658236,-0.4146546571451765,-0.09859656819340698,-0.7017870453763619,0.7008374113714462,0.5296294739814549,-0.24211122863352103,-0.546575405913276,-0.19467160872520597,0.08999168868024475,-0.7455839229935248,-0.1588424880568336
B0047,72,0.5783543758420898,0,Degraded,-2.666764836346572,1.2249866147821813,-0.999034799619145,0.33192005551684234,0.006071791784058061,-0.5246814761340112,-0.03432501731651205,-0.5021328227561708,0.9088622156374908,0.4407194495451021,-0.1602676950385932,-0.408191090825751,-0.17285106529145672,-0.40937672460358016,-0.45927661728024594,-0.1415250114442851
B0048,1,0.8289977896838804,71,Healthy,-3.92083058586279,2.2290132830989986,0.03373203656202678,0.7225358203864254,-0.6243107956160665,0.909925809745257,-0.23803605137298808,-0.2924020849539662,-0.7578543737595314,0.6946622761872207,-0.19409383588700058,-0.26924458996652006,1.0544136253183565,-1.1859072884990631,-0.9051364633034775,-0.13105620346291885
B0048,2,0.7538466738049387,70,Healthy,-3.749122517399611,1.559730927533748,-0.5501227201299479,0.8720857753673857,0.41460662986881036,0.5728916050123376,-0.3052651981905573,-0.2534080297843174,-0.4990135877171748,-1.0208438825124007,-1.2328290998138314,-1.2192904931602089,0.1434530075277061,-0.7344227339777231,-1.1843729099460827,-0.17764044516744643
B0048,3,0.7494611671804016,69,Healthy,-3.6020913148760676,1.3991082607057443,-0.3910305560178686,0.6312646832502896,-0.24188679166382712,-0.29734816917949347,0.08419143890379724,-0.3176956077532012,-0.1487157002039712,-0.4057365938859702,-0.05024361551541826,-0.4119813888686851,-0.2614824157370005,-1.5825742632362634,-0.5403163007509796,-0.1497300204009828
B0048,4,0.7391459751248894,68,Healthy,-3.6266674332938442,1.7293946296017666,-0.3230597001237984,0.8529534911594163,-0.058079159571810784,0.28911541823239134,-0.129767618732341,-0.6224288676119475,-0.45308224936335967,-0.39442586704496724,-0.15493599635256178,-0.14529313035026828,0.3271251832622269,-1.049421725920015,-0.36583599354303076,-0.11858126455863102
B0048,5,0.7309284456953055,67,Healthy,-3.568541504882581,1.639895448016712,-0.33079533873542993,0.7598184497033166,-0.0706999939157366,-0.005289208256074563,-0.022089530869063397,-0.42327322671539924,-0.27104145126279244,-0.4121671458956411,-0.10279309530064325,-0.17227599911766758,0.082070463747241,-1.3820591261913022,-0.23681886683997425,-0.12620425994099915
B0048,6,0.7254796353236738,66,Healthy,-3.6394303113338027,1.5724854421588113,-0.4709631620468471,0.7862542816952794,0.022685728855664295,0.23162340313866445,-0.1516920884019271,-0.6824096379415269,-0.3740684210742235,-0.30302361101589054,0.009414558542765532,-0.3596850919224877,0.004195193873274362,-0.8778821398565728,-1.1752180678421302,-0.17451628816613834
B0048,7,0.725873498573554,65,Healthy,-3.5868674595689485,1.581497347056768,-0.5650701118350121,0.7489660526463681,-0.041560521620647564,0.1098111576216719,-0.1111351195576033,-0.6908467962783296,-0.24900420715022725,-1.1402061371989383,0.027585798910428203,0.028478672536116783,-0.1602536897927521,-0.9974301261025592,-0.622264086955895,-0.1423278531954498
B0048,8,0.722196433143738,64,Healthy,-3.634639608926499,1.8173507731944423,-0.4971935002198039,0.9306111467081337,0.06253327240508591,0.6320211913455517,-0.3006782274332357,-0.9496163384157466,-0.5592839384128447,-0.640670337292921,0.005621537908991837,0.008668868941494724,0.27244722026913826,-0.44471489934825836,-0.9573301663673242,-0.1451722472902795
B0048,9,0.716369161982688,63,Healthy,-3.461473453982748,1.8307672403325068,-0.34776230742242414,0.8269216017005913,-0.0387872055395453,0.19847332943386567,-0.09573657064475632,-0.48738745620027185,-0.29471343473897,-0.4445628377223531,-0.22755948556113137,-0.0014155800552930523,0.4007788808183519,-1.227224082012578,0.21083715515392062,-0.091995765999904
B0048,10,0.708620600719331,62,Healthy,-3.428331798335532,1.7185203767698933,-0.3958857485920664,0.7525711960149256,-0.04565351423513194,0.02301238011132517,-0.045319010436154016,-0.3993441423225464,-0.16600746434817193,-0.4201989596420091,-0.13409807306276936,-0.06969128443641542,0.14638351595604865,-1.3629182129918567,0.03599294183635925,-0.11395719898284921
B0048,11,0.7028779972286726,61,Healthy,-3.4022045274620356,1.6353250514428472,-0.44960665353166185,0.6836471444138521,-0.05288310052851453,-0.14767545561314444,0.00986962524567181,-0.3200942932017316,-0.05528525786797292,-0.4433052417797049,-0.08165743428321351,-0.13251009511051487,-0.019938794437460296,-1.4825500078521332,-0.054535450319353126,-0.1256693500952472
B0048,12,0.6951353134948532,60,Degraded,-3.437086093648894,1.846216314180373,-0.4697096789925649,0.850020705402836,0.06887870661528138,0.36519833512224287,-0.1924503836848141,-0.6223554816512128,-0.30405122454223193,-0.36354799571533275,-0.11469197975611445,-0.025985897870364563,0.33915582120025534,-0.9252960054146132,-0.2908991572638683,-0.12323451034340838
B0048,13,0.7098329653940163,59,Healthy,-3.5643550777532984,1.6220048695782394,-0.6039755777666445,0.7929032427955922,0.03612276663461466,0.277382393668303,-0.20524409826777937,-0.8739646062606135,-0.24814145826903533,-1.2300721049131573,0.17083287939100328,0.20954335292452206,-0.13808159971254966,-0.6217660220491467,-0.8855797075813041,-0.15107660843754936
B0048,14,0.7095281992616136,58,Healthy,-3.5648451458862644,1.8429663766326791,-0.5304517532667337,0.9169714322722119,0.10092317038523,0.5422296235734722,-0.27895224073421093,-0.8842085173312668,-0.4214213219261128,-0.6664343438234511,0.044469967857706974,0.11753743055065301,0.28301774264811547,-0.48337215808866185,-0.8894256146584915,-0.14586037606451574
B0048,15,0.702136178352028,57,Healthy,-3.4722198172091563,1.6970362980127875,-0.4980553998045015,0.7889450319437349,0.08186360433859335,0.16651105824789325,-0.13663041709672002,-0.5161513648888808,-0.1741495780544191,-0.3671111574992347,-0.07694079861818486,-0.1677761812355289,0.11190879914852501,-0.9924208121787744,-0.6830361540787483,-0.15406814149444445
B0048,16,0.6958070245479171,56,Degraded,-3.5170031575050165,1.7986843486646438,-0.5807759595481694,0.910411783256554,0.2155637523545561,0.6553751761962031,-0.3434373760201342,-0.8993052615889527,-0.41608326102659143,-0.30653145893793815,-0.14365235264370785,-0.19184872215697435,0.4351207231050898,-0.34697609097746007,-1.0975237752230054,-0.15826074219223382
B0048,17,0.6874809175147367,55,Degraded,-3.42779502369295,1.7927726788068938,-0.5667419825097518,0.8373360497067873,0.12722133248790435,0.3977211731542984,-0.23505501061772757,-0.7034269656691213,-0.2506681133712849,-0.3477167543987477,-0.07078728238161758,-0.09496075771275166,0.2860203673263853,-0.6853359837811673,-0.7241726436827186,-0.1470887023371692
B0048,18,0.6772577856535582,54,Degraded,-3.3152581183926326,1.8646567820446223,-0.48850023546342103,0.7947015484980392,0.11212978410093898,0.1368412712396697,-0.11171762941776521,-0.4118158895537965,-0.08171410530880442,-0.43120208726912734,-0.15522743420885138,0.07039577534290116,0.30572098289097116,-1.193642825113797,0.10459733552762317,-0.11176070867669037
B0048,19,0.6720111536657992,53,Degraded,-3.2598104804236447,1.6967588609978648,-0.5975474334520049,0.655235334225356,0.07390111557162547,-0.23094853696430762,0.007154192691471218,-0.2592877257928207,0.16289167972605298,-0.9109197760470246,-0.052397033697259884,0.1423584013246048,-0.16515460513036953,-1.4991425606452553,0.181858056606991,-0.12346603910773202
B0048,20,0.0,52,Degraded,-4.355978503618148,-1.5389047058224579,-2.049860303855322,0.2701285595673337,5.030245801918899,-0.7802578419015905,0.21424210120983952,1.8893377928680113,-0.6740717455307763,-2.1465265448573247,-3.9141064150115543,-2.9649229800677994,2.5419168462877537,-0.8815074434067269,-0.8880726797830577,0.07436856202722496
B0048,21,0.686192237930286,51,Degraded,-3.4324091300146637,2.166629053878124,-0.08122042813633003,0.8169631633698825,-1.8758573037635669,-0.4300137768312191,0.2776726232913495,-2.5808945685065745,-0.358516896083194,1.3501358137437378,4.689814787314632,3.8766808813317075,-0.12094672063209888,-0.9028101757657325,-0.20503508002104703,-0.06166289074706032
B0048,22,0.6592052876337205,50,Degraded,-3.193678853440345,1.7210895310009806,-0.5841172666392315,0.6565325879641246,0.21396316179938438,-0.2420258254011817,0.006234634952490044,0.01704665991688271,0.248419033478272,-0.568270535497474,-0.39588978619613924,-0.20940132610689727,-0.001527023253516836,-1.6422504349391314,0.2563138856066946,-0.12891877449198988
B0048,23,0.6556363799789302,49,Degraded,-3.2562507859360728,1.891251588033955,-0.586953307835062,0.8113280828971212,0.23254761547640285,0.26158105096306017,-0.1868438373970251,-0.5290740685891704,-0.054064686257138665,-0.390408718451096,-0.16371158282854897,0.08333600330017917,0.40698703149010507,-0.9587049815065388,-0.0471343228222068,-0.11821589610063499
B0048,24,0.6485086209500593,48,Degraded,-3.30169428767405,1.944003873894552,-0.7154953866784185,0.8641450114738214,0.319854068256849,0.4708050422249509,-0.2901945757427258,-0.7401477459954686,-0.14380701883064212,-0.8105491898773167,-0.07080600105035946,0.2453019556190556,0.3024579953356466,-0.5782920202791514,-0.38001697379419164,-0.13171868361264602
B0048,25,0.6497609763315859,47,Degraded,-3.083779838216107,1.901695392720462,-0.5043653529346884,0.6976530358249771,0.06016273650620438,-0.17011850760623096,0.011534087553301306,-0.19655339215262527,0.2073061822074869,-0.5228601868627847,-0.23708339020630828,0.29576118594376294,0.36413326660960627,-1.6139342964492585,1.140515390493316,-0.059700648487109785
B0048,26,0.6413077033364786,46,Degraded,-3.2458198964806937,1.971559505396081,-0.6721437132472367,0.8828314750123049,0.31871285316047643,0.5613999751338369,-0.3229923779035629,-0.7596931053358336,-0.1561333440857906,-0.338872229282487,-0.1372477790947194,0.12211658430397904,0.5385006622440806,-0.5272626203486623,-0.3524836598265986,-0.12714874083172306
B0048,27,0.63764450762035,45,Degraded,-3.180625302868296,1.7798258903336235,-0.7120377946813263,0.7535399000814764,0.28004063082291597,0.2732985817101107,-0.2326171308999281,-0.6249445290072324,0.046967903516706974,-0.3864776852606397,-0.11174753003886707,-0.011029779939461012,0.2715554805449792,-0.7607701334222995,-0.416055558700014,-0.14286757259359265
B0048,28,0.6367786236632036,44,Degraded,-3.156458127427569,1.751104436635776,-0.7686297329160282,0.7109315286619059,0.21635626690868984,0.13985926540077365,-0.17983242919721232,-0.6005802922111891,0.12778504963354387,-0.36240205621454114,-0.04830548129840814,0.01119706942171605,0.22036684276622237,-0.8845122753792117,-0.36155708233598133,-0.14220309452621918
B0048,29,0.6297057166969268,43,Degraded,-3.148657122990664,1.9683335023299098,-0.7461641728864806,0.8303833381962856,0.3156508190194166,0.44324690769726555,-0.290170814250061,-0.747818735403195,-0.016020792859054115,-0.8764769760668426,-0.14385023225341526,0.37621869162688226,0.42433598646919407,-0.6050362651198697,0.10490726146182049,-0.10289009041891617
B0048,30,0.6315816292747938,42,Degraded,-3.0834083843190245,1.746179548808597,-0.7399339943619911,0.6573784713723421,0.18933340800081921,-0.08709123539043202,-0.08210993245958956,-0.43175829977712804,0.27017567046534385,-0.41952383807453847,-0.11454754315210794,0.0958842425593824,0.2076277567298369,-1.2156391462242735,0.21013238004740603,-0.1151114232945458
B0048,31,0.6245858655068182,41,Degraded,-3.109223617881972,1.862118438429483,-0.6879787835308506,0.7556570786600316,0.3117479715106716,0.1723722712106957,-0.18167803035104452,-0.5619245608374147,0.12969715980515817,-0.40261236242659,-0.1680459851792687,0.19297501949824405,0.4406150344075601,-0.9559553630299735,0.23428922809454106,-0.10428297966804825
B0048,32,0.6169921739176535,40,Degraded,-3.1529945071677696,1.9166792208900965,-0.738142249637709,0.8341582518003651,0.4401587421803394,0.4807780394136115,-0.32010284189819027,-0.7772122324702077,-0.017734438319201483,-0.34882412117791656,-0.15308547757830995,0.15376973602970698,0.5478985229794577,-0.5094759916494146,-0.24888035186914775,-0.12413724850497072
B0048,33,0.620015996014434,39,Degraded,-2.926485630028541,1.770239651169459,-0.7359595394262178,1.1565296485994156,0.25099203892150396,-0.17989598707796456,-0.07116272345189817,-0.5443774968639926,0.23879632198588616,-0.37157776994686886,-0.18404475033048515,0.14952089602772003,0.2303111650251922,-0.9914249630764619,0.477068257351474,-0.10662226094704022
B0048,34,0.651854285990355,38,Degraded,-3.2808747270587726,1.680548342005705,-0.7978083184341331,0.7391961754314291,0.19460742653227045,0.17764168325398974,-0.21821822499500487,-1.049169514653201,0.07740521962734807,-1.317005909901355,0.22197896906109665,0.6591667023984857,0.05838691571967951,-0.4263330342579138,-0.19369823317067822,-0.10607762588372367
B0048,35,0.657527981735269,37,Degraded,-3.2056209691956217,1.7850143383787145,-0.712078269681202,0.7461675669394764,0.14515084603681405,0.08989104718860526,-0.15327896118837067,-0.7421577768841991,0.12807334769969794,-0.7639636942012016,0.025056339603429265,0.415914778126233,0.23463735236080924,-0.7318689748266883,0.005825846698551056,-0.10575112049052847
B0048,36,0.6444369150491037,36,Degraded,-3.277069811333702,1.8166876464020743,-0.7247363207314808,0.8656630581561053,0.46589368198131287,0.5835238653129194,-0.37375091712903347,-0.9366946829813417,-0.1137843716628829,-0.3091977142846965,-0.2819156332197954,-0.03539046538482479,0.5979599255336315,-0.13089967699423874,-0.6919598171544171,-0.13461835132634187
B0048,37,0.6438568797942597,35,Degraded,-3.148656476907381,1.676084761959449,-0.6857689276133122,0.7040773678051091,0.2629570031393121,0.07727430268956652,-0.16267336149826445,-0.6919718781096752,0.1723523596335646,-0.3527996217585041,-0.22831484542551933,0.08521857214190691,0.4071908921252977,-0.7654519467600924,0.08606971847184913,-0.10155258839794991
B0048,38,0.6336689992657732,34,Degraded,-3.205755640219975,1.6710346529966404,-0.7771485806184617,0.7712118650202955,0.4115130059392546,0.4022041403860647,-0.32802385052006894,-0.9376601955652727,0.050912317029653056,-0.27857829307628146,-0.12789033000661687,-0.03242997234993862,0.3854899934241252,-0.23002483961332995,-0.8225583950195116,-0.150550059704026
B0048,39,0.625297172848653,33,Degraded,-3.2036388093046635,1.661648245555683,-0.7762626576241786,0.753585645612426,0.49096045232190316,0.303004792007235,-0.2902054645879412,-0.8665262481128284,0.09464542316303146,-0.2676204133339434,-0.1438718094362317,-0.030344938367532867,0.36347024418582463,-0.3530526145761261,-0.7020462813802854,-0.14774144419214708
B0048,40,0.6243565589697939,32,Degraded,-3.086971264835839,2.0114551367657176,-0.6947518940141739,0.8856694132423528,0.41205112558431095,0.5958234417186914,-0.3626060993957929,-1.01098113070718,-0.023986387326403145,-0.827417160793799,-0.28983874067631865,0.5919169528001647,0.8562855123778514,-0.25548830488543633,0.5430000966703624,-0.05651750668686269
B0048,41,0.6240011630414665,31,Degraded,-3.1225084580933387,1.5691835440265645,-0.8074187941775539,0.6635491536017422,0.38182649720825657,0.090707321336437,-0.2042032649351178,-0.8201594045420536,0.2264373401107825,-0.3093780655509407,-0.21138654827908285,-0.011047899400260165,0.3503360137652113,-0.570756928591933,-0.21250985419736665,-0.11794398657884948
B0048,42,0.6150447622299793,30,Degraded,-3.0397807190828785,1.6518951140273261,-0.8312880020952287,1.2385555080584483,0.5049678296939092,0.22763840768973737,-0.29232127300542626,-1.0495303680011356,0.0696255095443882,-0.20869235356615065,-0.1860732257323234,-0.006272662195420096,0.373841182461585,-0.06743204580999411,-0.5586319835731538,-0.14423087114197808
B0048,43,0.6122098560750469,29,Degraded,-2.9185202230003315,1.671692669443919,-0.6510408920503219,0.6001467158862046,0.2572912013365286,-0.23835086742358835,-0.04694585056574008,-0.47690794316596835,0.47808196479414317,-0.45537592897121437,-0.24750582127383364,0.3208779313810963,0.395834726805738,-1.196155706221859,0.976339046216403,-0.06282656159889204
B0048,44,0.6093341422558193,28,Degraded,-3.0280876231253475,1.5152528930237719,-0.7893741672590406,0.6130527210531781,0.3933092922103858,-0.0335600458186642,-0.17454877051635515,-0.7400863737393025,0.38288097349382366,-0.3191267409994835,-0.14937597772268119,0.050595513933021335,0.24641656895433467,-0.6941230994145394,-0.1329535675702491,-0.12335671211949567
B0048,45,0.6018932618016808,27,Degraded,-3.0984630274409946,1.6653502012561279,-0.9093917461571945,0.7176117834896436,0.5438210920686393,0.2773612928063203,-0.3098895802940006,-0.9821263051613978,0.22180689589019664,-0.7818188728232749,-0.09842436193460533,0.25539582145789363,0.28233731266788387,-0.21974990608941036,-0.4265863470062437,-0.1291486533052748
B0048,46,0.5973821150416113,26,Degraded,-3.017875622120763,1.8765067620919784,-0.8295846902927769,1.3681378696108688,0.668994527910542,0.5615449089494456,-0.42089390914002195,-1.2301855340162642,-0.061467737031489465,-0.21052720323337515,-0.26319459561622394,0.19053782234438144,0.793560862587333,0.2861621901416373,-0.4058744311299454,-0.1220911154510473
B0048,47,0.6026045946935747,25,Degraded,-2.9852208742439723,1.4041866425159837,-0.8159821636227835,0.5285073145274931,0.37730141882949686,-0.2863735602372448,-0.08462623595481103,-0.6634668766893151,0.5393643562673438,-0.3202931086997418,-0.1257568538033561,0.06070247952064576,0.14084998908355825,-0.9099969312458935,0.05646419430314238,-0.11720619451305073
B0048,48,0.5977873296814232,24,Degraded,-3.0476811487669604,1.6235059608869051,-0.8331889023963991,0.7197707880472648,0.5251421626985141,0.32384294448533035,-0.3266905322442359,-1.0404972445875114,0.22302479332826186,-0.24080056409662834,-0.18052284525410625,0.13553959664635226,0.55237479995773,-0.19541700374747073,-0.3081543539384821,-0.11648801508033337
B0048,49,0.5944248551074942,23,Degraded,-2.826854897108993,1.3116208176885638,-0.8457350319230879,0.9300387733528764,0.4335136941498203,-0.6693899091032244,0.033015460605183275,-0.5703802198196136,0.6513153964404166,-0.31212330214612116,-0.14671893673700406,-0.0096564134670532,-0.13549736942306362,-0.9798953749275764,0.22496797321025985,-0.12839768392747766
B0048,50,0.5957802625403703,22,Degraded,-2.9612522843739986,1.556577778109748,-0.9994233529252637,1.1451865756507915,0.5394499486841973,-0.0014385017728364487,-0.23032080765881333,-1.136440547773347,0.26495986142628913,-0.7580895388164511,-0.1732831760189042,0.26715358239412174,0.24156220667594822,-0.08178863827837542,-0.1013175755834095,-0.11271489583948255
B0048,51,0.5863293576554828,21,Degraded,-3.02292908075101,1.588574782231737,-0.8699693828993345,0.6698239605286865,0.5864101464407028,0.12934463650978686,-0.261083190919061,-0.9126556359265166,0.3506057080627713,-0.28467987781618387,-0.13980369822874428,0.13534248125136666,0.40444283027653544,-0.3490950847376551,-0.30045888241978447,-0.12473480432443278
B0048,52,0.5920566936247078,20,Degraded,-2.98526582338233,1.4780249859169605,-0.8769550920210945,0.60662942699642,0.47063135495086145,0.02451017432930329,-0.21382818016745014,-0.975021439743867,0.3963577807271576,-0.31151228397459063,-0.24697459177330736,0.14241398533341076,0.5169273347373468,-0.42703051736432646,0.11554298807230491,-0.09022205440798325
B0048,53,0.5788412561158884,19,Degraded,-2.9750419251659785,1.5680917158345065,-0.9529285474861057,1.1996846317299112,0.7336768334611727,0.17256570898953852,-0.3197437447395669,-1.1660363440234265,0.21530311013960046,-0.16633455298672872,-0.16466941296906684,0.014748804329808959,0.3977325855723391,0.1607178564400815,-0.7334817135918884,-0.15249599021553786
B0048,54,0.0,18,Degraded,-4.191077898653512,-1.447861437868771,-1.8549889411172256,0.27237819033240007,2.0106961361268425,-1.1746412325602662,0.4459958750150881,0.5471300923873613,-0.2888925431327632,-0.9940045435525282,-0.9482049046623473,-0.6823486254308113,1.6863627277387605,-0.20463410660545844,-1.0648997572974073,0.10272399342253506
B0048,55,0.629677925584299,17,Degraded,-3.100301624801989,1.4765759279284034,-0.6885629366175415,0.5211061767800087,-0.422764963857819,-0.7209464982120669,0.12858242190731967,-1.4140461318949487,0.5912137679364102,-0.49806064548786266,1.8433442070583068,1.854090218509257,-0.43934299201540195,-0.7579086826044225,-0.1126407005698707,-0.1033210338324134
B0048,56,0.632941687639013,16,Degraded,-2.9911256468628102,1.1919547829724293,-0.9099164174518175,0.9352095430760079,0.34578794754825426,-0.7684922635281664,0.06301776432238844,-0.6487141878951131,0.6537030547531003,-0.7453808935771357,-0.20979529716373407,0.013989348719748862,-0.31667293092154325,-0.7225610572762312,-0.0962109307498191,-0.13292636329325422
B0048,57,0.623629933659206,15,Degraded,-3.212041606569296,1.290440497437728,-0.9030695457253067,0.6184604069281477,0.5577257168597851,-0.0069939330815849314,-0.22849595987899096,-1.043548055093632,0.3348851074130552,-0.1921961599008218,-0.22032280543727284,-0.1598078071832593,0.26554260285354686,-0.06757892292925526,-0.9672946406616512,-0.14848286614322473
B0048,58,0.616404373628109,14,Degraded,-2.9642170022248098,1.18907077181114,-0.7919418252676497,0.9463611511506596,0.43237247286699226,-0.7288932044587764,0.052277675636617,-0.6854029438310448,0.6128572072278551,-0.24520222464377076,-0.23781517287390294,-0.06017553744266632,-0.0772976291264708,-0.6931326346894698,0.030351236583610053,-0.12050954102851168
B0048,59,0.6159796391520952,13,Degraded,-3.1199415411893168,1.2430121975757837,-0.8098809878805712,0.5652293026684819,0.46206969906942236,-0.13464898332974667,-0.17168943195567543,-1.0134242022561066,0.4181230652113077,-0.18068569282623392,-0.18798545058897548,0.004862715491586003,0.25747058768465514,-0.21712206302524611,-0.4229429669234432,-0.11525385645760926
B0048,60,0.610392893131389,12,Degraded,-2.878149251806647,0.9557125581936489,-0.7892722460794932,0.7724376657654848,0.33380381663051806,-1.2228774987440605,0.23320939857185322,-0.4206453003021529,0.9104534958880469,-0.28635603211348537,-0.1792414397031001,-0.099948373691033,-0.4464011850953755,-1.2029529862147508,0.32137653617609085,-0.12079240670776788
B0048,61,0.6137720651633392,11,Degraded,-3.00939648001742,1.085037989145427,-0.9862706571215855,0.9143807170255891,0.4390478694454413,-0.7466908908478014,0.01868468556220473,-0.9236903293494185,0.6757294145522138,-1.1933130526345364,-0.04866457663988081,0.30825998492113826,-0.43572342031032235,-0.41511185769729925,-0.12408857212909835,-0.1226474440204589
B0048,62,0.6193394207145178,10,Degraded,-2.998966831027233,1.2735319649360888,-0.8917576150078179,1.039432538876037,0.4361923403039125,-0.40694399988126545,-0.09173625123909816,-1.0557155145363606,0.47904304068036846,-0.6052413446583005,-0.07892214367758194,0.2497221064600253,-0.028713477307763875,-0.12165437965738836,-0.29839078038598027,-0.1229047511206966
B0048,63,0.6141788877703529,9,Degraded,-3.173666089508985,1.3768850491576035,-0.8347986162246877,0.7189531646792687,0.608901325688803,0.368554563000529,-0.37770473172842167,-1.3495607953130708,0.17688180343421916,-0.14570783103219764,-0.3621889353982887,0.031317990572029636,0.6959808644526214,0.439151860099882,-0.651235648930395,-0.10435031186669669
B0048,64,0.6047740753785226,8,Degraded,-2.902561200377473,0.9565251662562781,-0.8096621415083572,0.8118309380821094,0.44368341362157665,-1.0997196631166368,0.17240902550002857,-0.5435984859039046,0.864270179677034,-0.2786049419959631,-0.2606792075159858,-0.09254658191623458,-0.2944733955571452,-0.9657206329480015,0.2388468635253503,-0.11647822183181143
B0048,65,0.6041071035340524,7,Degraded,-3.0034819145310117,0.918423719983215,-0.8956697848653832,0.8922037901688703,0.4946854725503339,-0.6965521589312818,-0.008773890832670828,-0.9560166008953137,0.6366836073719304,-0.1322397571650927,-0.16101433106095364,-0.15484678261070742,-0.17302527176290272,-0.2829154059843681,-0.5415604698237895,-0.141076289163248
B0048,66,0.0,6,Degraded,-2.611883189302321,-1.6764104203196972,-2.21453113885436,1.2739155407631158,5.098092926545866,-1.219213588752419,0.2887041771442814,2.3218039281611844,-0.0429510926444328,-1.6148764046812167,-3.0062751277071924,-2.0776353862325356,1.5225048270434818,-1.4230625611173908,-0.9828344396725978,-0.3249496281457601
B0048,67,0.6499367271416074,5,Degraded,-3.166036573314638,1.7955030373527756,-0.2897304469729047,0.6059832796579959,-1.554513244180562,-1.1048628122643005,0.41091630525111983,-2.6129273974279807,0.42403642808184794,0.8427971611876692,4.428176889772769,4.209988006069048,-0.24308748932289503,-0.6263243694615989,0.45086042972658413,-0.016707088491707038
B0048,68,0.6345610325871889,4,Degraded,-3.154185750987602,1.3798735944707572,-0.9348268482966126,1.21246281165802,0.7436331793273335,0.049125432933599514,-0.28804740950124336,-1.1803557934656597,0.257757587012237,-0.6349511992703084,-0.5871332391443983,-0.05759564981837536,0.3823570822230131,0.5136914356378798,-0.7669724190009038,-0.13160723465623578
B0048,69,0.6277572317345392,3,Degraded,-2.8484743048455083,0.87052697550147,-0.6578302892016963,0.6970641791811689,0.24820868486245432,-1.652605267682297,0.4213608037652511,-0.13075666982436723,1.1318915893542674,-0.3902001317346329,-0.3719420005192659,0.022835263257778262,-0.4053701333977366,-1.5980721743285573,1.1145532812204013,-0.07300071436144427
B0048,70,0.6259938463448828,2,Degraded,-3.1922096130578117,0.8945587941139095,-0.8717793022129914,0.4439471250138758,0.4100475847521653,-0.4685364459532433,-0.07078607967336144,-0.9831522801516924,0.6015254809790526,-0.13644104084762443,-0.19386983688541132,-0.1219232577141251,0.04099316999195134,-0.14592910256611918,-0.7535158451599409,-0.12472485086053368
B0048,71,0.6187491001509998,1,Degraded,-3.989498845781186,-1.1674281752006699,-1.7861421043344212,0.31573949609038676,0.11772358452910435,-0.8692838718857205,0.404782561864729,-0.004334071447169719,-0.3471299871421179,-0.4120370014635925,-0.13864667860221497,-0.03232802826276125,1.2658592563494209,0.7237652282656356,-0.7700905316433252,0.14576979371273552
B0048,72,0.6115636984939493,0,Degraded,-3.107463334511343,0.8614810098948056,-0.9242299731858329,0.9289065924773353,0.5599443436663943,-0.6220295994114446,-0.04716268218049741,-1.0793565008143642,0.5673294533677127,-0.07568175358158746,-0.20920853541307277,-0.1863201502153431,-0.08506115074386247,0.07260198073891018,-0.8643468116485231,-0.1429962937777805
B0049,1,0.4291863607583567,24,Degraded,-1.579358720309814,-3.239200764751473,-4.11678597463493,-1.2870738974721516,-0.35025364171394063,1.0835542376761618,-0.5932005654096357,-1.6635785742459654,-0.68984566332567,-7.901205167564327,0.980421141273406,1.5748799884562967,-2.179246175244479,1.5121711255269852,0.311759381625241,0.10713363696507082
B0049,2,0.7104528574708688,23,Healthy,-0.44544137959602176,1.259699279402724,-1.222734744543165,0.23591615040900313,-1.8879850281980821,0.8468901895663739,-0.3966669239399469,-2.394290141851948,-0.29987919573617583,0.35558893823272864,2.634024921727714,0.8716080557797797,-0.6692398652880257,-0.051662918450204605,-0.11752462560637576,-0.020396833811366442
B0049,3,0.6864260666946315,22,Degraded,-0.09312088242283802,0.7689751206460976,-1.549080882962579,0.020317237306542717,-1.4080760422912735,0.8071000910018863,-0.4976844234920487,-1.0844143863474025,0.2870065412859386,0.2844058876667646,0.1666794503693881,-1.4650294720960186,-0.7399348268916502,-0.7007907295672086,0.14671265670960915,-0.0663750443555982
B0049,4,0.6821871243714572,21,Degraded,-0.20775150150677874,1.3914867735585732,-1.1786136613851734,0.555624628569823,-0.6386321291615104,0.2164302820100825,-0.14678791358164098,-0.43504810729399856,-0.10273323773318453,0.16389201898771352,0.1409400710101614,-1.1236942138308483,-0.6487977149300239,-0.9228014707752672,0.8378485380161729,-0.03669564775064801
B0049,5,1.189321865284378,20,Healthy,-1.9191519888170394,-2.66776256694694,-0.18603998252389312,-1.288218530743456,-4.092735727309515,-0.24678142130914338,0.6611738921103408,0.32252195668447625,-1.0279042538101668,6.91577642194852,2.53368253491674,-1.0529820175289675,2.055295187042223,-2.258088890040552,0.0667964556948123,0.08383496318167134
B0049,6,0.5302678982835608,19,Degraded,-0.6687521079003683,3.211938825838407,-0.8355338063606033,0.3050383923140716,-2.9168402495561354,0.3804589985861782,0.3112271217716479,-0.12769010421464733,-1.1587076979042892,0.05775356872523043,1.288602998147022,0.6779639958182154,-0.11705496110577998,-0.4588175676575376,-0.25050835685258704,-0.06217414257130312
B0049,7,0.5034966188329748,18,Degraded,0.35810460065658295,1.4764412440850723,-2.3015389807910247,0.04074336608106837,0.8249002216410845,1.6530598082175343,-0.8853431704266873,1.1814623448244035,0.2990463457608856,-1.1957676903639054,-4.274813261011823,-4.546107831982466,0.22484979538202066,-0.6776499896366148,0.6187230854780371,-0.1077660807330825
B0049,8,0.4649387667179768,17,Degraded,0.5510437490924293,1.9774337129597517,-2.063561708918372,0.4301729321915482,-1.20528267003257,0.7325216583516115,-0.32634503943271187,-0.6919182964033883,0.06466157588405501,0.3697228268594023,0.16906116069318297,-0.7893360597058191,-0.24482790895677764,-0.6662469534238877,1.2523105626169744,-0.02777736620049802
B0049,9,0.4616188514741904,16,Degraded,0.3859538539062078,1.7545268184892502,-2.0906079544162464,-0.09134301976360774,-0.9922725167473185,0.9367626444928089,-0.44256113260609203,-0.6660833938285565,0.13213729091162263,0.3166917114299078,0.11262596734424316,-1.1172567837756282,-0.34712711198166546,-0.5681375868627963,0.4656626544288659,-0.0658935831727324
B0049,10,0.4526639560586858,15,Degraded,0.20304225078788352,2.2552498807125407,-1.825674386514296,-0.19425452595621068,-1.2600672884020343,0.20872536297583397,0.03455729857285849,-0.2191091849545094,-0.12593202475082246,0.40341151538840403,0.8163577075856921,-0.3087421670855113,-0.522405232722002,-1.0175170054866125,0.861801179696408,-0.04324907451337973
B0049,11,0.4297924180319936,14,Degraded,-0.2880360349509285,-3.2397997518160007,-3.586173361079319,0.02831720698145924,-0.9748474105946126,0.5580798301932045,-0.34334538166393885,0.24824974249024054,-0.19104020839856858,-0.5072469299222798,-1.3229241619673353,-2.4016357128426655,-0.44112384672321603,0.1663086325734115,0.3484944383144209,-0.018779676216235715
B0049,12,0.4184807147410352,13,Degraded,0.40655645447760164,1.9638426826603261,-2.212502479390537,-0.152464741824863,-1.5254419562561725,0.8328904699916314,-0.34310423761911507,-1.2736453867286,-0.0163818232785916,0.8133568399119862,1.4584316521068774,-0.1747970181859693,-0.5278485523709462,-0.17907752898687868,-0.25228558144987867,-0.09311495431677169
B0049,13,0.4228412093826566,12,Degraded,0.4072153158573306,2.2440765321980116,-1.9297476118679657,0.3361717493377903,-1.1095737939355759,0.3856350748474454,-0.09499633411487057,-0.4145334042464351,-0.1702510727738145,0.38180070792954324,0.4684706284648684,-0.5064378937102962,-0.4093651253753503,-0.5548852666332691,0.9053946254255778,-0.04736799835353143
B0049,14,0.4035607003788768,11,Degraded,-0.19286490117921687,-3.329917472611583,-3.53339928363143,-0.5383122098251877,-1.2165299428338359,0.5531614934867254,-0.3319354675269784,0.42046940015266393,0.09740959923538992,-0.10737169681693233,-1.2216103136035947,-2.381073666074376,-0.290515259515335,-0.29027465387174656,0.5144033454543071,-0.00862759267209792
B0049,15,0.3910372180373367,10,Degraded,-0.2702866381486885,-3.204009994368361,-3.3538809222913137,-0.5118916667438567,-1.5762089155320074,0.4110905496022935,-0.21860752227250335,-0.2797892454731513,-0.09305024255322238,0.3162649602356914,0.13974292743437208,-1.1108642781901035,-0.27482185833000744,-0.1412010728557314,0.6934582153139199,0.033301122220483516
B0049,16,0.3976509722066674,9,Degraded,-0.4289650211850149,-3.2345660302733057,-3.4472912618038825,-0.47639988825797797,-1.339418562037807,0.5107660638724282,-0.2822983514797509,-0.53763309150634,-0.22868429310947147,-0.22230681329814844,0.281280844413608,-0.9113420908932796,-0.4317284286040842,0.2558124610281426,0.26253102442781284,0.021543321323099992
B0049,17,0.0,8,Degraded,-1.7554020273427633,-3.060685134823238,-3.2079366011528507,0.0067650231213303635,5.0614527799251805,-0.5282763598346459,0.18378208717541303,1.716483350403525,-1.1199287062899825,-0.16028658551810915,-2.47596361925078,0.09258636451178326,1.1238868905096062,-2.12702148954861,-0.17719665303017862,0.0596713684297974
B0049,18,0.3876025577359998,7,Degraded,-0.2805737853631344,-3.164624510873218,-3.251695182634673,-0.5293464620798343,-2.855996473388585,0.11507098189655547,-0.05995744429979799,-1.6887782567860568,-0.06446780170946341,0.8251267346363637,3.0546271494858903,1.1464117062449624,-0.7271851219788872,0.1301384362190283,0.23549748749986868,0.03781646934890374
B0049,19,0.3855932951922579,6,Degraded,0.5241024760887437,1.7679215765114196,-2.1954201459223164,-0.2343146348585652,-1.0490614051708858,0.6556919552196182,-0.33327069656227315,-1.009300851763938,0.23197758010751546,0.5122266472826906,0.9279545838668102,-0.41417866632604433,-0.5206840442069547,-0.4162588666787273,0.5305391186074897,-0.05480253550721823
B0049,20,0.3792549457258973,5,Degraded,-0.30374516142730557,-3.172666150619476,-3.3935872001577074,-0.43603392351591247,-1.0085534705466854,0.622374031288052,-0.32942138294138995,-0.0015640428041878817,-0.1357146921192788,0.01838022768408002,-0.7684887794991146,-1.5859973438372146,0.09967741294960125,0.002979934454170544,0.846866940554212,0.04789562447485786
B0049,21,0.3674693245249504,4,Degraded,-0.012139632462191987,-3.0609743331201638,-3.448107942549122,0.05638382340647081,-1.8139466741862944,0.48415328139229225,-0.2888924772863164,-0.6456951991649349,-0.005085097082239448,-0.2315503169890856,0.32346450153854467,-0.48955578821284484,-0.18663216484174255,0.1995437280898815,1.2189494275599275,0.061852734820334376
B0049,22,0.3683379016845378,3,Degraded,-0.38518128653111333,-2.838947367261844,-3.341054294410294,-0.18400571586525902,-1.0774969156124174,1.3364550003514104,-0.5838767605797871,-0.8579609653168657,-0.5972302009532896,0.3044764969922628,-0.18396888737296757,-0.8064751885808519,0.7114759309790988,0.9537727272312845,0.5951487897805303,0.07930983983973922
B0049,23,0.3546973299601819,2,Degraded,-0.11166402233012185,-3.213857803274078,-3.4787529465061233,-0.4938748036408727,-1.7942659685248636,0.519125092203622,-0.2982885769581706,-0.5133911826876272,0.0999014420503887,0.4406151741163111,0.4029664317481663,-0.7948928799789583,-0.18415926227890844,-0.013423798002829845,0.6188634084721057,0.031407076883735646
B0049,24,0.3593232504610154,1,Degraded,-0.2072770187106559,-3.2199870472917342,-3.4290445919513033,-0.4958898821450668,-1.3615315843588158,0.45915702257919233,-0.2707343290215097,-0.33900983356458075,-0.004435742236688151,0.24363708725276734,0.018274447395642344,-0.9336732889957587,-0.10388778348520636,-0.005436520410980986,0.7813008885926338,0.04842676284819215
B0049,25,0.3456942615523319,0,Degraded,-0.12186898512308829,-3.1681862762727224,-3.5516204695998805,-0.41982123674012967,-1.7419584022511663,0.827575397816548,-0.4377132981834242,-0.7299446710265438,-0.007396522844997916,0.4786740244905558,0.3689253832112588,-0.808425923544376,-0.03784116900939848,0.3970930406115462,0.2718852766314701,0.02169527059206385
B0050,1,0.431572426387917,20,Degraded,-0.9769479119316585,-0.3831882759291328,-2.8018290387555345,-0.6233773032162289,0.7929315581696794,1.1781003112359645,-1.0525294486473777,-2.9466688425342964,0.4093634950816117,-8.605368848896767,1.0023482316648697,1.4707696351763708,-3.0290682256378036,1.0717590834576516,-0.08711430814546989,-0.00854817773781525
B0050,2,0.824394803888246,19,Healthy,-1.7940489711980552,-2.631432433462411,-1.7599903619169601,0.1803570817401581,-2.021028742259151,0.17741943685698972,0.15084353086800667,-1.52708554316615,-1.3802374249825948,0.05296869226369128,2.791512913241492,1.2854227580961428,0.3963458286466765,0.365874484472359,0.0033900548618742503,0.09417162692688387
B0050,3,0.800818242698902,18,Healthy,-1.5675103901351493,-2.534445955242687,-2.0386903708506554,0.7746039105764583,-1.048684114424424,0.7347258610060592,-0.14647945683309865,-0.6293294550517851,-1.4843734472841885,-0.02813611057688398,0.23930819112875587,-0.79338986979392,0.9300240396510643,0.7790479984731496,-0.07696991445986064,0.05369137810654811
B0050,4,0.7758782398713508,17,Healthy,-1.443558732055895,-2.844596859072262,-2.1077703336261377,0.5019575274262155,-1.090698020937528,0.0044677972256031056,0.1169610782383281,-0.14658099738800856,-1.0575394328161787,-0.0643196467575543,0.28085073200808114,-1.0118376289731514,0.26183135569248384,0.027262402528459406,0.08715521666514088,0.02912079078003023
B0050,5,0.0162792085541709,16,Degraded,-0.30268006742800824,5.12451960698482,0.9257118484770508,-2.293886889240406,-3.2242907686545865,-1.493041814639841,2.085918504918502,-0.05057929595317826,-4.585174634049358,9.922023192101603,1.946527839369934,-2.5070083280581583,1.0262166202880583,1.8237363908169595,2.532335868372204,0.24873001186296953
B0050,6,1.320074557869351,15,Healthy,-1.6600988185471606,-2.421448280674389,-0.02534279777896007,0.9552515404664884,-4.022751959927044,-0.516816756726994,0.7514049113417197,0.9309853131483657,-1.3299478633791642,8.740744553735299,1.1554041041078547,-2.628211975404625,2.3653168029647036,-1.9531868181981886,-0.7648071368433608,-0.03459379178460836
B0050,7,0.679513829445816,14,Degraded,-1.3226909172077037,-3.1423976255623467,-2.679702778545563,-0.024897359638387347,0.9047724790763776,0.817456501557388,-0.3814111121732312,1.7167234031140934,-0.6888113353463775,-1.6165000491157306,-4.007948790140982,-4.359366785937625,0.8304881048614611,-0.1452750376586985,0.08138711842028935,-0.017677085800631466
B0050,8,0.6871086346119128,13,Degraded,-1.269011418706979,-2.904408021827068,-2.3255851024436454,0.4233816368380968,-0.994765527102168,0.022607137334210905,0.06844948845461211,-0.3732116069296632,-0.9195046568199566,0.06914383507775128,0.5254056168917468,-0.7925761152807462,0.3148323611899421,0.11409996641701056,0.07939688760103596,0.031262282840086045
B0050,9,0.6764015215410989,12,Degraded,-1.3242912224273728,-2.958794881330977,-2.3085669340922994,0.4197409316386237,-0.7497913364600579,0.04881185807715763,0.04654314824421139,-0.3154357053312463,-0.9827410239106079,0.09276173441686676,0.3252743515580864,-0.9966992551555967,0.2943046576520274,0.21917349162317057,-0.030933740813009373,0.026486354128606338
B0050,10,0.6803703096729216,11,Degraded,-0.964710370718274,-2.9544508936706437,-2.599718421693655,-0.20375043837514675,-2.0596295420628734,-0.0260363188774599,0.08977027568505266,-0.24843557345706435,-0.3347578891011966,0.2249743597185635,1.0024579120807984,-0.5914438163685783,-0.05638966178803341,-0.4954561289120255,0.10903087482863316,0.009638020043307284
B0050,11,0.2634393462325485,10,Degraded,1.592561386251097,3.7776188753765876,-3.247502544575968,-0.9289734673832076,-1.9286874768547806,1.9530947563575574,-0.41097736295950915,-0.12828789922954983,-1.7275803978834134,-0.02248078081879058,-1.7177461228640927,-3.1138289324924004,-1.2360453434037204,3.5134348853995863,3.1315517942426347,0.23034360941188758
B0050,12,0.7001357123082208,9,Healthy,-1.4277094317217465,-2.9205852451511096,-2.0183595651930815,0.4497565344615383,-1.1483232711335307,-0.23293590363538513,0.20070678934540165,-0.8662506705366527,-1.016407565893222,0.34472222631965543,1.607204594394516,0.17443608377432726,0.3703789129025954,0.1549956647795487,0.1813274794026145,0.06377606165763626
B0050,13,0.7144637377635414,8,Healthy,-1.1469664769365353,-2.9767081435169906,-2.214989776917441,0.578146817714707,-1.3872325599101814,0.4765939809989186,-0.17555468920473968,-0.7456059515215516,-0.7218116528342137,-0.017204160700466053,0.6847621865363706,-0.5623650374868807,0.7867578457552215,0.37345366094956894,-0.15594654060766713,0.026575565829415584
B0050,14,0.038291770870074,7,Degraded,-0.8170976043755818,2.318988944933854,-3.931036181775112,-0.49339269676397196,2.2966999686822835,-0.41136908402889344,0.06665267259626399,-1.2458613679091128,-1.0848897414461045,-11.903246392754495,-0.41576200141776387,1.5708188154448648,-3.8712846217197434,2.4883743342444133,0.4543112608095204,-0.08355961978565568
B0050,15,0.2868466693784524,6,Degraded,0.13954324006434476,1.5267358761754988,-3.5689503750969735,0.0077241601233412095,0.513482412530736,0.31484473997250645,-0.47496521082662996,-1.401797997630956,0.4815803558615937,-9.132412101578808,0.7917806559905601,1.9898871379179002,-3.351543592582787,0.8980684960159395,0.7459237841041547,-0.06147169369706736
B0050,16,0.1507371017713928,5,Degraded,-0.3526874812536464,2.2004800610869557,-3.7931808297228815,-0.1389658475093144,1.36301997844808,0.1480226115911452,-0.24569572699337067,-1.53067414624161,-0.4890665965903826,-9.78909000840782,1.0372615066531257,2.349025738498618,-3.608066162465992,1.9809968183696598,-0.14653470630538012,-0.10826595232917098
B0050,17,0.0,4,Degraded,-1.8627245657601241,-3.185683795598065,-4.955735394576034,0.45830853624290707,4.8633762465785395,0.0531379473759901,-0.4218579319446697,-0.12004930016097848,-0.6358586405197526,-10.572388118893489,-1.6612806135128757,2.504167542050118,-1.8400484565277093,0.4519548231392077,-0.15298118766941474,0.05575679445963818
B0050,18,0.0897827131616073,3,Degraded,3.385240879731847,5.157717955226497,-6.669038143999677,-2.162178715593374,-6.950922043217262,0.8236864103207919,0.38138105588797266,-2.5264083813311324,-1.3475732150111115,2.9163737676626353,1.830138352434042,-0.9534393953259365,-3.7029949281018686,3.2057620335870176,5.647429604657986,0.31205558443672343
B0050,19,0.5895843907814535,2,Degraded,-0.4106723778349306,-2.918394739290379,-3.0917394509154073,-1.1389239473800754,-4.627054478632525,0.5771181202914395,0.008802533497605434,-0.8493574028642247,-1.5113351052346466,-2.167952679589839,0.43842651162806384,-0.7291394661778058,-2.427516972471488,3.7771864487428664,3.722531375252332,0.6819115722295069
B0050,20,0.0480956585252836,1,Degraded,-0.6667720372959666,2.4423608110982147,-4.1945049190984545,-0.9781042447732174,1.9863489838332578,-0.11950654975451372,-0.03488299253896942,-1.5014730439570603,-0.9676266356402933,-11.231213728205528,0.15967086695815028,1.903875506157304,-3.8571229690230298,2.5442349596411336,0.257876992563844,-0.07748302771223382
B0050,21,0.1390425885455224,0,Degraded,-0.2713904578073371,2.249373892810837,-3.9051796044794305,-0.5820942221693987,0.9355806500322911,0.5036080385520483,-0.3753369472375928,-1.7885303748592345,-0.35038573761096775,-9.56109904139619,1.1826551104145566,2.595862781551436,-3.3225229757243757,1.953782469787458,0.001513228063065594,-0.08060036688650485
B0051,1,0.3217367799079146,24,Degraded,-0.8647363399623209,1.265972546970885,-3.2118576904873994,-0.8826938671924137,1.368856880516989,1.756657857603326,-1.0818449938586623,-2.255510440925625,0.046367997147775224,-9.127114886734741,1.1278846459940566,2.3668699131311666,-2.269281346715741,0.9194375360494149,-0.6292906747396757,-0.08201874459804698
B0051,2,0.646590230999139,23,Degraded,-0.9737769727456942,2.0572626298256895,-0.8986538349657578,0.6920347142617193,-0.46750603489978904,1.2135890857136975,-0.4437435781994757,-2.2047184944585014,-0.932729167467604,0.31000013134208965,2.6823204061613573,1.7572160698130006,0.5024228176749649,-0.09762193584693804,-0.9837746487695261,-0.08742037687861641
B0051,3,0.6144470130595828,22,Degraded,-0.824674970783973,1.8987948168144158,-0.9824575626623461,0.4970331830143908,0.4502118056106044,0.8468764771450028,-0.3300705172944705,-0.46071190968739223,-0.5746308502174345,0.19495311397417145,0.3215304954651423,-0.3876599293359605,0.4718319713242523,-0.991389343848444,-0.621044492578485,-0.1285607993306045
B0051,4,0.6019515894858974,21,Degraded,-0.6924152822804379,1.7541524805381887,-1.054120950862321,0.4097621575853413,0.41877717133097536,0.7912767368016064,-0.34296136106245045,-0.44424009803139564,-0.4131589076057341,0.2791124867037482,0.2671032800374929,-0.582573550470517,0.3549493122357321,-1.0174326290577254,-0.7450448165407504,-0.14510004275682742
B0051,5,1.1654367393910654,20,Healthy,-1.3086852674920602,1.219823611017467,1.1940884502773035,-0.1689742863274632,-2.046941581668496,0.43668544244904056,0.053628033409991414,-1.030502220918496,-0.41003360692114244,6.898415156022291,2.2407636607831067,-0.44894198562126664,2.348459965242233,-2.8493210014036823,-0.40065479170299084,-0.053302296022080926
B0051,6,0.5046404409563006,19,Degraded,-1.2480036962760914,3.1095595709159842,-0.2951553236242147,0.4741233419328167,-1.6581466398209712,-0.12028014129839189,0.5055053708706717,0.12739720205629113,-1.213436662613711,0.02654579416648903,1.4156287767612858,1.1960986351772411,0.366389905789079,-1.323935037767486,-0.8064612160552088,-0.13802929184952537
B0051,7,0.4782829947562661,18,Degraded,-0.21793681964024944,1.6366795578020064,-1.870695502687846,0.2533325046767489,2.1603402535957845,1.4389647567945303,-0.7674586098130696,1.4542381571591485,-0.016025370962275177,-1.105230712135027,-4.0838040719517155,-4.059453272298908,0.7784777563215559,-1.0470180975708618,-0.6535077817887196,-0.21435631149492632
B0051,8,0.450978145682702,17,Degraded,-0.3940474174898339,1.9858965210720443,-1.4214425151515764,0.12625310577063845,0.4477427768686433,0.42305916971665297,-0.15169499875879125,-0.25210504650285265,-0.31377755421368053,0.4520841294183197,0.5553624447678266,-0.3602312930975698,0.16152315099685158,-1.1562362868836078,-0.5917293521665146,-0.15663886308970293
B0051,9,0.4448953333069081,16,Degraded,-0.1953110676624119,1.8441817685360504,-1.4800568969213863,0.05956408294058663,0.3728737930340025,0.3646107091983065,-0.16629596228700425,-0.1405284145294072,-0.060081974828861434,0.4048966556423198,0.2808618363834715,-0.5550252420066847,0.14243149257290566,-1.4140594002640192,-0.2053924033438576,-0.14628559195508054
B0051,10,0.4415358518317279,15,Degraded,-0.4374817134156793,2.2969851832909374,-1.3248762802134046,0.13018843877951475,0.09902034409007879,0.3000663785853611,-0.009490256368843679,-0.2860862900741793,-0.4913504763998171,0.5949316725064869,0.9517565379284527,0.13226813771310228,0.26749809834076954,-1.1077918260378286,-0.4921523769165799,-0.14278757772125944
B0051,11,0.4215635177240878,14,Degraded,-0.12308045355771323,1.1967208851257816,-1.5704225057161312,0.12798811178183592,1.5644302909736407,0.9266383108214743,-0.6175021991132683,-0.20859591936699381,0.20178988586289387,-0.4496307909082888,-1.2583364845165181,-1.7008630771674351,0.4151285995129,-1.0513370590318647,0.21086540697488584,-0.12004784262966028
B0051,12,0.4132795517248315,13,Degraded,-0.2676744602573595,2.111323885209395,-1.3247168965469698,-0.0012522912993959952,-0.013729666795162389,0.013010866613223171,0.07201856142968119,-0.5115141389687965,-0.25166121112207646,0.8266093681774898,1.5836597065444964,0.5779675868257287,0.04424574496907635,-1.3323580819739966,-0.1841521611686862,-0.12801338072800733
B0051,13,0.4176340773418981,12,Degraded,-0.24536988392109751,2.0776661469774695,-1.4441037589705465,-0.009713207684732118,0.1002976135773176,0.08499180788180266,0.025683208196648027,-0.08184069027639082,-0.17292796389674894,0.5137651737057055,0.7146690180257952,-0.13843467306217105,0.002223591151005637,-1.3964040980324066,-0.31177615483507326,-0.15242721942806256
B0051,14,0.4012859732493937,11,Degraded,0.06061836914662658,1.1347352376713606,-1.608877620292288,0.04072280559898565,1.34634722712249,0.7467641329712047,-0.5509771011956908,-0.12193534503584252,0.42105204682764713,-0.014320448614435892,-1.2001187341335562,-1.7304140544022324,0.3983128552809068,-1.3518695550585307,0.46661983969344933,-0.11707960891532065
B0051,15,0.3919609392349756,10,Degraded,0.033575951865961476,1.1000312564191348,-1.3843899074315975,-0.025959497647182955,0.904415105579155,0.3322866245309865,-0.3462879171612393,-0.6601287605707646,0.43322026076300174,0.4496058632311766,0.22683139217597023,-0.5829526201163813,0.21638539509665944,-1.5098481273044853,0.6925375130634401,-0.08703282322207667
B0051,16,0.3955381746518001,9,Degraded,-0.09326583569909196,0.8703329500422732,-1.551996478865178,0.015926598149645064,1.0264094552380867,0.6285409911618371,-0.5425393759969207,-1.1652431290403964,0.3679397886865647,0.18951035022360407,0.40903831245409644,-0.6704418717409285,0.02667282272963368,-0.8543076646585865,-0.3321311274841808,-0.13514960199683343
B0051,17,0.0,8,Degraded,-1.947904469592392,-3.0076513403799794,-2.9857444567584706,0.0300379481461055,5.489840103179204,-0.7193410108403248,0.25923246742701883,1.7002588951315187,-1.1950210131500079,-0.025908095975533455,-2.207669659183877,-0.1515613472256505,1.2124495523041259,-2.055140996923502,-0.8436149185511845,0.0005309284187294506
B0051,18,0.3827269134740118,7,Degraded,-0.009742696883173025,1.4971640630289016,-1.3107670231201307,-0.04952754809747686,-0.26498446019100846,-0.050350956868257614,-0.06536197680213329,-1.8342157152246268,0.22099471251672706,0.8739749587321753,3.0714101484471064,1.925065897679933,-0.19912738069541386,-1.2701178619309956,0.6966260915033383,-0.048251066329262175
B0051,19,0.3865886738169735,6,Degraded,-0.10614121625531861,1.7856584249393164,-1.6462946146235002,-0.05899711196029217,0.34106769300935097,0.18970742149042247,-0.12390994232821206,-0.6172334332476429,0.018741213956247907,0.5617856068080903,1.128467908559688,0.08877470417679764,-0.1398263813190796,-1.0598479909930865,-0.43390081925421925,-0.14968749404951792
B0051,20,0.3802646888208242,5,Degraded,0.11217102115852194,0.724244337615554,-1.662349762122821,-0.07863069949823479,1.219003428807634,0.48442638194393284,-0.5284685936387654,-0.614061535327368,0.6997692940383052,0.05217697624966298,-0.5555295546543658,-1.4116657775406178,0.08987827647199031,-1.2864376763645902,0.15003612991668358,-0.13282986315012482
B0051,21,0.3688215159623502,4,Degraded,0.10259121406677595,1.1049342147827925,-1.6922527797870892,-0.06324943298001563,0.700889675464062,0.4308224033033571,-0.4171826531176467,-0.9759416199437803,0.4953733058926659,0.30705827199796537,0.6249679962899392,-0.36156080611819696,-0.07937649807891099,-1.070015085832418,-0.06281069615213201,-0.1308148743995003
B0051,22,0.3695897501289535,3,Degraded,0.20285176433298602,0.6645635010988261,-1.5630678909204474,-0.22719805339539556,0.870661877028287,-0.09226383410265998,-0.2728365540237694,-0.584292981877785,0.942365787907338,0.1881779192329346,0.17917585476848516,-0.7764943249166343,-0.2351685025341443,-1.8301973943217702,0.7032138672657233,-0.10717391193985497
B0051,23,0.3507287714921297,2,Degraded,0.2730868658840913,0.7207999003896829,-1.7470031787749323,-0.4853424868024948,0.5291570263641849,-0.8520580453343162,0.08674869945074577,-0.10544367206319204,1.1598956857497889,0.22327976270882272,0.7921591864385422,-0.5330967765325274,-1.077941657033441,-2.446165147995806,0.45360270352061455,-0.15306769560032654
B0051,24,0.352367474027089,1,Degraded,0.19535347984192833,0.4644111804537708,-1.8082803112617731,-0.4289936627767174,0.8705078233300361,-0.5268451257927538,-0.1313798556625701,-0.38761140961733215,1.146747747270595,-0.1353345280321136,0.4978257521994422,-0.8775504459170193,-1.0183799231640822,-1.9335647197544883,-0.1856952648160499,-0.18097096651140954
B0051,25,0.3389244467852115,0,Degraded,0.30031561227292203,0.8028175197181597,-1.7662148848055332,-0.47031697534965466,0.566943405381601,-0.7802677333943451,0.06708826128257,-0.1270525390119904,1.112092999777684,0.2682998668614197,0.7442870404824233,-0.5019812031805894,-0.9695399136789766,-2.334630289078159,0.49569785818194795,-0.1471138097889678
B0052,1,0.4303295754171116,3,Degraded,-1.3286570066404775,0.9157110931337399,-2.5033694009078395,-0.39328039789236724,2.092344368855683,2.3344307595172324,-1.41330040680277,-3.1105469670779,-0.16243114674505776,-8.252901286054875,0.9693060595470926,2.307264756753823,-1.102804615493419,1.0761027058232717,-0.6383910876570964,-0.06035850578670658
B0052,2,0.7091547557180161,2,Healthy,-1.1474191351085792,1.816435708725807,-0.6744855528452223,0.6993319669137716,-0.1324200714202701,0.6163865406924152,-0.23906812276198308,-1.8892652043955798,-0.5836007698504398,-0.2524581640905462,2.703315267503234,2.1611310679933347,0.3547203225309084,-1.1364696752158487,-0.22083597807768673,-0.07084402770626308
B0052,3,0.6853561514346582,1,Degraded,-1.032942558390776,1.8886023778048586,-0.7545776580915592,0.7223972917387314,0.8488085823722317,0.8971110159052167,-0.37763169164059446,-0.5712517199291525,-0.522223840189846,-0.4618033647041944,0.20470402817718972,0.21625911236520445,0.864664267550351,-1.4062878471169704,0.23583047216543063,-0.07902530827916267
B0052,4,0.6757823676313247,0,Degraded,-0.9389349623062831,1.8111551792965044,-0.6656340644343905,0.6636174909776665,0.9006372820954085,0.737032891117167,-0.32542294755019996,-0.42849301658088806,-0.3710101254850419,-0.4816124738117711,0.10018613317623469,0.20201107229192947,0.8923579156617465,-1.652385250630232,0.6549718246050258,-0.06145031347303287
B0053,1,0.534570894309715,55,Degraded,-0.9095048655181404,-3.2360488662947495,-3.3039682067389027,-0.42809515890579036,-1.4233153467258624,0.2970909257198007,-0.17146234456925763,-0.6450098173748668,-0.408222909094912,-2.3354819447675284,0.6787338474038556,-0.4918623893274189,-1.0033229892943973,0.27751904218890394,0.1557975371534182,0.01923124559831238
B0053,2,0.5770363967216114,54,Degraded,-0.9300756079067536,-2.7146283381404195,-2.873908648636831,-0.08843570112246273,-1.7196761121358852,1.0642954032198235,-0.3493038726155035,-0.9662991190260872,-0.9995520324006428,0.14028022168371462,0.6850174634495876,-0.7110522332359706,0.4140563308216198,0.7452545566976314,0.23146413440022345,0.05927206136453581
B0053,3,0.5750762706913491,53,Degraded,-0.8439649279313896,-2.80730103859469,-2.9421766548114583,-0.15997894977159113,-1.6624101300600909,0.9873091783800454,-0.33318550274867736,-0.6577241762675926,-0.883587903890247,0.37057140185180354,0.2785143262245142,-1.1991727604944231,0.3040804235417271,0.56960634928383,0.2605420758460923,0.04665941620675486
B0053,4,0.5652931926968383,52,Degraded,-0.8741416069555069,-2.858633628802995,-2.9218558034689166,-0.17515587769729446,-1.5405476622675178,0.8476323856671051,-0.28579765067797663,-0.6013622911100558,-0.8154790813997127,0.3493933058775988,0.3188191135654756,-1.1654250851209778,0.31036742393740235,0.42569279831338086,0.19898933372035202,0.04085461890473661
B0053,5,0.560895136178781,51,Degraded,-0.8072020532503928,-2.9745036743350775,-2.961471862748497,-0.28210138879690005,-1.6631141246811398,0.5820680801495283,-0.18924084328887875,-0.4494650617240141,-0.6407176529662025,0.3612998054532884,0.385900706218369,-1.2174076249811954,0.03420810972284662,0.16813537824957048,0.2743165790741088,0.03325718629885296
B0053,6,0.5567991200721928,50,Degraded,-0.7263192663700346,-2.9324182564842403,-2.9003752082244203,-0.31058116450942796,-1.7542255888531908,0.4419158089462446,-0.11631169382379236,-0.3168619081958341,-0.5447306477359597,0.30174735127561575,0.3433100717017485,-1.0851706877339335,0.1202712456609261,-0.08081229591604741,0.817488937487297,0.06333974971412593
B0053,7,0.5432327028547531,49,Degraded,-0.6641558548662354,-3.015258376707682,-2.9730593744307003,-0.30854010550574446,-1.8515890965019106,0.6928295669782877,-0.26185941167572474,-0.5429967677504802,-0.5193571476354769,0.051602838298891014,0.4282809375128431,-1.0921678862021502,-0.03453548534290079,0.3511892828426164,0.24445583483854713,0.02885483325593806
B0053,8,0.5323746784496574,48,Degraded,-0.555472254330765,-3.0502555158614624,-2.94689217602939,-0.3846169002212219,-1.9464876463082943,0.4423251660516069,-0.152432554933659,-0.27639756048204267,-0.3403535920990941,0.29008921124313736,0.33422575482646477,-1.1894899922478994,-0.04370509998168289,-0.06594666194461359,0.6328084978255872,0.039998136101962616
B0053,9,0.5404644047479822,47,Degraded,-0.5439955718397327,-2.859098868830209,-2.972842232532766,-0.3158680903496076,-1.919668161131217,0.5391594739704252,-0.16023583748453116,-0.2777119246025842,-0.43515808491336694,0.2973213965317914,0.21040218483177348,-1.0248510773855333,0.13771518274236416,-0.10281015664556706,1.2412775707619097,0.08212662316688786
B0053,10,0.5426376020923231,46,Degraded,-0.6615579847229424,-3.086355200565116,-2.995984373057892,-0.4057742148464648,-1.786261807513033,0.2361847418621669,-0.06832413504169417,-0.21156640722107786,-0.3333347209483975,0.29211211776833307,0.37535609142971293,-1.204797418729333,-0.1367888717347121,-0.18721593041689885,0.558067686168938,0.03708462567159251
B0053,11,0.5252399966870447,45,Degraded,-0.4316392921296356,-3.0084081211821783,-2.849420423171731,-0.44205194931382064,-2.0257595032662405,0.12295314452130841,-0.003525384846491062,-0.015011737168129813,-0.1374114909500223,0.20682116824740035,0.27314769916291287,-0.9486843352788039,0.017064115107119856,-0.5818246719644521,1.5774570679097684,0.088141680989571
B0053,12,0.5426775088527152,44,Degraded,-0.7747232790315195,-3.0203660948993623,-3.060687050250692,-0.29822185729786693,-1.5524651049800993,0.5416207749049475,-0.20893038442937792,-0.4762494449122541,-0.512194201940634,0.02317418664904414,0.3546357049715909,-1.109434525269215,-0.05547542489020574,0.29598972635556775,0.1858859129712149,0.028059728340025722
B0053,13,0.5254197845395361,43,Degraded,-0.5757974846432857,-3.023793761176122,-2.9833328222740176,-0.3278801414077926,-1.8849514262938067,0.6286118370837573,-0.24201571172008443,-0.4764437120293131,-0.40450510139266044,0.39784310387941807,0.39548237370802863,-1.1220301593940918,0.06659177256540658,0.29561248642993226,0.3358939946838692,0.03345100864240419
B0053,14,0.530453394166559,42,Degraded,-0.6568483637808865,-2.6885714973915427,-3.0931939207346573,-0.09187396425872074,-1.687619481402522,1.3044495206774835,-0.49051490243032847,-0.8473474319258438,-0.7951662579891243,0.4566506098493606,0.17699709745078457,-1.0254536724860475,0.5937044549993088,0.9733198955234562,0.31515580363167645,0.05836264656660213
B0053,15,0.535291230531907,41,Degraded,-0.6200025571678508,-3.058916521801652,-2.9703899234194737,-0.38004302699479664,-1.7233611209023545,0.23840082772961937,-0.07834265867905349,-0.21220292579797584,-0.2596089978491155,0.2891466051087239,0.34500074746648807,-1.0807553060333142,0.017369637540852783,-0.17379817619958468,0.6715312316578639,0.04548886201661534
B0053,16,0.5120183328318485,40,Degraded,-0.5510354472585342,-3.0100826057293952,-3.0736286689300605,-0.3166678844693638,-1.8407378507700831,0.6850171326321974,-0.2782357221465249,-0.5036970474431676,-0.3723282926259003,0.4065060660126398,0.3477895943205061,-1.1477351296195022,0.08976296994800384,0.39668551998454243,0.20504895205701532,0.025790477005978512
B0053,17,0.5335478626716929,39,Degraded,-0.5994062864734856,-3.0863670254966618,-3.0205225239586175,-0.4313033876891707,-1.724754417790693,0.048441651099511505,-0.009398828093643855,-0.11756889927474243,-0.1437982466750464,-0.08610304928906085,0.33856805361467884,-0.9567749219237173,-0.17447615603758387,-0.3372172245025345,0.9533230812198356,0.05621611125609857
B0053,18,0.5139618925223749,38,Degraded,-0.46992516941633977,-2.950278824856003,-2.915668187875212,-0.3407381372685463,-1.8798000734029858,0.4326581014344942,-0.1528704489800921,-0.2757702361986678,-0.2351864832931476,0.3005993428476784,0.26347835072199055,-0.9199354720519071,0.21067183819144925,-0.05186049302009404,1.1001753046239255,0.07303557525914257
B0053,19,0.5162713199850504,37,Degraded,-0.4827529701684756,-3.1581732783818053,-3.155496228345971,-0.44056706876838614,-1.9339942752397812,0.3640131442859266,-0.16957391343975864,-0.30318068782453933,-0.14828946887784422,0.4022861803732283,0.3755306848856128,-1.2657765956105915,-0.2759307699563995,0.12259085212645425,0.1973628035942866,0.009244382804095959
B0053,20,0.5279743923268525,36,Degraded,-0.6303001589038417,-2.973602939742775,-3.0214123886188333,-0.31867498414996365,-1.6188630448412296,0.42477220032636787,-0.15701333424265526,-0.32007875900804644,-0.3517689735467871,0.3302972924730746,0.22721636412105417,-1.0574986763570626,0.10934075601954994,0.11789979969326181,0.7107099872188605,0.055902849716697706
B0053,21,0.5222656915654359,35,Degraded,-0.5138618282459954,-2.8246671541838637,-2.8919927397074634,-0.22955191288155516,-1.800395713163989,0.7534453376854213,-0.2757578274314554,-0.5180288531919023,-0.41890744354849035,0.3644759995004424,0.2430494265100648,-0.8069614719433159,0.5087023482315592,0.39609225370965934,0.9874063047284285,0.08504758326047152
B0053,22,0.5176569534060915,34,Degraded,-0.6199043535976381,-2.9861381036419665,-3.0723050775098386,-0.2733458587990148,-1.698005347563845,0.6277975478672801,-0.2819196454825667,-0.6215425861399428,-0.2919937092439059,-0.597274578535795,0.42391935385299223,-0.6568068536937938,0.010028937795125528,0.5397731298388018,0.4009256659108662,0.0440292404074647
B0053,23,0.538170526550991,33,Degraded,-0.6356783570111015,-2.9961084660992885,-3.029545197663918,-0.29724604228391893,-1.7050676982367416,0.5212860978595772,-0.2175220749545231,-0.47332252246454753,-0.31940909154885166,0.022837872574050632,0.3406169209166762,-0.9460563663005452,0.08747528206808013,0.4115237593823642,0.3558466022392912,0.03968620338763572
B0053,24,0.5176111570211771,32,Degraded,-0.56090948837256,-2.925973131627406,-3.0947976842456324,-0.24365581795521016,-1.677912748166551,0.7892779214381429,-0.3310190284743502,-0.5623196578133698,-0.3701670206540074,0.3954625313471747,0.23133926052840498,-1.0682000265216023,0.30522522378151445,0.6049432291825251,0.20318619658290157,0.03244373841301508
B0053,25,0.5257143528454128,31,Degraded,-0.5701602376711522,-2.8913383885929598,-2.9484524422220937,-0.2162071643356279,-1.6649782295812434,0.7756077473956738,-0.3121390907430454,-0.5532068902340869,-0.3947932412114966,0.36469052207814345,0.21747677916517816,-0.9322350205239495,0.4624377845404305,0.5773093051868409,0.4890885879560774,0.056022488823715036
B0053,26,0.530166467319484,30,Degraded,-0.6045284669441789,-2.9491674144253373,-3.09753503030816,-0.2730947321002347,-1.597791867974125,0.5667403870934697,-0.23661066556255342,-0.43253166383198827,-0.31981890423734305,0.38258542904543347,0.21874962051310035,-1.042675829455098,0.17312533179340722,0.37766702252280626,0.4240945664528924,0.04132452225578169
B0053,27,0.5118483231374269,29,Degraded,-0.5326608299492998,-2.9189264370360712,-3.034897359174688,-0.23038135817335545,-1.7723173081175094,0.8543342454362354,-0.35795226251269385,-0.6529421302722606,-0.38085133516284037,0.45894095487041986,0.2945819382063005,-0.9723871677804714,0.3627374678373234,0.7689881475590965,0.23267032228656673,0.04131189646543022
B0053,28,0.5232942334375444,28,Degraded,-0.5796438561674764,-3.079282169097616,-3.060664874824675,-0.3660122041969143,-1.6253250738619798,0.22921650867555798,-0.11912503875826198,-0.2861402620553638,-0.09800293838671753,-0.03282046862438017,0.3168280934759553,-0.9076752457669188,-0.022437104211363544,0.10353967479086881,0.5284478602267595,0.03927577405655354
B0053,29,0.5015560842406116,27,Degraded,-0.44613938505115064,-2.8347528788754803,-2.980491609632863,-0.22959364157629006,-1.8063732580133327,0.7755135884072123,-0.31071714069698064,-0.5209064800636156,-0.2993789927978625,0.3740917908218547,0.16951485821994114,-0.8310709388815476,0.5054824300227974,0.5484535398966124,0.8535866916543235,0.0757499440309564
B0053,30,0.5230789467807804,26,Degraded,-0.4628113389508106,-3.051298424038956,-3.1351022732924347,-0.4108026650759788,-1.7780547002364802,0.16773308337376838,-0.08345856538850242,-0.144466257046055,-0.025700944555560906,0.3578808209741939,0.20871701254648622,-1.0430173371843854,-0.11586532187397072,-0.07441914171942969,0.8791970522996863,0.051188478589263134
B0053,31,0.5078131756762801,25,Degraded,-0.5725957980468807,-2.8338760070771456,-3.0097106422073736,-0.1400050719222942,-1.585912304501954,1.0056821192083674,-0.42122685275111454,-0.7530202053614788,-0.4478558262809978,0.45597986220722947,0.22435445051835765,-0.8573562427881906,0.641247808122136,0.9561199124974238,0.21635260641803405,0.05077389902813379
B0053,32,0.5125027446564726,24,Degraded,-0.5141302549969821,-2.829194172962838,-3.198349730927041,-0.18987619883425522,-1.6981513419753698,0.9499292221004159,-0.4020004584229543,-0.6843284896499303,-0.38461553558142836,0.4840954774397066,0.1760043154125348,-0.9673262736573782,0.40074868573918787,0.892454570758366,0.27788318791947275,0.045677119271149744
B0053,33,0.4900665812796456,23,Degraded,-0.5148603517292337,-2.7440167436894836,-3.1154894198896472,-0.10089958717944152,-1.6575179052446833,1.2227967786655571,-0.5195388303311999,-0.9059025238962568,-0.47088913688993767,0.11556188570189244,0.18354676059978334,-0.7199377938958014,0.6500242721752811,1.2448008321679078,0.26860531428415196,0.057921062863806654
B0053,34,0.5183888882101815,22,Degraded,-0.5948956517237055,-2.8890575350814127,-3.146480483290517,-0.2088766344084921,-1.5215629249534934,0.7609913237881105,-0.3311450700688995,-0.5888938077389285,-0.35293908810171226,0.4424476214102844,0.16582998002946495,-0.9862398905348368,0.3389647148305369,0.7673301927122967,0.23987011340117684,0.041217349086784094
B0053,35,0.513415031029361,21,Degraded,-0.5843686698011553,-2.938644585102437,-3.1169871307148265,-0.24705411116392603,-1.6089986784155068,0.6627643494032487,-0.29125523581768653,-0.5793592714075857,-0.30758556142326166,0.467530596972269,0.2600838357307038,-0.9553176006064599,0.2867820311015135,0.7420426458816456,0.23205780467750592,0.04254329886249333
B0053,36,0.5075189831402551,20,Degraded,-0.6107712352268309,-2.8120240933729757,-3.088589947081833,-0.1359396368754552,-1.4935033877967314,0.9033254455364821,-0.3831372404376308,-0.7217130810939387,-0.40595890412250396,0.44623503603922615,0.2073654345634843,-0.8299626055776591,0.659372685609779,0.9473558735409972,0.19527352471077067,0.05213004209478138
B0053,37,0.4952307369743088,19,Degraded,-0.48573629449057854,-3.032348858407938,-3.090281710684223,-0.28671947217280963,-1.6646911669303737,0.5680587605303209,-0.27902796615688497,-0.4963903928198377,-0.10981128724965569,0.4398528884917011,0.27459629553748055,-0.954983313063037,0.2593286059955535,0.5916929280131704,0.16239557588462858,0.028445000843295667
B0053,38,0.5072882587291379,18,Degraded,-0.5644919130472635,-2.848287764254695,-3.177217008935611,-0.19801250949357063,-1.6015514983802106,0.8005683713036731,-0.3528303704846525,-0.6811186398220886,-0.31595043713181364,0.09807779850426426,0.2016314669007759,-0.7799129008353266,0.38787859467075686,0.9452294297265529,0.3518284412819412,0.05663823396738102
B0053,39,0.4905654472040194,17,Degraded,-0.44100638809580045,-3.0517744313882633,-3.1121440772675006,-0.31068056425849205,-1.7207148498665839,0.5364571279281688,-0.27289867507716437,-0.46831879653554226,-0.051765496503054446,0.443368010865792,0.2643100685510764,-0.9728261139578301,0.19708700143080848,0.5953977023171731,0.17259927075188397,0.025906759638898626
B0053,40,0.5020843714693218,16,Degraded,-0.3684377163303402,-2.9439720972882637,-3.2088052882603066,-0.3279074671098853,-1.836945600981559,0.48639828366122523,-0.23094165708126924,-0.3629241264144373,-0.030845534468182265,0.4392269138152957,0.15032455229194192,-0.9277640741677841,0.12134824054881758,0.4367473170059054,0.758316271615365,0.056310103006689254
B0053,41,0.5039102439803935,15,Degraded,-0.4241886109256085,-2.6063590498650067,-2.978661142220437,-0.14796553243026755,-1.6490812916486375,0.7341345971919145,-0.26987415440825524,-0.4531302892807094,-0.28139497160310517,0.3164323171602397,-0.0565720170404886,-0.5209327784849743,0.8858754186840925,0.5357003552450434,1.694818566706229,0.13875294720719678
B0053,42,0.491227066542282,14,Degraded,-0.39467136552240956,-2.998916282173205,-3.101183631898901,-0.29808887282162877,-1.7846645151738794,0.6265553620130458,-0.30511222702681456,-0.5351700601320222,-0.07367109496080537,0.4800118957992225,0.2490977353088662,-0.8912081800071332,0.27941349919277647,0.7552461430661143,0.3448710182737087,0.04295925724494208
B0053,43,0.5548387677769014,13,Degraded,-0.7053811632013725,-2.9580554477718137,-3.044390800931071,-0.19106011646353296,-1.549919993851169,0.5870718608501613,-0.3049177008608152,-0.8269031146587947,-0.18054976188772648,-0.9590766222670303,0.5675347511858749,-0.2336842000634574,0.08862002940065324,1.0716675797546864,0.13421728194673882,0.04572106452689313
B0053,44,0.5568400794957381,12,Degraded,-0.6358636445966142,-2.8694673046478734,-2.9408027756814787,-0.20656443054747034,-1.4983562516063633,0.4025024799238965,-0.18416075415172994,-0.4177824155804053,-0.15431237008713153,-0.04489460254911486,0.18392043052642837,-0.6492332296442476,0.4063037848017998,0.5627705220985749,0.6922378892992208,0.06763584731865818
B0053,45,0.5192504550286202,11,Degraded,-0.4873321584690736,-2.801549929714556,-2.986326821332667,-0.13073389174528816,-1.7020047297102239,0.9774676521404156,-0.42903036167771175,-0.712851901193628,-0.2827524945008507,0.4400967300995324,0.12117896002115969,-0.8223189884215215,0.679913140341801,1.2027368250165038,0.22038477111938842,0.051003285484539425
B0053,46,0.5384407951090039,10,Degraded,-0.5288455920217445,-3.0090850061597827,-2.9321535906727747,-0.3256603349697477,-1.5681769518740494,0.09635826398575416,-0.06757661117074412,-0.1325089439675784,0.05813349103988805,0.2765347231409865,0.11312446636794588,-0.841445375688589,0.24830991252504883,0.17710739220610244,0.8857121903385478,0.06683174166881525
B0053,47,0.5360852752918691,9,Degraded,-0.485889542693589,-3.0447651118302375,-3.0831579515265393,-0.30901772509293685,-1.7073248332496587,0.41910683876512256,-0.2260607043873181,-0.4098841774456017,-0.012986279624417911,0.45508224505772155,0.23155647561457907,-0.9619722640595911,0.12626424664310915,0.6933749611466308,0.19330096148061363,0.029536810069011935
B0053,48,0.5062294499925558,8,Degraded,-0.40253499881231913,-3.0913500457973804,-3.0317612460469685,-0.34885068524739604,-1.7446140529317258,0.2940319334597274,-0.18617942341402363,-0.3050996819383107,0.1410826681400954,0.3914605486412638,0.22519288536586063,-0.9139146888833924,0.1431118587590255,0.4965907032780246,0.331693631625543,0.030627617289053433
B0053,49,0.5139972428774792,7,Degraded,-0.48768256267834986,-2.874367791166874,-3.1290547829576747,-0.17513924711756992,-1.5577665933398688,0.7888216542763237,-0.38417293697672783,-0.6617295264349775,-0.12648620431433888,0.06937245515865707,0.14804852189571976,-0.7057652251027958,0.4530563382445313,1.084374759170362,0.19015028352801588,0.04258836104281865
B0053,50,0.5152073639524999,6,Degraded,-0.44011059046594697,-2.9631528375619776,-2.988005777534383,-0.23358056653000897,-1.7022588180366212,0.6805025195691983,-0.33427761826611685,-0.5718051097833298,-0.08115007285401925,0.4608328512606588,0.18489977414797343,-0.839962510644478,0.42899245970760813,1.0168646360123699,0.2062098730501096,0.04213733162449502
B0053,51,0.5278081636997526,5,Degraded,-0.44524147379898427,-3.173198072948901,-3.1062169335104817,-0.4193559611481123,-1.6690354629623807,0.008030443292253275,-0.07523267249011738,-0.1354344847693133,0.2278850023256677,0.4015317580250571,0.20340773762857936,-1.000902211681652,-0.1311953212615382,0.274150257769104,0.4136616992581222,0.02824092896848467
B0053,52,0.5005557709081314,4,Degraded,-0.3677287249117546,-3.0254242115958725,-2.978726161317751,-0.3176491647659307,-1.7388719418802172,0.32204041369051345,-0.19049907294584176,-0.3187802094939184,0.14866180699340828,0.4011196430399637,0.18779058087330114,-0.7629867539773124,0.31227323814437724,0.5338740911377516,0.6335760735487376,0.05484673839422987
B0053,53,0.5233419607749331,3,Degraded,-0.5020871983298605,-2.9707548010475673,-2.997419357847261,-0.28191430864457667,-1.471426330809793,0.2205236491085341,-0.135975935379718,-0.25123011655443317,0.06651345428355931,0.3483519634602835,0.09016652985713308,-0.7575228170015168,0.3611429935265028,0.42991923852519465,0.7655900597325962,0.06605220874219858
B0053,54,0.5235908280092715,2,Degraded,-0.5411698159162417,-2.9497964733464803,-3.0874975885463303,-0.23229081615013905,-1.45921947695494,0.4633415868847022,-0.253123817673736,-0.5213751586886862,-0.033896419135256574,0.09457764759790487,0.2017586894445519,-0.6447272735186994,0.3017167121124932,0.8657427246561274,0.3756141660446334,0.05162223611181192
B0053,55,0.5051370039212889,1,Degraded,-0.38988171306156283,-3.0354216204205215,-3.0257771816147536,-0.2848864803211889,-1.7382537473676563,0.5203008041366006,-0.28540566738814055,-0.50334625864269,0.06523071845382429,0.5020451871194714,0.22809864587105547,-0.8216612983430472,0.32017768400930946,0.9355626286923576,0.19224081348463537,0.03671372803605388
B0053,56,0.0,0,Degraded,-1.50520274410658,-2.9251487730111227,-6.914597415567225,0.3496082882162255,7.138568199644907,1.831719255082874,-0.5342795387032654,5.754805274606622,-3.5151255948707956,3.4131567648478827,-9.651654738830503,7.122384589711887,-3.942340192884817,-2.786761866859554,-2.33671399955564,0.2488182060256447
B0054,1,0.3699675519929616,102,Degraded,-0.2451041508717006,2.1277592445966937,-3.3235410169243513,-0.08957765924460688,-0.12004145780848761,1.2788761840133949,-0.6795360062533823,-1.7244877662578686,-0.2955472892467505,-7.778330151284437,0.7618744671528254,1.661362362954509,-2.43730423414396,1.2347425304010382,-0.3088183202334476,-0.09318559468646134
B0054,2,0.5832720119058048,101,Degraded,-0.2391094790243445,1.382072503671796,-1.446616048819324,0.0901896126266914,-0.5141396679048248,0.4974100262099551,-0.30532614356869703,-0.7733638286895018,0.13299042166906236,-0.8189467593083286,0.6868499913649997,-0.29442718001377277,-0.5846021873753288,-1.1413982289092828,0.38056858554645084,-0.07192579936322048
B0054,3,0.5526260728069318,100,Degraded,-0.32957375088613444,1.5977711439393938,-1.508574688371187,0.17539259479784977,-0.2006497131478904,0.9165040186080133,-0.4435443137147176,-0.7527005544171348,-0.2413574031637611,-0.0021665200773759116,0.4500664595913876,-0.82658024853146,-0.3128208145159549,-0.5162898918146563,-0.6729257288763307,-0.12737083531126592
B0054,4,0.5480151128592938,99,Degraded,-0.6426933100844858,-2.967642810115032,-2.9177844293222712,-0.10865142189728634,-1.9664581820013605,0.8499156688868055,-0.3516979842089743,-0.3634307392275152,-0.25557931916939075,-0.05787003380528565,0.2009217090419873,-1.1800501954987415,0.3788207348416516,-0.11811041424922122,-0.137192421036072,-0.014699940304917015
B0054,5,0.5377225342804871,98,Degraded,-0.27982186860908725,1.6812922961146946,-1.3745251881486376,0.04089010960999659,-0.20796316654413324,0.354050741827667,-0.16531815608260314,-0.31600467793835085,-0.10928972564580057,-0.08276779137696072,0.5724410981484142,-0.5428944756114357,-0.5081950508613956,-1.1027018833685063,0.1762766439890769,-0.0887821232849927
B0054,6,0.5327746764011898,97,Degraded,-0.5506685355183885,-3.0482504577134515,-2.9984455803970387,-0.20934008450172256,-2.0076354184456444,0.6198535696698526,-0.27008325506220016,-0.19644769924196237,-0.08296900942927263,0.014823659089431085,0.19902816303751503,-1.2560035873902706,0.1711547439296998,-0.3466114565078444,-0.0625803105335379,-0.022523047511842906
B0054,7,0.5284184289986198,96,Degraded,-0.08092438934740374,1.4434002748149608,-1.5535367512427327,0.06293468242376245,-0.06683300399502287,0.6696934829210687,-0.40037028068158287,-0.6412458231047148,0.1506053708946626,-0.573014151172896,0.15360832849506412,-0.6875912628410266,-0.2993565665589565,-0.9196306962639623,0.5349455085282486,-0.06739722399218996
B0054,8,0.5224532222682421,95,Degraded,0.20103963839563127,0.2968236207079205,-1.6113467054968622,-0.1265362090553742,-0.7971404966521227,0.6465183647912651,-0.6029953106577216,-1.3704414001420202,0.8788204094103891,0.08487752839509399,0.12984608402500095,-1.3635791568342155,-0.5931305605467814,-1.097414729024351,0.5626937058650123,-0.08303727996527131
B0054,9,0.5229181988468483,94,Degraded,-0.21782387847191617,1.6677638126876704,-1.5261470992590278,0.06674825567031538,-0.31896888044306837,0.5931436721979912,-0.2901960229036641,-0.7439029500645269,-0.12860200245823825,0.2412658410472852,0.8785475928737894,-0.4202945344919963,-0.4419729633252113,-0.6559695460514506,-0.31420870097534104,-0.1077705707889517
B0054,10,0.5090939604390075,93,Degraded,-0.09250875681822274,1.7969944727548457,-1.6315387086861959,0.10521403557290251,-0.17743520017326522,0.8154501234015732,-0.38336237532686496,-0.5811998758339485,-0.10677173650965893,0.14517432439222275,0.29662127503952906,-0.7147126848375853,-0.11556396159772905,-0.6195277150865927,-0.037281900830437614,-0.09665891932910418
B0054,11,0.5113204616836116,92,Degraded,0.15134393519905398,0.08660100914495746,-1.8020860200682296,-0.190261704914988,-0.5580350775307797,0.6383601801911785,-0.6577811524168218,-1.3087753840987708,0.9498099847794629,0.12307000303976687,-0.03908369199487694,-1.8722389234598231,-0.9037853768991583,-0.8649410517897937,-0.4017217304283595,-0.15012104701831608
B0054,12,0.519454809307545,91,Degraded,-0.2888805424539658,1.7164322271472334,-1.4853550632922239,0.07193249902488713,-0.12037149831909699,0.5057693578691077,-0.25054487470774256,-0.69236763369705,-0.15922216861361302,-0.069908854672152,0.9212151317655936,-0.20674309450432798,-0.49453101932027166,-0.6120727859814837,-0.19515087684420485,-0.09821580431484313
B0054,13,0.5086625177175037,90,Degraded,0.3058204297907154,0.7259000861801269,-1.8444262759418737,-0.04566456282232734,-0.8971443431786,0.94484120486647,-0.6872291786170884,-1.2995980991977492,0.7723614420533692,0.2120337234401127,0.2304644234454459,-1.3322129472019648,-0.49247389339707653,-0.6540592052961496,-0.433017746091027,-0.14192629951539956
B0054,14,0.516591955997274,89,Degraded,-0.3381914260310284,1.9029365710464181,-1.5172022474441476,0.2772328261115922,0.1874710330983784,1.2224438996239018,-0.546196892056564,-0.9324860782610834,-0.4808231707036733,0.1832457878194154,0.41431260332200015,-0.5612439685773823,0.11909770452932117,0.1456434556158025,-0.5896216154785314,-0.09980786444323866
B0054,15,0.5047616059869798,88,Degraded,-0.15722794157535422,1.9260737232129583,-1.4546986877886698,0.15050997847251002,0.033446174772218194,0.8061765557535163,-0.3515451086065696,-0.5257565766476959,-0.23685789170273142,0.15845439033261144,0.2731277681343051,-0.5078368691328482,0.03844233443215309,-0.49593180002280085,0.39032722617090615,-0.058593122581894454
B0054,16,0.4931241629813238,87,Degraded,0.5984219299842829,0.3449174358387786,-1.7293164595177826,-0.30198520415176855,-1.3252594215770928,0.18153339561952309,-0.4167733989111211,-0.8573076431575043,1.4424668200459572,0.0842858673986228,0.23616222735490433,-1.2232354263181702,-0.8772045860424097,-1.741397824897445,0.771215600407492,-0.10497439069553269
B0054,17,0.5040024160000218,86,Degraded,0.34645784871374874,0.3787040152313638,-1.8943460768254383,-0.138184559468713,-0.9882597157390381,0.8007779664628465,-0.6991169944052037,-1.4297663520515098,1.0336628919122592,-0.24496366853196494,0.24070213226863668,-1.2812822366466978,-0.7752573539370796,-0.6405285715570257,-0.26546921975220356,-0.13298843498162485
B0054,18,0.5076693880627098,85,Degraded,0.36666917269945815,0.4083585969883666,-1.8563286681668907,-0.1721270192190044,-0.9211146696443143,0.639002758137511,-0.6185432082855631,-1.294476860335651,1.063299699552773,0.12146806867735305,0.27078368428285804,-1.3298526203693937,-0.7493191177310998,-0.8605989670146971,-0.1628654239567513,-0.13411422295813338
B0054,19,0.5053393426677978,84,Degraded,0.4503148547299496,0.850138112548602,-1.7948806001720092,-0.12090994978311538,-0.9618518147810924,0.5678985807993053,-0.5027941274200693,-1.0257151705253018,0.964435114194322,0.09681076542780175,0.24332971765166855,-0.9439065491921621,-0.5047474785844079,-1.1314743457912975,0.667238587667769,-0.08414081754610254
B0054,20,0.505204828292668,83,Degraded,-0.1287673648468202,1.6035322856432412,-1.5569780278565029,-0.015201696890684737,0.021053097751190127,0.29603384799600296,-0.20570063286491413,-0.3707269272592779,0.14724072369326965,-0.13650601762353462,0.46270294313974486,-0.4963815634071076,-0.5102975145049803,-0.8752885508688929,0.2167808622720088,-0.08912043472907502
B0054,21,0.4900716661981741,82,Degraded,0.4945366672149225,0.3901874029183527,-1.87301669783215,-0.17535773887472192,-1.1423093553258936,0.7217248878111994,-0.6651727650505245,-1.326494710497283,1.1812055455324373,0.2355175304239031,0.2678089936381324,-1.3372509159305561,-0.6582290565028067,-0.7928137988146704,-0.2328316513166225,-0.13892769232387836
B0054,22,0.5508320861812191,81,Degraded,0.22673431428207164,0.6419406964835038,-1.8051613295296083,0.0004612191439606637,-0.9966503181164588,0.9115253786672132,-0.7002591156300384,-1.5868771840026201,0.8495109599201719,-0.5958440952307965,0.42930236572007924,-0.675997495834576,-0.6213543805983989,-0.4122289030398236,0.11654352289539671,-0.0898216798067092
B0054,23,0.5413256119500636,80,Degraded,-0.13399502687316175,1.5175651143027835,-1.6193149577666313,0.06111348914059567,-0.09632144031350663,0.532211365887444,-0.33949662477978826,-0.6049969371424845,0.18673107585366053,-0.27714690543256126,0.3563819603585316,-0.554975874903473,-0.4537915467176215,-0.5842394246603921,0.026761618238242628,-0.09146526738732237
B0054,24,0.5287504193934172,79,Degraded,0.33301589152992633,0.5006870512429635,-1.8720830021256916,-0.04767155382590482,-0.9923585156621099,0.9872423178926699,-0.7600453738872596,-1.4889119562319417,0.9380258412457748,0.283910466316139,0.17960651460982752,-1.3365096462788721,-0.5368190941125369,-0.37041739583049027,-0.4465674703427523,-0.1349948481956909
B0054,25,0.5192758665807661,78,Degraded,0.2956859769410024,0.7380620828235975,-1.89835219885539,0.004029111977514719,-0.7668026098753088,1.0422513684077426,-0.75253154180999,-1.44212508581684,0.800413420662455,0.21440338808982942,0.16795725886066706,-1.214780277620243,-0.3877945935692533,-0.2738304732438107,-0.4805312250420401,-0.13349123177999653
B0054,26,0.5036647450645566,77,Degraded,0.4461938995497217,0.4639647869311942,-1.8863889233342348,-0.14239824074387084,-1.0402923100485106,0.7110122227269896,-0.6581689544320497,-1.3197207569118223,1.16430772305558,0.17809413468089688,0.29775473191523344,-1.224258114848521,-0.6268870035271028,-0.6662740605975102,-0.4052797648551368,-0.14570659005978098
B0054,27,0.5080200154270174,76,Degraded,-0.19336673712001454,1.6457449429829805,-1.5904701326362094,0.07575255529961722,0.16835634627937984,0.589792450029995,-0.34099575141015315,-0.5626964679498284,0.01709921848223858,0.15575408347754122,0.3989665137883545,-0.6389123962278532,-0.31150343828747584,-0.31253055026062276,-0.4068598727155487,-0.11199342667522623
B0054,28,0.5079159818220476,75,Degraded,0.05697519177753817,1.5704041070239383,-1.581841124834052,-0.06758168068057689,-0.14127823490737035,0.13540303488794933,-0.15691779577394613,-0.253210058688533,0.4133109946088196,-0.08755797712000965,0.302508802139771,-0.4734877849844837,-0.4626317254603228,-1.0810651537612805,0.7770521197078621,-0.062102083325083594
B0054,29,0.5007691901608136,74,Degraded,0.1663931135631441,1.3473983973401191,-1.8104115001009435,-0.05479470432940961,-0.328596068441507,0.4608262095018186,-0.36253166610323445,-0.634689106636597,0.5312601203468162,0.2661954194877625,0.2833773989544621,-0.826973281649448,-0.4627213542990747,-0.7306651991865852,0.02126728528028285,-0.10832941901814423
B0054,30,0.490624430795912,73,Degraded,0.4935889581387126,0.4235403925278091,-1.8211862823035765,-0.18099236405891994,-0.995406793214518,0.4712221743507785,-0.5609588560946405,-1.1619621054482059,1.3117045553048658,0.18461757402071557,0.15719239940088356,-1.1665812307213124,-0.5494576488224941,-1.0090887723669943,0.3426181173981696,-0.10475596970041472
B0054,31,0.4993708015055067,72,Degraded,-0.02581120673839065,1.7607704059552158,-1.6455728625535193,0.14596932032345736,0.03998586794192349,0.8587248224494001,-0.45735960630621936,-0.7785197395327716,0.06364372799657651,0.18881926288853362,0.277724402443239,-0.4558069572955685,0.056996628950052204,-0.15661362238058718,0.08801965749386619,-0.07497863423794915
B0054,32,0.4792007115474821,71,Degraded,0.5376217759924482,0.5313526118233738,-1.8791506231737738,-0.07224622619987477,-1.0299608011879045,1.0017966424892906,-0.7901001331855172,-1.5106508067431088,1.1404453642096777,0.3013702099466028,0.17288272958669537,-1.1654280148353835,-0.31722903277706205,-0.3120275689983227,-0.24055089368403948,-0.12419707495275602
B0054,33,0.4900423066947312,70,Degraded,0.36484483026832376,0.7663876509008383,-1.999395005813114,0.024073521006106942,-0.6641092518831764,1.1506907538493398,-0.829487615665025,-1.5931676481480304,0.8807705416145083,-0.11186677925927503,0.14938304614069706,-1.0096866840530339,-0.31119205208037237,0.01583036548934157,-0.449840602063392,-0.1258616182887135
B0054,34,0.4860186099481383,69,Degraded,-0.03150057390298436,1.5509523972003256,-1.71665972411124,-0.03372200134455446,0.04932646932689034,0.40297663602122147,-0.2961454938683805,-0.5298736864156731,0.26261671444484447,0.24824828996852077,0.4790515776327593,-0.6502263003641437,-0.48787561580119715,-0.35596061868156753,-0.473697415862,-0.125595144654689
B0054,35,0.4846601403759206,68,Degraded,0.4633015273210159,0.5199812318679684,-1.9858310958977126,-0.16470384531529805,-0.8197363389947483,0.6078645187366184,-0.6270910564177669,-1.2373843954034591,1.2100549229273452,0.3283745337809027,0.2503846650970391,-1.2857018745862216,-0.6980884381809709,-0.5703109286902396,-0.5111836826205342,-0.15450990039116286
B0054,36,0.4739893194253132,67,Degraded,0.5586789135356117,0.6034246127545937,-1.9730937237376354,-0.06136024788164904,-0.9704666511016784,1.0426157819013242,-0.8118236920859524,-1.5459986177762532,1.146397929451567,0.28757077495028643,0.21896458965894466,-1.0967008686560322,-0.3217157605427584,-0.16262827601334984,-0.46052637628403365,-0.13728628463732842
B0054,37,0.4819259784535614,66,Degraded,0.5061225872451951,0.6499793208146157,-1.9968433719490113,-0.1731371973879565,-0.7883700377932005,0.5112949127354224,-0.5644754887608479,-1.0955336137533098,1.227861417634294,0.21036918779853456,0.18262985893547007,-1.1479794731838304,-0.6570182448236791,-0.70781785323885,-0.08251787939743806,-0.1302611362084752
B0054,38,0.4841168347742348,65,Degraded,0.03142623447441455,1.6366367642671495,-1.7982696151101127,0.035026124353107466,0.016890141134579366,0.6100517264612758,-0.392759710666819,-0.7249285597693312,0.2736566586362834,-0.08027089777444975,0.37742404307227007,-0.4290533923538733,-0.3192352844055551,-0.1434166439188209,-0.09228118326908226,-0.0929883157522779
B0054,39,0.4703510432301882,64,Degraded,0.5898580241878539,0.4297074254016823,-1.910395260901732,-0.1417628958433382,-0.9946018851100207,0.7681067329165282,-0.7217957289518052,-1.3951955397536993,1.342566985818898,0.31390891296859896,0.20235103764222417,-1.1638020263515776,-0.45698549565927066,-0.43199919797860553,-0.28978896268190096,-0.13542382253911597
B0054,40,0.4809221038519482,63,Degraded,0.34625316036489306,1.2786607455654342,-1.9771208723187732,-0.032388301962211936,-0.4176464875078958,0.6822148724453537,-0.5151177182350387,-0.9163372048400868,0.7323251410970429,0.2568607897581342,0.19032396335023966,-0.7902675889862891,-0.31630087132869983,-0.3596994803756049,-0.02341688899150092,-0.1063258329629494
B0054,41,0.4666170072099852,62,Degraded,0.12013157933435124,1.7555857232846583,-1.7115408356939668,0.02507124830862216,0.032970374528910336,0.5315201245721223,-0.33290592044932915,-0.5236846932519253,0.30719066083787905,0.2656467895240639,0.2515162250413727,-0.4432292371541915,-0.09665198038426744,-0.3230526402818714,0.2568561233349082,-0.07737899842978904
B0054,42,0.4656727368572608,61,Degraded,0.5812011592052594,0.333709786237383,-1.9528039891593596,-0.183645879862175,-1.0094004395063758,0.6224158157036919,-0.6767139968179369,-1.3603586573304964,1.4382889681563427,0.3137823763181164,0.19425092448785913,-1.211191743533849,-0.5437283619716845,-0.5099511768308035,-0.1986306713026217,-0.12940234031920048
B0054,43,0.4988214549558352,60,Degraded,0.42345096919743397,0.6669397978089278,-1.9820668253724767,-0.0064131929842116365,-0.873752236587192,0.950519380596918,-0.7786197618368189,-1.651267532135685,1.142575639520684,-0.6256692513054385,0.3295210457173474,-0.5508171130295851,-0.4681417329362678,-0.01078850178315516,-0.052469938582849235,-0.09858440795038166
B0054,44,0.4916657631486018,59,Degraded,0.42594295527101556,0.44223725475267944,-1.9753224343121567,-0.10950195590482534,-0.8367925192938874,0.7300588769698825,-0.711764510995187,-1.4505949446150488,1.2655931180224285,-0.13423740042363785,0.20465946968759655,-1.0672836448833012,-0.5981423428534911,-0.16385396726512164,-0.45808896941635335,-0.1320732719925949
B0054,45,0.4952185031388721,58,Degraded,-0.008793518432354,1.754746751592418,-1.7493032923781138,0.1904661796137845,0.13440143257166626,0.9871079079897911,-0.5493008206645393,-0.9224987948686164,0.13719835398699304,0.2712372400004257,0.21382620333047334,-0.47222474345523496,0.14234348156840257,0.32494150175651787,-0.34218850800342737,-0.09132218736515697
B0054,46,0.4749935670218147,57,Degraded,0.5745431075286864,0.4239130600834712,-1.8602134945378068,-0.11884441976691631,-0.933504474129712,0.726447454353619,-0.7126171835672928,-1.3722381693009158,1.3947905299986503,0.2965517380318072,0.11894414065189826,-1.1002853002286896,-0.3648761505295756,-0.36212519432221835,-0.1454515745307639,-0.12130322666296528
B0054,47,0.4763013920450438,56,Degraded,0.5341400299339869,0.5779800613539815,-1.9484424279112924,-0.05920342364000216,-0.8333970128631516,0.8329415287721371,-0.7395779616564954,-1.4286008311699427,1.2905101349223362,0.22313964222773977,0.080938882538633,-1.0090858273604286,-0.23312206429375124,-0.24489960262746296,-0.09000025712320955,-0.1115585892600459
B0054,48,0.4425087587732857,55,Degraded,0.40759225338230887,0.7936402695630053,-2.313246205241779,0.022777458984107234,-0.46356411008138243,1.1255996465919196,-0.8990840640817769,-1.7067197010078266,1.1692972901286458,-2.534577864316987,0.045770160224523064,-0.1441907102132877,-0.7011830631256776,0.46495676426965704,0.03275709512510314,-0.08510896672639373
B0054,49,0.4968701375120884,54,Degraded,0.4123940724183217,0.5072251524045559,-1.8430522998722934,-0.08643386125801313,-0.9972328824038426,0.5525427764018849,-0.616749982747934,-1.5004816531159555,1.3088091914603128,-0.0784851172206909,0.5270598228494179,-0.624580578510287,-0.5719235760402587,-0.2814184607542512,-0.14987942344424063,-0.10797218482133122
B0054,50,0.4977536652596395,53,Degraded,0.524157960417918,0.5688165139277884,-1.8948381716842597,0.41436175923721735,-0.7365690713543593,0.4308886050216539,-0.5867451785507976,-1.2871823578808335,1.2559144286427069,0.2381633340448301,0.08729931908498112,-1.0753421204807412,-0.5499880348750201,-0.22895761880950533,-0.20048526340940903,-0.1327442252034668
B0054,51,0.487703935484058,52,Degraded,0.45929971314058066,0.3920684831300336,-1.933877818638099,-0.1293697056677137,-0.8467745084536519,0.5829539044864235,-0.6591732487540615,-1.3288563210714177,1.3797756850848448,0.26128918697417347,0.1611842844099659,-1.1816069465707575,-0.5941483585821045,-0.24956551901604912,-0.48498019336326215,-0.13759348574996708
B0054,52,0.482980279186961,51,Degraded,0.5220552268260289,0.3986518469845978,-1.9248051285530816,-0.18137258980090984,-0.878644561741813,0.35106725131063715,-0.5598439099204602,-1.151348471042209,1.5231513723582857,0.21936778748947086,0.1841265567246356,-1.082683247060738,-0.6657261067109648,-0.5955432699426905,-0.1632350340620109,-0.12997382871483257
B0054,53,0.4786851310844377,50,Degraded,0.5471428755196729,0.4797453232667684,-1.9141345454790837,-0.13429636407598244,-0.8855511867987965,0.465558609739424,-0.5991193896253516,-1.209346525305652,1.4948302260966337,0.22028087985739436,0.15039377455231134,-0.9762279227031373,-0.4726996968594233,-0.5294577557517656,-0.020282202470234146,-0.11713227091019657
B0054,54,0.4647378295982466,49,Degraded,0.6315811681002461,0.5140049693147312,-2.0059247197212167,-0.1466456905795652,-0.998220069816844,0.5976083245765952,-0.6663553727971383,-1.3037161013991034,1.51676472620807,-0.1334564418765908,0.20616725828178498,-0.876424350187526,-0.595457083044082,-0.2667867286962795,-0.20861488310116133,-0.12609316919855754
B0054,55,0.4661776939911973,48,Degraded,0.7445447693626955,0.6280937376068988,-1.8972009009098796,-0.14116156982287856,-1.0411866681184303,0.4994194387101727,-0.5958149487717239,-1.0828396156597624,1.595969489334177,0.15998232483791025,0.0164716261613689,-0.8295756190648442,-0.32106930175325876,-0.657820184727791,0.5519476509430632,-0.08845043353228814
B0054,56,0.4772841892024845,47,Degraded,0.2199253663094938,1.5704993474104494,-1.8172664973063315,0.06296608167185692,-0.09722286168808594,0.5643644367709508,-0.4232552400541173,-0.6938710538581172,0.6309381811670473,0.22550360744223844,0.13034933416047428,-0.4432195830893287,-0.06047830086271559,-0.13544653129033962,0.17500036830998145,-0.07955838521442825
B0054,57,0.4665121052186468,46,Degraded,0.6463605492026895,0.44037920713946505,-1.8895580648266708,-0.1566911196950264,-0.9750154475510103,0.44045677548149403,-0.5995781429864435,-1.1832426279057877,1.6106497373977537,0.2616667841591651,0.051393427148571244,-0.971066765294191,-0.3866714630608886,-0.5610037866260528,0.3283645524918088,-0.09485498670163606
B0054,58,0.4616470920004795,45,Degraded,0.7784015332797152,0.6442653470273964,-1.9297279190187226,-0.12591024934097708,-1.0748091643487785,0.5899652929662655,-0.63982511743064,-1.1826441905904383,1.5965021641940096,0.20949658408806268,0.02484885422960407,-0.7956944445167392,-0.2557790767227879,-0.48751387427228887,0.5579764738772156,-0.08212690323501007
B0054,59,0.4628899582131488,44,Degraded,0.5131482793787596,0.4809248040466984,-2.0764760944528304,-0.09343644481388785,-0.7226392065564733,0.6756079371877439,-0.7222689771122501,-1.4162887459967017,1.4581124654198214,-0.11647272273482606,0.12896561906956874,-0.9499716890891705,-0.5403402524369229,-0.024456282558340606,-0.4888563332755822,-0.13609846554043
B0054,60,0.4581382896640042,43,Degraded,0.7003954376890253,0.40407061750616124,-2.056011227698016,-0.20490052632799235,-1.033278409644535,0.4706503901218321,-0.6387930840827046,-1.2464612376536888,1.6731569916535312,0.32859634164316576,0.2364077643155733,-1.0569045086516018,-0.6568060899650197,-0.31017980336713774,-0.4596192118000982,-0.14809744099001312
B0054,61,0.4693505839556234,42,Degraded,0.2366483354566337,1.5209510977300604,-1.9064952898048493,0.06746514989846002,-0.06027700784044767,0.6535958393874088,-0.48919160828782615,-0.819683788211208,0.6684982433579308,0.3035046728651977,0.14894780367638963,-0.5141660211360691,-0.07340162309927992,0.13150711075129676,-0.22540446454838106,-0.10050361662315278
B0054,62,0.4579495293438586,41,Degraded,0.6673284779612176,0.3654701783883222,-1.9398317860426146,-0.18161408449769512,-0.9380583939439252,0.38097021028971095,-0.6018659544646753,-1.1891102413331964,1.7164506498987884,0.3048129826380605,0.09585188398461063,-0.9945509834604308,-0.4651363181480678,-0.4975007646737977,0.05061382786663813,-0.11506075295191022
B0054,63,0.4601304495216894,40,Degraded,0.2613828177826812,1.4885987692795475,-1.8073230845844037,-0.11236583346359746,-0.03341833109507978,-0.004656382526793275,-0.19348421245900743,-0.2924963695915909,0.8769028303143653,0.23073004807259775,0.27800506063372277,-0.4235719130714829,-0.4421970144521465,-0.4954930401911893,0.10436101327952596,-0.10238611449921504
B0054,64,0.4555626958680444,39,Degraded,0.5899342027237768,0.29028859313443584,-2.008062529996014,-0.17381572196470652,-0.836117661480714,0.3949946898890974,-0.6336143098575688,-1.2919832776755527,1.7199385660244,0.062161729118153326,0.13181993420163476,-0.9802382993430562,-0.5795095357752085,-0.33044888777724796,-0.23317739718441582,-0.12883078242058466
B0054,65,0.4490253521847672,38,Degraded,0.677205385280535,0.659141764874701,-2.0337091373274037,0.003655347172435477,-0.8841805222201783,1.0490496469876607,-0.8630107471473404,-1.5994130845587902,1.4124156260195608,0.35151386443737576,0.05331354938472713,-0.8587192409720729,-0.058100710189836834,0.32752405508945803,-0.34567822415072885,-0.11532987890441251
B0054,66,0.4639432312008186,37,Degraded,0.2839975309799071,1.6908440144990258,-1.7958039542905864,0.06038726536197408,-0.008245174611003341,0.49520857332173934,-0.38850442228087095,-0.6114496900834572,0.6893598271002717,0.2394512440249804,0.09705119519326742,-0.27050220290457255,0.07485950147548492,-0.01686929102814939,0.37184715319020595,-0.0638122918460686
B0054,67,0.4559207698493612,36,Degraded,0.6378693090334709,0.5246771847713863,-1.9094992251234053,-0.07599929921343876,-0.7863417399768503,0.5988010299061871,-0.67773660562745,-1.313369579319653,1.5777612317956504,0.3172237171242137,-0.06798087829042783,-0.8768782768124872,-0.1534870505574102,-0.22241601027946584,0.3934641786654007,-0.07910879847520741
B0054,68,0.4468245824664734,35,Degraded,0.745012518789151,0.82743065787625,-1.8644145240424628,0.05267965059080344,-0.8872210148147409,1.0000873487656161,-0.8103836090252776,-1.4994013913020805,1.4399239655218894,0.28228983358065046,-0.05245924306601747,-0.5323782110576792,0.27663060337150064,0.09938039421854303,0.5846443936173248,-0.05595707387555226
B0054,69,0.4550432246302128,34,Degraded,0.7533356789850059,0.6558718901386327,-2.1556553320456984,0.4415966581845776,-0.8459365449944101,0.6422933673773794,-0.7405013818858103,-1.5899525913101922,1.5373046695568948,-0.6947883278759898,0.13380383393410458,-0.4846914618746596,-0.5306154583867988,0.39586287915674667,-0.0772703925270839,-0.113333623629728
B0054,70,0.455745236573047,33,Degraded,0.5771200354648452,0.7437018813997702,-2.0181383325573403,0.06846487086787136,-0.7100053447087283,1.0411431093534917,-0.8610505804573076,-1.6234299021076033,1.3854501949433722,-0.08181292885805568,0.03169387074858942,-0.6255476435515224,0.014428219258324942,0.4545730758961711,-0.30716330053419566,-0.10537252216113557
B0054,71,0.4668586405819098,32,Degraded,0.34583958842926005,1.4740615762774234,-1.8854914965806773,-0.03567730635001161,-0.06835676531783101,0.26021161404511833,-0.34073845525720525,-0.5239783245575488,0.9575942375150335,0.2569073240474201,0.112825751944912,-0.42702782392843835,-0.20161347200598992,-0.16188575775544167,0.11516343114157801,-0.09240428696459792
B0054,72,0.4490758878034388,31,Degraded,0.7234040847282331,0.6243646805294737,-1.8204940831340937,-0.012668014997069045,-0.848628100412546,0.7434093619664282,-0.7355981753653139,-1.3576615493118915,1.6195418040058593,0.30259347770125716,-0.1001760832224434,-0.6640595531730823,0.11425147091793555,-0.09492294185485922,0.5422277319705945,-0.06641297147478671
B0054,73,0.4569683567685627,30,Degraded,0.6358783291648167,0.8249887745443719,-1.9957553571477042,-0.004864038805543891,-0.6226245075679784,0.714862188328734,-0.6983099598827135,-1.2791950900143676,1.463117259750424,0.320329832453535,-0.06201774878229365,-0.735558545056374,-0.04735544208193624,0.039983707897684975,0.13881044558894357,-0.09192066970490753
B0054,74,0.4382424308577139,29,Degraded,0.7110058639742856,0.5552094243039538,-2.0598303964886644,-0.05709081390899876,-0.8737240194222303,0.806928828802145,-0.7926594347368827,-1.4930696702643378,1.619372909035081,0.3938431049394921,0.10462180254901364,-0.8554580595214116,-0.21646751826414626,0.2642839510229465,-0.4736704165452055,-0.12894080018827173
B0054,75,0.4427458979290982,28,Degraded,0.7862788500071691,0.44378372677997663,-2.0182646384679805,-0.21414280176970624,-0.9315291014252817,0.17061497965039754,-0.5324094239062799,-1.049915612494395,1.9623555714616174,-0.21106076351900432,0.01760620015434055,-0.6656164188555403,-0.5324615553012542,-0.5386473094485963,0.5740073961368385,-0.08547409553815301
B0054,76,0.4409537311423354,27,Degraded,0.8417605487852072,0.5412648850573833,-2.039908312268946,-0.1607035552968172,-1.0062712603105706,0.43594478774387685,-0.6300322539337507,-1.1725932445963079,1.8548277177136343,0.2991451930841193,0.016997837727215123,-0.7854616291550118,-0.3395930307855534,-0.2624468158928592,0.2783366461522782,-0.09806232424231005
B0054,77,0.4522904552972398,26,Degraded,0.6545452381940114,1.1251848129486228,-2.0209074632522874,-0.005872712226589377,-0.5122561265111281,0.5638586044469323,-0.579512704666994,-1.0174147646214817,1.3931034844818337,0.27467761544239844,-0.09029466924072047,-0.5287896396364662,0.01031790685738961,-0.07835067476603509,0.5179933052949782,-0.06966107376678718
B0054,78,0.4367303174727998,25,Degraded,0.754454990416738,0.5675601296114021,-2.0197326256088686,-0.05268275906265204,-0.8556967048225558,0.7603684704659625,-0.775898704273445,-1.4485130639768657,1.6900246489026864,0.37645073195531203,0.019593283483841657,-0.7715727740481041,-0.11222430097855837,0.20145177516947899,-0.1321204143410605,-0.10790931814538153
B0054,79,0.451565595493414,24,Degraded,0.5082273801850408,1.3364479393581996,-1.995278657645275,-0.049353423861629414,-0.257915512079986,0.27919724869883433,-0.40089203235005894,-0.6783751191502321,1.2181075465164286,0.32194950013738366,0.06006854911781985,-0.4319543408791921,-0.1762582710600992,-0.1283177292344866,0.26669623754692995,-0.0850427599657946
B0054,80,0.4356108877030062,23,Degraded,0.8548097324397305,0.44022765674325876,-2.0611080406606326,-0.17231183087775043,-1.0069692705102273,0.4080169320510869,-0.6498967959988543,-1.2461432830702805,1.9616275895289426,0.011973143173923622,0.022269450817124684,-0.6844853853015764,-0.41729708358522477,-0.18805808680462055,0.32782189968711895,-0.09375226823330257
B0054,81,0.4468249521738308,22,Degraded,0.7445306488570419,0.7213819767331462,-2.0920873599436174,0.4581506724493592,-0.546802853194652,0.486350466529224,-0.6642154653424659,-1.358408297836767,1.5538662905458147,0.38478663158691384,-0.06909152849392741,-0.8182625161342303,-0.2379910008427029,0.31843665427099915,-0.15619898117864034,-0.12158312953575509
B0054,82,0.4417532007343946,21,Degraded,0.6906145146221148,0.8333137849296164,-1.99457231547831,0.12441345049784207,-0.7130057585358719,1.1687361186764036,-0.9128998896767266,-1.708006272756971,1.422399911859799,0.3695726952288102,-0.1388815261181957,-0.5600914802972041,0.40705316394871804,0.668283371654877,0.2162403208933002,-0.060246736246074455
B0054,83,0.4389701852683957,20,Degraded,0.6876573310189573,0.6592216637233062,-2.078665693077156,0.04709861110522356,-0.7296998006499893,0.9959119359801204,-0.8759232151078653,-1.6457749679661684,1.574272585350268,0.38894124102854394,-0.04191100352343774,-0.7116166768050206,0.13582117858566498,0.5806880421097136,-0.28137863024182136,-0.10131546660903151
B0054,84,0.4299694554682547,19,Degraded,0.932317201780759,0.4334995282751088,-2.022169954477017,-0.248451924998656,-1.0342867072917887,0.07660360572874873,-0.5052456239135868,-0.9521552269200982,2.1446334784527443,0.26102524443359987,-0.010601247007956236,-0.7128620833609828,-0.4758253004518945,-0.6005054320561228,0.6670026513637851,-0.08648082626389442
B0054,85,0.4348679059804782,18,Degraded,0.6789037601974511,0.632035949863404,-2.187402227200455,0.01190887609471216,-0.7053078209139026,0.9147132585046928,-0.8620893547466226,-1.6376745916315856,1.6441357547906423,-0.039087826565136236,0.004938022850528808,-0.6450793887352932,-0.10677045336749033,0.6426466803343717,-0.4425233592326224,-0.11350722282723175
B0054,86,0.4319135907406338,17,Degraded,0.8539774562940791,0.5221198864673081,-2.112868010528636,-0.11970343850120413,-0.9306175717501656,0.5621356227053904,-0.7147291128487705,-1.3139527173501055,1.903822951435533,0.377582674787395,-0.014082964183642972,-0.7810489747980855,-0.263640962272276,0.10622173355935215,-0.032724064170559224,-0.10908705808801421
B0054,87,0.4432847268894572,16,Degraded,0.41528026124063855,1.5727105417238283,-2.1029142918895873,0.20011072683047093,-0.053364960871740766,1.0776650612063121,-0.7380568771137408,-1.2586234455768603,0.8553025462889664,0.47306542771515764,-0.026792308115939606,-0.371583388959171,0.36501808488110743,1.0060146490195037,-0.4710888767080921,-0.09439226341080599
B0054,88,0.4345039286156663,15,Degraded,0.6201079020517944,0.7603269624023525,-2.0639821740374082,0.172141899643605,-0.5601300948809049,1.296778799079084,-1.0014917168809285,-1.8612534809440107,1.419954869185187,0.4787462009001161,-0.15097931575603732,-0.6683411967533862,0.4587545562667673,0.9976977786833708,-0.3875341265483818,-0.09125141877550114
B0054,89,0.4237223044188826,14,Degraded,0.8655113863917988,0.6062041521522094,-2.050667629145619,-0.0748551922974908,-0.8783551467728029,0.6225267881973492,-0.7319383843788073,-1.3571131200209599,1.883157854307334,0.3809015379235812,-0.02601330687928225,-0.622994174669326,-0.05656227467000417,0.17011818518674007,0.17303796903119578,-0.09100327414486434
B0054,90,0.4399863860790351,13,Degraded,0.6296111007768638,0.8052539164204511,-2.118642457204288,-0.00016407954500122996,-0.7633770742818402,0.5068493378560789,-0.6692623617955916,-1.4493235200543895,1.7902840716548198,-1.2333855312500006,0.2676230365329055,0.16265011077802505,-0.3658472262772528,0.32032480413326986,0.2698354264351515,-0.07207075807292893
B0054,91,0.4555222291384254,12,Degraded,0.6048785423883923,0.7032775731687358,-2.063759728537908,0.026186323802329676,-0.6653472398660448,0.6163088491394323,-0.716288975339273,-1.3818014823241898,1.7208441497609572,-0.12781728529378644,-0.04243765410042618,-0.5078340455688982,-0.09084738610424459,0.34830782377116715,-0.08471794889817823,-0.09477821609786968
B0054,92,0.456086214667753,11,Degraded,0.8151466058646373,0.7321610940590101,-2.107566716656971,-0.06422399089869589,-0.8905703449768624,0.46340819970397185,-0.6428231198156078,-1.149223367364206,1.9022101028060452,0.31170900231019805,-0.06982955074480994,-0.6267947615856996,-0.14738451384956347,0.026509879102989475,0.11471167335695155,-0.10042372560584366
B0054,93,0.4436021987942399,10,Degraded,0.7311555226335219,0.6442927844068647,-2.0764638300618894,-0.07266286958565922,-0.7244979405325797,0.3311298000858507,-0.6006424384002276,-1.0940818637249248,1.9297420336982511,0.25001036103566415,-0.1305868410364499,-0.6774534449875559,-0.16894289004451563,-0.08913970779449941,0.19308729485178638,-0.0957626926325254
B0054,94,0.4480618383979607,9,Degraded,0.7228986963913562,0.9499566299416904,-2.1137124619858727,-0.03507251439731048,-0.6266145954991595,0.4054391374710232,-0.5804359642611314,-1.0464318790005886,1.7342840221420661,0.3692054640988646,-0.036689246098589236,-0.5395983664291376,-0.10883976214750246,0.08258989357650381,0.06792501516527477,-0.0998453809622649
B0054,95,0.4425667000564226,8,Degraded,0.8694623977007285,0.7391463828822716,-2.1779747289059572,-0.05735675927731113,-0.8917004677213982,0.5577602574055602,-0.6949107002729088,-1.237168618394016,1.924317276731966,0.369519390840257,-0.09367511540313968,-0.6291030144619534,-0.10346863081540453,0.17623692463266696,0.08426451864713962,-0.10004782487381483
B0054,96,0.4396693322718059,7,Degraded,0.4476779469036772,1.6362132546879156,-2.222590318853119,0.1959827233543834,-0.0697841262669505,1.0137621466280786,-0.7259358946424104,-1.2364882587260109,0.9735156789525101,0.028195368558545247,-0.042989398526591706,-0.16573612093695111,0.26680137438016127,1.1559559600804084,-0.5058546938317866,-0.09651327634561062
B0054,97,0.4230612119225313,6,Degraded,0.9705882498358048,0.6458882927537845,-1.9763176449528392,-0.15800816039050425,-0.9906364603156584,0.07683631692579038,-0.4905540289537346,-0.8848436787950577,2.2064617206332238,0.2928914057597313,-0.13062823372287263,-0.4627339226779545,-0.15038807243012792,-0.5233823716448349,1.0262268786383841,-0.05833560371362666
B0054,98,0.4352966576484671,5,Degraded,0.6657084166447561,1.0137951700355363,-2.2322677018676833,0.07003755771528235,-0.484801904876483,0.8042562966669909,-0.7613332161512679,-1.3504813603318808,1.5573054837295817,0.46472620870894943,-0.10008952469903487,-0.6340241975085302,0.07814640339323506,0.7012304287657998,-0.48315996137537176,-0.11616131290644194
B0054,99,0.4220260454804552,4,Degraded,0.9760079683829332,0.6263919138118897,-2.1634980742741305,-0.18006069955643633,-0.9903641892374918,0.12900092769518218,-0.5314796803600665,-0.9634532098223882,2.216332120855396,0.3403018138105197,-0.053276994062331544,-0.5769180091724014,-0.328158715272724,-0.3112841128397759,0.46971083997111374,-0.0938239964075036
B0054,100,0.4268122339201789,3,Degraded,0.8075125544793096,0.6984648063315069,-2.1739182878099315,-0.09617796692164514,-0.6911689337763619,0.26218305898244987,-0.580034126595497,-1.0572236932925418,2.0167585198509683,0.3255259087132887,-0.12545917101165358,-0.6325516422877194,-0.2043845561910396,-0.046412657505218474,0.21432164158924197,-0.09734720090915559
B0054,101,0.4262259668979068,2,Degraded,0.7590606049985065,1.0189246777910312,-2.1965050218089917,0.07310741759560742,-0.5863410811247701,0.7224437940339804,-0.7376767536982052,-1.3723747739725132,1.7239927374377628,-0.06421839259493412,-0.13050095224422495,-0.2368644608665353,0.15209709731229132,0.5026601059228197,0.3685229015274217,-0.06490839069865485
B0054,102,0.4186959500896507,1,Degraded,0.9261217732653456,0.8742694443698033,-2.1545495387697073,0.016859343981307947,-0.9063398997558719,0.7625441470854447,-0.77309394413203,-1.3833449661943198,1.8762169774692645,0.4187343142164392,-0.12888255321399333,-0.4494435419115042,0.18382038133215292,0.5016052904205842,0.2604839806312734,-0.07425634657027556
B0054,103,0.0,0,Degraded,-1.5306858266106922,-2.453209665405713,-6.400797630861651,1.0859827613529336,7.4306299185417855,1.4470931816664319,-0.46746550578689533,5.447865675220121,-2.972305067026227,2.865997266500396,-9.069971142381036,6.6708667522911735,-2.757775419740257,-1.5893096878955029,-2.34075482550974,0.21148696515877147
B0055,1,0.3994998963518505,101,Degraded,-0.6378802873129978,2.2365017107951006,-2.896387687879975,0.26757145924297904,0.6627007432461097,1.5444357649881344,-0.7882766317284259,-1.8502114239674292,-0.5025804181744528,-8.11591328719422,0.6701486084454062,2.345182608621517,-1.5559314211930404,1.032579310663797,-0.05137550834930613,-0.07251945134745458
B0055,2,0.659946078231439,100,Degraded,-0.7321472652804395,1.4867625062012295,-0.7398430642495947,0.5784399288932506,0.4110144965534067,1.0041160255301622,-0.4993050954749957,-1.2328473413843206,-0.3295367866451589,-0.42579002525308046,0.4791155507509921,0.1876831384495782,0.8159456101051691,-1.0742855123966002,0.776610373543504,-0.022559812448926016
B0055,3,0.6384916400566008,99,Degraded,-0.6766379651222206,1.4763016675565004,-0.8079000464428185,0.5272221440776964,0.5206819334261394,1.0492525180704153,-0.5183709665670854,-1.0044623280488785,-0.3483728015048922,0.1941101530963513,0.25711594516616265,-0.3566720397223607,0.789248465571371,-0.9696038755897981,0.08198563211014047,-0.07562953597273507
B0055,4,0.6286295656115432,98,Degraded,-0.713739676790962,1.168600005749442,-0.8825081981179601,0.38521191244302183,0.6993222657804183,0.7197161374045973,-0.4365417396537705,-0.8513126692169278,-0.16116501895692853,0.22709190673133756,0.2646567412697229,-0.7244819642326802,0.3738139789151844,-1.1290582328111107,-0.4386415846341108,-0.1217612878303233
B0055,5,0.603381875649706,97,Degraded,-0.6994308324323648,1.499554900633414,-0.9513737941447322,0.4236193429480866,0.5596068177266916,0.8287187791317329,-0.4171681715189688,-0.8584517325887482,-0.34933450652183556,0.4012291165714712,0.5187890031872594,-0.40767887614601217,0.42012140521608204,-0.9396188775648648,-0.5048589018479069,-0.11915953288256305
B0055,6,0.6038661268051598,96,Degraded,-0.6694117129207757,1.1659634828957175,-0.9765523187100921,0.3013929692618609,0.7306762987292325,0.5490343938745029,-0.3669757413541715,-0.6806684874653731,-0.08721153995760379,0.29981132630100354,0.29878569465901594,-0.8038283073572626,0.158022436013492,-1.2076992767617887,-0.5857177195291273,-0.1397575938392169
B0055,7,0.6004807145046918,95,Degraded,-0.5037676991791301,1.1516085127945264,-0.8255164023662128,0.33474845406233483,0.7204354358216776,0.632745384960214,-0.4182967967451751,-0.872000488787585,0.03424222178265582,-0.004284499587769079,0.0601470133757378,-0.5136175139150544,0.590691185036167,-1.3439862598181,0.7045993953111711,-0.05567703710872986
B0055,8,0.5945295432749865,94,Degraded,-0.5977225617965111,1.0001700836669503,-0.8392490115832401,0.35228554619304714,0.855186247308812,0.7832466354201978,-0.5148351011145555,-1.1547895134473716,-0.05675748011035823,0.33516010071354485,0.22200632828498792,-0.6781960861613683,0.5576529028442491,-0.9601812472151207,-0.03992880003528011,-0.09237097863965549
B0055,9,0.5848543913022165,93,Degraded,-0.546613595015674,1.600506722986652,-0.7827905715646082,0.3074262129842498,0.4354737928506132,0.30072324655424176,-0.1580049095622626,-0.5548284125943379,-0.13241184405917075,0.42820224345667096,0.7411990062430537,0.10142292877840417,0.4112954505490222,-1.5890593071147543,0.6911746412239024,-0.05785562041088284
B0055,10,0.5741823597306712,92,Degraded,-0.4930789230263495,1.5820524603840038,-0.9977721790652038,0.35912358206903366,0.6082684416302057,0.7248067787993403,-0.3757773090505531,-0.65363428303807,-0.17065950031245988,0.37247121954875656,0.2597820640027901,-0.4104321584452301,0.5883122956839411,-1.1057370203487193,0.07528824073194759,-0.09326501435270175
B0055,11,0.5763863030486148,91,Degraded,-0.549679173979451,0.8025813650531969,-0.9889147757211035,0.20623600920324478,0.9885005480487881,0.4828040562258534,-0.4324952736200837,-0.8252867639770842,0.16731842356262852,0.2986926308048814,0.02498269899806215,-1.1072108467164723,0.15284283285169126,-1.160947734234271,-0.4293774531826013,-0.13634715828839772
B0055,12,0.5659185235863614,90,Degraded,-0.6721685689372899,1.697292730236238,-1.002774543547964,0.464002792088216,0.6569583890431551,1.0044940735763852,-0.475510691954346,-1.1490438369940728,-0.4901890977218029,0.4704842455428117,0.8199105171056149,0.012417416486725192,0.5733457228493989,-0.43715354768428116,-0.6085798900110755,-0.10954205516867056
B0055,13,0.5663262901691674,89,Degraded,-0.49965421046989644,1.4473588088162308,-1.0471666016058132,0.33624605251690143,0.7006923269743595,0.7372485786139805,-0.41756064338975185,-0.740539199730257,-0.11654040259857548,0.4355697890228814,0.2823038350226255,-0.5310054191075981,0.4808898505416767,-0.9448428429518904,-0.32070539363048,-0.1184699452842249
B0055,14,0.5580282858287292,88,Degraded,-0.46036193634111244,1.7804342429211601,-0.8364287833051635,0.3603620073178314,0.6748589349846167,0.5166760883766963,-0.24076365016448256,-0.42164926591206997,-0.17551776068832536,0.34416997986824044,0.24217874096921194,-0.041240259269437196,0.7233567641067254,-1.4043242704522851,1.0529418807357425,-0.03435460853157593
B0055,15,0.5492320912534426,87,Degraded,-0.46954291566633993,1.6872477903786305,-0.9511156533394075,0.3482548289925199,0.7253265011281506,0.6269506921323312,-0.31654394656317736,-0.5338137130160412,-0.17874219837688402,0.42058449023397143,0.24699836752233542,-0.24969351394179723,0.6200237841835562,-1.1422656566956695,0.41847230703162874,-0.07312939795143875
B0055,16,0.546284705154834,86,Degraded,-0.4988589773446237,1.5741497507441498,-1.068578254843746,0.3339909061957774,0.742828306909887,0.7304704538292486,-0.3929336556359266,-0.6950277644537413,-0.18293798197271138,0.5174820355529051,0.3627653266460631,-0.4212612541037029,0.4673716850688751,-0.8375094457099275,-0.40105632463086527,-0.12225479832639811
B0055,17,0.5545838403560155,85,Degraded,-0.4518264896169026,1.3752165088699593,-1.1540942889941908,0.2949398976039842,0.725874989115061,0.7040732795059136,-0.43512391614704843,-0.8009470555061655,-0.010760998385205911,0.3171069141116769,0.31551500476329414,-0.5309540895395607,0.3578224296163827,-0.8280155230210198,-0.5128225394020719,-0.1324435436271776
B0055,18,0.5537517514452855,84,Degraded,-0.29104818714117414,1.3784353660877613,-0.9940583616263972,0.1878183849408223,0.6043865006707666,0.24844221349101714,-0.22207255063801692,-0.43467696153448543,0.2382109280694514,0.36953310353192226,0.23669832575748914,-0.35156492091836244,0.39107809989992826,-1.5774844751834862,0.726290020368752,-0.07271899673473567
B0055,19,0.5533758377122655,83,Degraded,-0.5031109302710499,1.513673134670619,-1.1166104886970598,0.40421376892780675,0.7842388523189364,0.9928037319556441,-0.5341941554948898,-1.0419625205375382,-0.2208031664234019,0.5871393789975006,0.3757219256913792,-0.41603040570334643,0.6476175791420238,-0.4585816660192693,-0.6163229547638955,-0.12210342802314364
B0055,20,0.5363347062291411,82,Degraded,-0.5206859879676551,1.661010257148739,-1.1277668970775119,0.32948922774452444,0.8562049002212722,0.6698331240779827,-0.36270043417335224,-0.7156038403245146,-0.20892548241750403,0.014377640371079704,0.4070998208088644,-0.1308931926714205,0.3738939024288728,-0.7234715892608031,-0.1405875915997856,-0.100094918338387
B0055,21,0.5388422010753346,81,Degraded,-0.42089391699680134,1.6145963297403598,-1.1499079311801028,0.37367617303636885,0.7339714624985385,0.9445146822607782,-0.4985100467725424,-0.8934007826449105,-0.17840231555422692,0.5778954836954636,0.3011442153306137,-0.40188492650409513,0.6543152744602501,-0.5114724516808759,-0.46411581814190384,-0.11755966187893317
B0055,22,0.5990857367267954,80,Degraded,-0.4840477101258332,1.3399875257117784,-0.9339328864760438,0.22182844889284267,0.5448169078929617,0.06298896948319305,-0.14322881985722175,-0.49006113725206685,0.22471709279952884,-0.03252272441115562,0.5334448604249302,0.0023641886437639143,0.10050302618409925,-1.5459843170446512,0.6198674677269329,-0.07115491257183942
B0055,23,0.5812690776340464,79,Degraded,-0.6661091289955229,1.8255584845929123,-1.0045412584981672,0.6138398051944581,0.9623695713162423,1.3613457370249942,-0.6400819740906826,-1.158413750512112,-0.5360460282097733,0.36091067579994746,0.19583235353633155,-0.14554740299459165,1.0660405047344925,-0.009450803764734853,-0.35112314386323773,-0.08055790871963439
B0055,24,0.5778413732922112,78,Degraded,-0.4411224533728537,1.353717216403443,-1.079512387192845,0.7808153097511862,0.799675346995975,0.31951352614971024,-0.2921062732101982,-0.6834379401219867,-0.007137610817697424,0.5522366118961388,0.2957066941490451,-0.5594598406150805,0.17879497502761188,-0.797436782727819,-0.4052908943044802,-0.13642378200002966
B0055,25,0.568722049211178,77,Degraded,-0.38041417450244064,1.4645554808148906,-1.0484312422159954,0.354791540300798,0.6681527426054781,0.711915214656611,-0.4268570240928809,-0.7898541475871612,0.05505083303897265,0.4804926684498582,0.13161161239908784,-0.3700642274608983,0.6666871454114068,-0.8827752452136349,0.2788927771614923,-0.07732896094040705
B0055,26,0.5563187676062746,76,Degraded,-0.35148139498076886,1.3927304137321226,-1.1264402075728068,0.2431745005612627,0.6064997152410507,0.4583366929290081,-0.33058040014095846,-0.6457282123550453,0.1763968529985434,0.5253182281226444,0.34833151074636487,-0.4135026278640587,0.3467595270363196,-0.9985838539885825,-0.19477319364659715,-0.11808089286331937
B0055,27,0.5493280339229905,75,Degraded,-0.49612698394501414,1.6914682126071439,-1.0465266637091957,0.4088244734432621,0.8856900505787394,0.8279506401458935,-0.4325578867607368,-0.7801437611737088,-0.2114606374068135,0.5597264454168798,0.2394183820532914,-0.2614084489458058,0.7265149523660529,-0.5433426057016314,-0.09860836420320304,-0.08939117121976049
B0055,28,0.549265137944232,74,Degraded,-0.6179197145459132,1.8159154534977806,-1.1194265208585499,0.5852708320072685,1.0681971915197548,1.423217354903823,-0.6867615637759844,-1.2500681910538145,-0.5263535016491577,0.5056213207523205,0.24270199806825443,-0.21597097464679335,1.0312407652462463,0.2719527129018009,-0.7779113550492676,-0.10548809232853168
B0055,29,0.5514685200484268,73,Degraded,-0.4752867953532956,1.5092876780508677,-1.0902440491221066,0.33404238327999625,0.8818441198543949,0.6453487253227906,-0.39233404711924297,-0.7485125791168423,-0.05158965931410938,0.574802310502914,0.28445472081231654,-0.38528129779053943,0.5203937138728164,-0.6544117409690816,-0.29839881470019936,-0.10904483138054873
B0055,30,0.5474822461367659,72,Degraded,-0.29580108235153935,1.3809312361285195,-1.1894342649007474,0.26160878963287676,0.663202197122758,0.5410005608736037,-0.38458510142074104,-0.7501303279535882,0.22469395929440306,0.5611692201090045,0.23187550105607915,-0.4380452425871475,0.48926768146931426,-0.8913445731134146,-0.07170210576219002,-0.10749670033949268
B0055,31,0.5445339857415499,71,Degraded,-0.4600081856433161,1.8571898424941318,-1.0176080438514654,0.5126440104830945,0.9346384335552611,1.1084326594237086,-0.5372176123628143,-0.9738617416419253,-0.31396300438834807,0.5851534615281128,0.1652587125333621,-0.05591048911674602,1.1072304213645299,-0.2438925252985906,0.2146754200221484,-0.0554583905237985
B0055,32,0.5366616958180265,70,Degraded,-0.2191477764690925,1.3949666076848686,-1.083333103276129,0.15742125676197183,0.6067003672468565,0.154692023114012,-0.20428503498436157,-0.389357292571686,0.38510296202104194,0.5093285608032807,0.275894975364876,-0.2958111827697662,0.30135608443878115,-1.3401484069174572,0.4181614270940912,-0.09259140790919515
B0055,33,0.5476869283726545,69,Degraded,-0.3718497222224111,1.0315188368963248,-1.1701225716716148,1.001648368683554,1.9030480557864418,7.445558866475487,14.228196280754423,-2.1902710153982192,3.7674582365437512,0.40389112360049934,0.09695330121683238,-0.7479008116367546,-0.17187378325463074,-1.5281336600593283,-0.536070270015131,16.40196046653039
B0055,34,0.5319758733121562,68,Degraded,-0.3141446729530994,1.657890001762321,-1.0496919188940292,0.3274671533230729,0.773723532021682,0.5728651608200368,-0.34429897766233075,-0.6490431153610999,0.07629624869084062,0.5463555226272326,0.23781306252034365,-0.0846668395826013,0.7122179444140581,-0.8359017502583509,0.47424764200722924,-0.06538341850032882
B0055,35,0.5428990362038515,67,Degraded,-0.3839495517864636,1.5125210244746963,-1.189692527343964,0.41233963966724274,0.864884227006441,0.9901521648786069,-0.5707538128001769,-1.0700918148257685,-0.027247053242609197,0.6605113742252544,0.1761681115285135,-0.3759376964332784,0.791830837071634,-0.22736526141249522,-0.3841476700612023,-0.1038063878437797
B0055,36,0.5294374482753778,66,Degraded,-0.27078675677911096,1.531680404563967,-1.1665940459555382,0.31427028297102777,0.7204956203157663,0.711847144017184,-0.44284577478947057,-0.8284667230568987,0.13656052488592296,0.6322571208140593,0.2660805182447212,-0.26245713939407955,0.6432789637995733,-0.551640605182779,-0.13342969855392373,-0.10195721716916382
B0055,37,0.5406630017595644,65,Degraded,-0.24305716012223386,1.2920167534672644,-1.2623149340283994,0.7784972897884821,0.8316689182778073,0.513007090718503,-0.4333669841922021,-0.9814848275335116,0.1702183956863229,0.6920648074324575,0.18759221215345462,-0.5652017845476552,0.3626400652164089,-0.35782268858292654,-0.44700863290691223,-0.1328430518255161
B0055,38,0.5308009312941615,64,Degraded,-0.39966912273656,1.7401802206111991,-1.1049474342705465,0.4176277810566434,0.9312833376763654,0.8310143164978425,-0.4549315687165997,-0.8806371540230082,-0.09100280623301653,0.43642203217845166,0.2309825293772078,-0.008229005913591438,0.8335158190006877,-0.3568805096699363,0.21641737369310365,-0.0643505315872999
B0055,39,0.5296960335290564,63,Degraded,-0.19322924070370004,1.3636590648085776,-1.1839126078160054,0.21190316485921393,0.6555376180598557,0.4252861298766003,-0.35232109524301813,-0.6849802617811538,0.368067497123889,0.6235279206659634,0.25903165537234496,-0.3486300165640224,0.43202324786592006,-0.8287433152676794,-0.039908437827166944,-0.10871149139031087
B0055,40,0.5371256570712362,62,Degraded,-0.3219663635151252,1.4785158943178238,-1.1160160983709877,0.2767259307845834,0.873043779365116,0.4255377203423644,-0.3258194781096164,-0.6463820796863956,0.21447846788854247,0.5724828101581994,0.1994596269198257,-0.2524456569558152,0.5545663783865832,-0.8097741116058258,0.20589292983250276,-0.08471548433763933
B0055,41,0.520280736706575,61,Degraded,-0.30903166541440935,1.6012180208617899,-1.2146946033276733,0.38134191548174073,0.8686124541381962,0.9096324961060124,-0.5293391623595739,-0.9800261959127576,0.030037371914824886,0.6919600977828091,0.20833004228079052,-0.25750516215907565,0.7972908632921977,-0.18443407846433654,-0.33962055931846996,-0.10320489128973881
B0055,42,0.5287828267662448,60,Degraded,-0.15130240059167632,1.3195513330556836,-1.2620393269484593,0.1938173968916815,0.6184511118832268,0.3493246763706399,-0.3404135263591408,-0.6859643279280958,0.500101045722922,0.548627214610316,0.22212187330571778,-0.329513706964253,0.4081085351769854,-0.913686193039834,0.12848903736109665,-0.10160890520895369
B0055,43,0.5491764485457311,59,Degraded,-0.32557047824914376,1.452123761296744,-1.1561061437778906,0.26529116197112856,0.6942760628652783,0.30633782640394647,-0.2886102615832106,-0.7034787353248091,0.3380991725705774,0.1588529879993938,0.3919993028399184,0.0682417200215026,0.34166031935487695,-0.8497321799781994,0.34728245687296017,-0.07658533983297854
B0055,44,0.5548794968698685,58,Degraded,-0.21966827223882604,1.171310167125488,-1.3006761109006946,0.2454658501492083,0.5974751536440898,0.5220513782513706,-0.4527065104104165,-0.9513661666526297,0.4976032360627404,0.46094639882957006,0.1999616592232223,-0.4363139935628189,0.3791802488035139,-0.6020144239950068,-0.28683902187243576,-0.118783077173895
B0055,45,0.5396657889603436,57,Degraded,-0.45421500118804464,1.7956020593581488,-1.1010905706921457,0.5015280239405009,1.0489560591033857,0.9917054064383002,-0.5280253830120359,-0.946760799094429,-0.14278200133273128,0.6342337456960255,0.13064757540839736,-0.061897975831334266,1.0394919184517781,-0.05372852805660048,-0.07743029042484803,-0.07349843430227537
B0055,46,0.5358079547378074,56,Degraded,-0.22028616405207943,1.4119392084170077,-1.2221415001140945,0.31099686839640533,0.7228344353236846,0.6819168598769867,-0.47640913032696464,-0.8841592482596582,0.3222353904300057,0.6807890663992077,0.1651719546466839,-0.3318478103855278,0.6404469950646801,-0.4192526821101592,-0.23587708499978408,-0.1078959459274742
B0055,47,0.5373232105509897,55,Degraded,-0.1658008579629515,1.2929679278823292,-1.2692691777589262,0.2144888782447915,0.6519397024372033,0.362134486873012,-0.3599431899324659,-0.7185435548755967,0.5335454462146539,0.6276817872869672,0.16901073063835204,-0.3764238200801349,0.4440303968587003,-0.7971045374832804,0.027266785786142344,-0.10422891080669158
B0055,48,0.543218415325895,54,Degraded,-0.27726124343893793,0.8491019904924914,-1.4085439179070296,0.24977063641243027,0.8019857454460799,0.5793891262545945,-0.5846099783199216,-1.361108150854928,0.6839181348191806,-1.0849016705777574,0.045348731413035935,-0.11813326734032879,0.06445644788485179,-0.2880527478331314,0.12106662191132916,-0.08603902177325656
B0055,49,0.5670069173693979,53,Degraded,-0.2353239199720554,1.2313856678822712,-1.177621667143598,0.2770129662771448,0.40702644788338,0.3655786410650935,-0.36937635186341344,-1.0346357686506882,0.5483132793411676,0.4662227500377844,0.5031785442102075,0.025063893673407563,0.40485466428257677,-0.7067983663003168,0.14197720737345107,-0.0855429931313794
B0055,50,0.5588482358975794,52,Degraded,-0.1864949739487851,1.2887317633986073,-1.1131928134092217,0.23077470289504037,0.5879869836920911,0.1506770447896905,-0.25920802190149844,-0.5537609173986968,0.6226313995033913,0.5141855479675175,0.0660223878172945,-0.2383430992378277,0.4670064662347182,-1.1165531364178851,0.70303522834836,-0.06439158693283834
B0055,51,0.5523234264822144,51,Degraded,-0.16582945693639073,1.0077956402942925,-1.2027460677932136,0.07305756707532197,0.5625467997470708,-0.21957771900689643,-0.1526638663289409,-0.4072942769604568,0.8682401813226647,0.5584780122740379,0.22091915993529257,-0.4645978973216512,-0.006898824849315168,-1.360921892997639,0.19134083374372604,-0.11351132472576136
B0055,52,0.544850074203713,50,Degraded,-0.23518455585130996,1.385389975064343,-1.1996521010192536,0.3403312529315184,0.7124697617212682,0.5882217371488362,-0.44826068893018417,-0.9022521601536387,0.4098506685787585,0.6436521456876949,0.1097189515147415,-0.24402463860686516,0.6961286346236872,-0.4760538600576429,0.07265467675277656,-0.08538649514163965
B0055,53,0.537766773769086,49,Degraded,-0.23299569373149195,1.2732419311308336,-1.270001744541095,0.22343709294717126,0.6889804020756755,0.2465119854876432,-0.31883739675024625,-0.6809106630352616,0.5697672295353545,0.6548980784166543,0.23619134348658283,-0.3406185026819531,0.34354394231653446,-0.7456366007610162,-0.17271079931654185,-0.11445703461784827
B0055,54,0.5304933388072184,48,Degraded,-0.28750181843344297,1.4456567453644016,-1.3214551518397004,0.3706111651639703,0.7847502988149587,0.8013164943039048,-0.5419037453564088,-1.0658488325474866,0.27225681027660953,0.576048447703058,0.24782295662154089,-0.23861782673147952,0.6096158905889992,0.008070349376029804,-0.7250695013539568,-0.1266329993809144
B0055,55,0.5259109020807784,47,Degraded,-0.2635729198872517,1.5108689751717301,-1.2444450832792566,0.343621825843392,0.8242369090965994,0.6414415204630243,-0.45350667143373996,-0.8234378713313109,0.3092732564600981,0.717783597810021,0.16762536196807423,-0.25201600946985453,0.65716533258934,-0.23398937543324794,-0.40936140001606297,-0.11322157752975795
B0055,56,0.5276928949066378,46,Degraded,-0.3959216037690002,1.6383655590473611,-1.1758913528348982,0.41048426495907836,1.020602939891041,0.6681389847918359,-0.4360623632672266,-0.7925214504803942,0.1408525689046323,0.7120446522693276,0.14945167646994595,-0.1525362371515126,0.7659284138778563,-0.16028416390977834,-0.242640008268507,-0.09284006846367872
B0055,57,0.5266551166845894,45,Degraded,-0.17029155474994376,1.1728299195386944,-1.348122333302239,0.13827998737401295,0.6737455864209457,0.03709841073610741,-0.25807191203463886,-0.5544541553002883,0.7558318432889886,0.5964908281278426,0.24677892699615106,-0.3971689015586253,0.11837911284726306,-0.8791670335267718,-0.25073035879165784,-0.12993538908184363
B0055,58,0.5157682630042174,44,Degraded,-0.29765499794303296,1.5239096391334392,-1.2772153933775106,0.3546589776000473,0.9061924389981278,0.6657440682602102,-0.47029659488525916,-0.8665319302824951,0.2881226850628816,0.7720287133608674,0.23508663927834236,-0.23224871267560285,0.6435610485544392,-0.08096139228626302,-0.6697499866206129,-0.12623749331815337
B0055,59,0.5266700526629708,43,Degraded,-0.09633125162751056,1.1898690541994301,-1.3027901356853104,0.17505038503237272,0.6270285173921518,0.09434911644801289,-0.28682119382132965,-0.6283286288193592,0.8176502052244945,0.46075519089978473,0.08831502710941212,-0.26306727145210407,0.31974790921249785,-0.9465877620253623,0.42562322037376327,-0.08530121113289109
B0055,60,0.5158938399405394,42,Degraded,-0.13000220958664543,1.3847310528341576,-1.3005523253456646,0.7339401243144149,0.8209002114766878,0.1523608907941633,-0.296895238143576,-0.7379185491487851,0.4788592856012374,0.7771222066732012,0.2565981979019579,-0.26630926030329005,0.30191960031468873,-0.3368556014698783,-0.36896924587990754,-0.13268444477786012
B0055,61,0.5177103956078648,41,Degraded,-0.21998139790285753,1.490919958842811,-1.150795733852469,0.2215876593911855,0.8625258002632383,0.028724930981072993,-0.18509887280418155,-0.3589195160522345,0.5656456519106888,0.625833535327535,0.12952540617778605,-0.09662450755668203,0.4581630786239522,-0.9173023978495742,0.5458918135993481,-0.06975074366036871
B0055,62,0.5161125895655304,40,Degraded,-0.15877092903952683,1.4212344643817931,-1.371702952282294,0.3376773653895624,0.7488480785826099,0.6674310877648317,-0.5078270170772902,-0.9780635042013626,0.4969768835419127,0.690023597217364,0.11211477000672553,-0.2279305418373139,0.6931143347157915,-0.14820166085596484,-0.27815858925806836,-0.10489219370434007
B0055,63,0.505771698651736,39,Degraded,-0.24982934362054787,1.5490311456078432,-1.2669360166225432,0.3138002000749607,0.92418900037561,0.4771829489917416,-0.38870752630910904,-0.7235676207226526,0.3892875708628006,0.7425347765302235,0.2033465549237657,-0.15031269851121032,0.6165478298895172,-0.22495249233453396,-0.33489302384595415,-0.10881508698869623
B0055,64,0.5206880284075114,38,Degraded,-0.01342867655537239,1.2368938143226131,-1.318107442894482,0.16753596044131336,0.5810733624502897,0.06333295838920774,-0.275848609433809,-0.6080452731054699,0.9048416965347209,0.47254826556137175,0.07160097603999532,-0.1613122871402663,0.4041934932349095,-0.9391484212943316,0.5963337549956832,-0.07525714388634946
B0055,65,0.510870966934405,37,Degraded,-0.21673374230975415,1.512219906702034,-1.29739567622604,0.3575414761162097,0.8802025907529721,0.6502162709831727,-0.4816088521362069,-0.9105608784877648,0.4057932075461845,0.7769327791465341,0.17197706553111974,-0.1475649705391715,0.7264679462062017,-0.03782320429773295,-0.4198459763293676,-0.1094730746595846
B0055,66,0.5066567773984642,36,Degraded,-0.21294911736536892,1.6028917429313598,-1.1444442073661163,0.2747557948531194,0.9524181134262076,0.15582684481013184,-0.23444682616906964,-0.4159825230145913,0.5232563495388715,0.6498507260865091,0.11786509814950698,0.023731630227036792,0.6427481774498137,-0.6854259216054995,0.4501770981626432,-0.06960051310305564
B0055,67,0.5149971279813454,35,Degraded,-0.18487812932063255,1.3248316511252913,-1.4264594364770207,0.3648587664635121,0.8581094163629712,0.7627781806476844,-0.5847065577704653,-1.1513598458685013,0.523493337019391,0.6891737939627786,0.0555610215164432,-0.30940099325588155,0.7209662443913034,0.10552099640364161,-0.5271060077016616,-0.11393406334300801
B0055,68,0.5094674903907164,34,Degraded,-0.03323406645253744,1.1770075651669845,-1.3199431912736717,0.10787603885670216,0.6119405790762301,-0.08879439722495205,-0.21953895078280924,-0.515631938339178,0.9416785240510616,0.7216362861170729,0.2611887375165299,-0.22284432878065047,0.1787213342679273,-0.8863884513078467,0.043119036108686906,-0.11394290910983203
B0055,69,0.5145439760427007,33,Degraded,-0.12093991814163067,1.3332627974588358,-1.4202056094400264,0.7491919959505153,0.8371730284868413,0.18523386784689327,-0.3524272214627814,-0.8900350890531795,0.5994948579914022,0.39025754233819654,0.2698676734775053,-0.11042818892633259,0.2118917236374659,-0.04991007800330474,-0.5269813452375927,-0.13721084692094568
B0055,70,0.5283814620950023,32,Degraded,-0.05655251815032454,1.235781330146306,-1.38101898025309,0.27239787768989476,0.5900288212401317,0.4178760664623528,-0.4499563518308871,-0.9431261826738496,0.817152354292253,0.5761320415554284,0.08766017820841135,-0.18531046360857711,0.5574233429664256,-0.34559956929014185,-0.015261391211867599,-0.09730996521924566
B0055,71,0.5145834268158324,31,Degraded,-0.23622778663299704,1.4935932923172937,-1.251987609533144,0.2916983176524262,0.9944607826269244,0.3077012150206084,-0.3388149123649811,-0.6112101946441888,0.5396821425886353,0.7008194330521049,0.12065076291827,-0.13441293972004403,0.5836804299396171,-0.2841922931189099,-0.17083915394264854,-0.10091047140664625
B0055,72,0.516064922245051,30,Degraded,-0.12346884584877897,1.318404370807852,-1.3875624748830249,0.32145510802025185,0.7834434142738863,0.6176009224841092,-0.5256328465436471,-1.0256532668951406,0.6340297593592668,0.7255965411765569,0.11263160821156107,-0.23968280054340954,0.6257480674083461,0.05010848638548793,-0.5450017615548575,-0.12022823090127156
B0055,73,0.5204615141975638,29,Degraded,-0.1995837696016723,1.3873210516084367,-1.2714888500488513,0.3154176273666108,0.9546163376279425,0.36091462404952923,-0.39034649507477576,-0.7672091789465423,0.6251598034511225,0.7234019819208181,0.047185760848020224,-0.15757148433060475,0.6650302465094826,-0.285212575440052,-0.01276310981406251,-0.08946199190989718
B0055,74,0.5055805493834935,28,Degraded,-0.16244992350026233,1.3994592514347128,-1.4385763945847703,0.3443608356040241,0.8292534079888906,0.6756629951877375,-0.5406943776997,-1.061218813615334,0.5602488564725652,0.8079644258776811,0.19985489722052682,-0.19388653561071806,0.6235906673112406,0.21989789142738886,-0.7897387163491195,-0.13080934445362669
B0055,75,0.5168938056455892,27,Degraded,-0.06695319833262584,1.3548467715908836,-1.3983740234895838,0.3443974915783628,0.7495393229517451,0.6100648009798137,-0.5264209972171744,-1.057324282757527,0.7170526465313944,0.5865374272723632,0.009786837827105327,-0.10397694207770013,0.7870844616366992,-0.029573738602221893,-0.03850794673692666,-0.08753730082518371
B0055,76,0.5019971120101915,26,Degraded,-0.05789445142504122,1.4235168937633558,-1.2600613977078123,0.19986140802960137,0.7768290107953211,-0.013145220848085634,-0.21978095270420825,-0.42902127342613644,0.8587036264666299,0.6958194627425963,0.11076280774882827,-0.006439896129025927,0.48506118030700235,-0.7384203297194907,0.4430742617879848,-0.07939835087599142
B0055,77,0.5167097739977502,25,Degraded,-0.19955267909487584,1.4715050857692697,-1.2715033353183653,0.3413551984606603,1.0103796970000936,0.37213061085379745,-0.3886296236234009,-0.7484272625883793,0.6198049657493433,0.6663552843104259,0.01536357115851052,-0.042694510312243306,0.743831959543737,-0.21734030051178624,0.13496965092528945,-0.07697809254186426
B0055,78,0.504946828205823,24,Degraded,0.08128538676660745,1.1379787974258444,-1.4076504016685372,0.6342682468546545,0.6999015978718184,-0.14974955928894,-0.25497567023597406,-0.7011994990486613,0.9856225249614122,0.7416350223534598,0.15219321472393832,-0.2540081351674356,0.14761122505512392,-0.43039676528141474,-0.0922273858575643,-0.12637000787309977
B0055,79,0.5063131223970314,23,Degraded,-0.06985184553712484,1.4039501200684106,-1.2355634789597563,0.6979758574001388,1.0027885988383245,-0.2690276008539323,-0.13958046715028946,-0.42267967735138484,0.7804257120137377,0.7245411452843357,0.08547648997457388,-0.056542639157221554,0.3543159174278291,-0.5730959759216382,0.366989383523904,-0.09148131904294107
B0055,80,0.4974371027863847,22,Degraded,0.08586027066797662,1.4476819185802807,-1.3273349471177294,0.7104942609607733,0.7887112220138536,-0.0886434721559802,-0.22321467461847264,-0.5888960659075454,0.8457419252837011,0.6061611459938299,0.039450427843616555,0.05217038634404613,0.45528093559514016,-0.4510035509003374,0.5746488098503768,-0.07822891033122652
B0055,81,0.5120399778089666,21,Degraded,-0.0994903912296617,1.2971204912766983,-1.3247043582991678,0.2765436103220476,0.9019411917405706,0.24306158113527093,-0.3762392670832525,-0.7767429301469037,0.8411303829254442,0.6671874427288997,-0.003352941235575644,-0.11421108671067173,0.6326035762755893,-0.3132425464598317,0.1600831734043332,-0.08272410381008581
B0055,82,0.5104444755021514,20,Degraded,0.03729256288023322,1.0525378617094499,-1.4094752663527055,0.15950643452959337,0.6250472781193286,0.016724662814671623,-0.3297028032996589,-0.7833019714288827,1.1514141892513379,0.6824239708515921,0.09497653671742336,-0.19809252221357257,0.3587896091479847,-0.5742527192912439,0.17260295807101067,-0.09667487811783915
B0055,83,0.508050407972057,19,Degraded,0.023298616669280542,1.2087517241590906,-1.4777057088577863,0.7711240266487384,0.8153756060002403,0.25817745434129985,-0.4396066995055714,-1.067981382415681,0.830760751096775,0.8840224432730606,0.0798569714598304,-0.276836653132637,0.4979669697849688,0.15368871270578371,-0.47272578414518696,-0.12917363674824256
B0055,84,0.4993937672553138,18,Degraded,-0.02957075962275883,1.2809050499010932,-1.3501401211202373,0.19858084796753708,0.8017898506671368,0.05186410977055062,-0.2982445831177099,-0.6196365987083104,0.9680355911352365,0.7815915208172576,0.11949809620326898,-0.10674614775525947,0.4439758625596939,-0.43124755100198797,-0.006976880042611989,-0.1026447151494704
B0055,85,0.5079434147461892,17,Degraded,0.05312285516892759,1.2744110685774601,-1.3924107592081558,0.26222762620463397,0.6748933081502537,0.24401130354547743,-0.3972473393270736,-0.8692829810415804,1.0309417340172202,0.5627920248302485,-0.03300201643436077,0.011767753709036708,0.7036770063501644,-0.3611619049677797,0.5150690536246721,-0.06373679503441011
B0055,86,0.4981718758881297,16,Degraded,-0.015745812494789478,1.4019361247719186,-1.3184505303572354,0.23945023270865362,0.821063178092557,0.10925755519231331,-0.30245252541867534,-0.6022500738422512,0.9205957431040889,0.7583667382994462,0.050733958055248905,0.012242122542330813,0.604065779706271,-0.39553009884726487,0.2905252388754071,-0.07987292250974741
B0055,87,0.5026888690709764,15,Degraded,-0.17485605555438455,1.4754541020625211,-1.2851663698629838,0.29878999053718314,1.0501487640762097,0.1729948774961885,-0.3132882130150999,-0.619331362892084,0.7346789413578352,0.7914763731184943,0.062285068194542145,-0.004587137830981603,0.6499393202029137,-0.1837808192241824,0.04954160211702083,-0.08344225557758446
B0055,88,0.5045661455013954,14,Degraded,-0.016179065920086638,0.938802940184205,-1.5444535290162535,0.15766962402086412,0.7360507327980638,0.06818867766293149,-0.3936426458008138,-0.9091489166889258,1.1865550491399857,0.7459609471497927,0.12963166801511783,-0.37832655122458536,0.23007117150699932,-0.23775713957281347,-0.5929718550782997,-0.1403866521564898
B0055,89,0.4992290620392102,13,Degraded,-0.007988021654026102,1.351209935953221,-1.3924029145151575,0.29065452487503296,0.810165746094354,0.3604895546142044,-0.4383009470481121,-0.8854182979518204,0.9043948315654949,0.8464957973630786,0.08305091071381965,-0.021343281692583257,0.6953255937347028,-0.01536821840387981,-0.10351887290809647,-0.09525190684983662
B0055,90,0.5446194662057069,12,Degraded,0.015908554608612353,0.7850890104836212,-1.4135712813368906,0.20501268055692595,0.3393566006770124,0.09430731657237028,-0.4362283147985386,-1.264592278664749,1.3594834509821467,0.26017589795800533,0.26686180613686694,0.059056792139878043,0.28584135335521366,-0.26286108954585513,0.07338017317855325,-0.09206932801876858
B0055,91,0.5396968015851762,11,Degraded,-0.09413658016964321,1.1075937279505321,-1.5110685932970214,0.29864732507085356,0.6776323204634592,0.30029405365103595,-0.4682555445292284,-1.0492396552195677,1.064030786284186,0.5509822915354912,0.031607439205010676,-0.1734467984860066,0.48813687018503155,-0.0035704847672620144,-0.3624323486876297,-0.11164564144410472
B0055,92,0.516307147657112,10,Degraded,-0.14971799963128876,1.5191187718001589,-1.3202514042607314,0.30344439561116154,0.9234078402544014,0.13781982037790316,-0.2993136267634897,-0.5514551674635972,0.8210216254181205,0.7568727863089314,0.06480754766334275,0.03834057120383591,0.6184500275273835,-0.13741922874101756,-0.13420666305758105,-0.09753026122333357
B0055,93,0.5249286324513319,9,Degraded,0.08569845419794424,1.0792945767277338,-1.3968654702458536,0.11539497004171155,0.5877689512791839,-0.37059655662295016,-0.16733446919518355,-0.4264276468395346,1.4072862671106947,0.5954048554103317,-0.07903522132151503,-0.12716260136313992,0.29548182593698336,-0.9416320221420269,0.7271316814692953,-0.072691676847518
B0055,94,0.5226951348624282,8,Degraded,-0.21022614350929902,1.3779733888485277,-1.343394813155881,0.31335650014318595,1.0254807044546226,0.15126748736830592,-0.33978199852655033,-0.6844416890457825,0.851665490788032,0.809695795956864,0.1083226201371236,-0.046294312868813824,0.5731685217268842,-0.02507986362140124,-0.43007376428744104,-0.11233559474683083
B0055,95,0.5000803868356757,7,Degraded,-0.07069162542131353,1.4340497857215924,-1.3199968022556545,0.20528087130773043,0.898527591010094,-0.1706567209609245,-0.1825224779596717,-0.34637761813700646,1.0191587119412313,0.7834700390760968,0.07741183597308934,0.03491824833746301,0.45223686541166763,-0.46294417063048704,0.1389644815283227,-0.09321373133440498
B0055,96,0.5042047393439077,6,Degraded,-0.15342015383294924,1.5939469159959918,-1.2590381005942133,0.31154578323208404,1.085943305159733,0.03047963467638938,-0.2474897301014321,-0.4457695500014217,0.8478219516024496,0.5422558679822423,0.012005830761156593,0.24308310133465338,0.7030421478315857,-0.227607646342711,0.3012608940120757,-0.07010269811446274
B0055,97,0.5018275790410195,5,Degraded,0.0980882050302582,1.6252192479692722,-1.353691893896322,0.45913419811208633,0.6864293647232416,0.7144219067070566,-0.5598968466933409,-1.0656451466662384,0.851859021332418,0.7356578465782082,-0.20964631201260375,0.29028129113794043,1.2769129432275819,0.23909331334730097,0.7369794381068282,-0.02701530277836431
B0055,98,0.514263483829766,4,Degraded,-0.18744755985049755,1.40652276785245,-1.4171539818364858,0.3739848741521571,1.0776557461955383,0.39100770990087463,-0.45493415934637543,-0.8791091980238368,0.8043156698844832,0.8666370012091422,-0.00010551926262770464,-0.08848122936074357,0.7458042197238806,0.3070814669811728,-0.5495295201626892,-0.11034742762096174
B0055,99,0.4908422179493511,3,Degraded,0.05918250037741142,1.2865898470987935,-1.4436189194458902,0.14666362537212685,0.729725638235006,-0.23636855341396223,-0.19763856774759941,-0.4429064383519018,1.2369825041825762,0.7414500046590026,0.0898478441901326,0.009265769950536065,0.3157080936322068,-0.5005477890521968,0.151867594642901,-0.09902970811788979
B0055,100,0.5063560717085566,2,Degraded,-0.038382626761238596,1.3023537893604742,-1.4945282673732454,0.33467160197658075,0.8969648878563161,0.36154226241715637,-0.47271679049675847,-0.9731294158428909,0.9967380422451305,0.7734089808851521,-0.08141306341023197,-0.08409581564980387,0.7562226572471585,0.19849835021197806,-0.1989724822559108,-0.09410854586547354
B0055,101,0.5100689998074628,1,Degraded,-0.07374022150025125,1.4358311432008357,-1.436035249635544,0.38467527065164525,0.9519493227158179,0.4150578810302809,-0.47103674460421546,-0.9914086430909923,0.9016857590570333,0.6553386788911846,-0.031907072185677794,0.14926201323235608,0.8685658324654625,0.2713276537372182,0.016749990928765352,-0.07397913797207514
B0055,102,0.4953795831686582,0,Degraded,0.017076971288119153,1.302797055538605,-1.5069786828586589,0.2643880802063514,0.7767557042726213,0.19418952465395947,-0.40039890442989545,-0.8288953414304664,1.0988335678427756,0.8271341479085448,0.09475943525925799,-0.010408493037499503,0.531550239852495,0.1033280762342027,-0.38772193764973606,-0.11479036047422549
B0056,1,0.3926390604392596,101,Degraded,-0.7169519500499504,2.3602656252103875,-2.9170207804904575,0.20702997556778527,0.9549595639981108,1.0458740881591955,-0.5453346706705994,-1.5273740387456944,-0.4472615043545712,-8.266280777433394,0.654640046353966,2.625425981244679,-1.6980756362477774,0.302886074285002,0.4863445503861095,-0.07312192385372973
B0056,2,0.6721777776508684,100,Degraded,-0.977686384622719,1.7629152758973943,-0.7789387620333715,0.8436667371615081,0.867948328330981,1.3216971253778853,-0.6188157815239053,-1.4074170161783979,-0.5241393298958034,-1.0863899335986584,0.4104556587436196,0.7995736022655615,1.2504449587966602,-1.0773818771213124,1.0268366012251873,-0.0034899377355487706
B0056,3,0.658751355367376,99,Degraded,-0.9919461198668945,1.4044215662940873,-0.9407558858343679,0.6463128710827731,0.9827773010297122,0.9933862209009304,-0.5385590421731977,-1.0652889232005456,-0.32839073735717134,-0.4071952379756777,0.3819853760576182,-0.0559863157146844,0.6588840007623241,-1.175806011195416,-0.43227085601616627,-0.11966659025890598
B0056,4,0.6486827339738456,98,Degraded,-0.8265196295933586,1.2976551655160722,-0.7642898149643665,0.4717370063524102,0.9649916523652229,0.27850045406467594,-0.23590108131191964,-0.48231705899012556,0.07088135130820737,-0.5938904706638267,0.1422240933431433,0.020872663777057272,0.5432687978353808,-2.2463072106554898,1.1410794693171085,-0.050024051727579
B0056,5,0.631980207427449,97,Degraded,-0.8679547177838471,1.438344884597337,-0.9007113109727982,0.4767545146059879,0.8701066373827339,0.3991541352253705,-0.25998935661369293,-0.6063294030811135,-0.09551510869631952,-0.38085437721382687,0.5054346575876512,0.14522265179212504,0.37093430128920774,-1.8650008512413954,0.3340772907914061,-0.09410156939298332
B0056,6,0.6294748093516068,96,Degraded,-0.9018993932262321,1.3385327115527328,-0.8880321375137563,0.5253243257929253,1.1505061954105673,0.5676314893555794,-0.368261725382182,-0.69218932478184,-0.1051170212628543,-0.45626458505177425,0.18614998472954664,-0.10181571279578326,0.559161923487924,-1.6975439734489488,0.3404829277403748,-0.08861605099656102
B0056,7,0.64030988451013,95,Degraded,-0.9397063114559672,1.0768466749401797,-0.9187902650762647,0.5710177198888098,1.3004776788521126,0.8612057048758701,-0.5658005750992857,-1.2501921407198497,-0.11559423655517843,-0.6216988864024027,0.15904727758087023,-0.20112965816640188,0.7145637461237784,-1.193002535367567,0.03177101481549996,-0.09169121489100844
B0056,8,0.6286393434303548,94,Degraded,-0.8759646451568657,1.1807106557993585,-0.7241159674695661,0.6045578656879934,1.2962439427992152,0.8161386188105072,-0.5160042406787265,-1.23255197686199,-0.12080595958802183,-0.4527277615312352,0.08153641693066632,0.05716726211287444,1.0645846337513496,-1.4406507254660492,1.0806597715413435,-0.02332606241406649
B0056,9,0.6113130020524449,93,Degraded,-0.9172935432917524,1.3248737271303248,-0.9525666810593119,0.3992929304242759,0.9033692799477075,0.20373338587139983,-0.1991628165841953,-0.718589889520418,-0.05497561559933161,-0.16144261327133685,0.9361496498413935,0.24498130505727345,0.07491494739441695,-1.7353334127632707,-0.21933145091050096,-0.12669348822583748
B0056,10,0.6146386124628748,92,Degraded,-0.8027915444714818,1.4375850839779625,-1.0332708598739346,0.47674263763537494,1.0470897566728965,0.5289934141011493,-0.3448712287738162,-0.678759273501403,-0.04558532776061579,-0.35127325428711165,0.3345333973089777,-0.013824562588773754,0.5257209618538439,-1.5885742526502205,0.07890703040216672,-0.10745949774022452
B0056,11,0.6137890067844728,91,Degraded,-0.9026025905735654,1.0037710233353947,-0.8669930533256087,0.5336443389609973,1.524398181816464,0.7449482654982734,-0.5344155802331045,-1.0946710395313202,-0.02808226365778541,-0.4602737063639778,-0.11187861438774421,-0.3848616521761248,0.7869838419384839,-1.3261472600420057,0.3841871021118186,-0.07563656114816902
B0056,12,0.6066936444148384,90,Degraded,-0.8333455815835122,1.4859119410831114,-0.9391289663975301,0.4563673532819403,0.9062168802438256,0.3528367958557497,-0.2454071924736687,-0.8200638283889716,-0.09173784957705053,-0.37188048636821963,0.8256321982994135,0.5196430403199953,0.3396223544003301,-1.6244873761848158,0.4119892869968012,-0.07998055877999301
B0056,13,0.6151118072465405,89,Degraded,-0.7155665312805372,1.3211530752137102,-0.9105261040125343,0.39444459143445076,1.0264285576727155,0.19304393074400655,-0.21767341942814122,-0.4685263772826539,0.17893392742976916,-0.41368645325809006,0.2507203126928387,0.05798479098634856,0.43112231410349705,-2.0379457276155564,0.8513521059612537,-0.07108743828716743
B0056,14,0.5963765054231339,88,Degraded,-0.7970060042003884,1.385092121340642,-0.9785977716842735,0.38736725168656755,1.0778410511182983,0.20304749534671876,-0.20606693249574734,-0.47941440154170323,0.04987116770336529,-0.2854028071893701,0.44974554950012274,0.07305925369403725,0.2484629182812104,-1.8192748850592324,0.3251831583486921,-0.10005295331865874
B0056,15,0.59335533179939,87,Degraded,-1.0352363115530365,1.3496559931582097,-1.0809333263185523,1.4097901199161609,2.553283817371669,8.128638813358574,14.005497457581228,-2.555598734838191,2.9974396780172015,-0.09397968693755046,0.27300995437859965,-0.37197665839558,0.22198960420268782,-1.1848073941849573,-1.4407608672706333,16.368129957856375
B0056,16,0.5957437570121084,86,Degraded,-0.7702893427992447,1.4975217974931576,-1.0220598110680175,0.5027294843043055,1.1295428432489985,0.6681504554273308,-0.4052128609994019,-0.788019864518243,-0.10552020745864772,-0.2271863173003422,0.34466837087216207,0.07271214445514683,0.5995733718084969,-1.2643299743147953,0.03766603234668538,-0.10182580273177207
B0056,17,0.607089303008908,85,Degraded,-0.7250984864285444,1.3741466145341321,-1.0030332981738306,0.46370648220806115,1.1491992342338797,0.47493093604055425,-0.35240830103615745,-0.7476442197994349,0.08459801146776354,-0.5188464969702845,0.2412991344731955,0.12546964521592627,0.6003008985834982,-1.5564363590232932,0.5399764515965647,-0.07720438676660941
B0056,18,0.6047193779360701,84,Degraded,-0.7945006504072928,1.3452753539494928,-1.0357925555392204,0.5219727286851178,1.2617080116793165,0.7340113626288912,-0.4771993744277349,-0.9984547911509212,-0.04761939417556975,-0.23346769333528114,0.30120710223909336,-0.00021577801575670531,0.6979465204171915,-1.1384159248908634,-0.020898619024822648,-0.10009218772918754
B0056,19,0.6035361499701605,83,Degraded,-0.9086745557843078,1.5907088119764796,-1.052193003880346,0.7227233246724117,1.3382983702239197,1.3335827628405514,-0.6972146860276924,-1.4101670275820104,-0.4359628686728929,-0.09558758302535542,0.32924046703874155,0.12336636829706638,1.079561987009295,-0.3735053266857492,-0.44484582190978716,-0.09718311481690152
B0056,20,0.5814806246959565,82,Degraded,-0.8487453433090953,1.3903030228077835,-1.1158945561487537,0.4447535093628524,1.2568034408096906,0.49435499900630375,-0.3574505527581037,-0.774755992570006,-0.06127552506426633,-0.2844638524319029,0.4953508440714155,0.03455200630409064,0.28744293253540953,-1.179651297718963,-0.3958443612848174,-0.13012078694776064
B0056,21,0.58943984352952,81,Degraded,-0.7229698115727163,1.4869497831045702,-1.072188531809438,0.48545944123537427,1.1655354352491563,0.5997805465359798,-0.3921103875363946,-0.7788625138072295,0.0011572899138601442,-0.21024859257917639,0.3290688367750928,0.10842441888430786,0.6456383596489002,-1.2665034036811786,0.08453517834745435,-0.1006323448432845
B0056,22,0.6472552073022216,80,Degraded,-0.9955538006034776,1.299088189952252,-1.0314769304042153,0.5960097326703847,1.199825106960995,0.791434876941188,-0.5109121917399293,-1.2698728592969817,-0.1583762247306774,-0.5371516033140995,0.6071720343725889,0.25111462271237567,0.4687833259494881,-0.7453767009189284,-0.547649994352772,-0.11558900527899568
B0056,23,0.6301283781501736,79,Degraded,-0.8937400436408371,1.4831381534252999,-0.9730185959726929,0.5969824390782122,1.2565671432851244,0.7407174305991788,-0.4513156618219482,-0.9480617991112761,-0.1440692240326171,-0.4360566426255193,0.2788229033538141,0.20834828519215973,0.7019133972971434,-1.0134515777220636,0.13309415595072116,-0.08131516755218614
B0056,24,0.6204360645782554,78,Degraded,-0.9650425415965204,1.5176009475249506,-1.0190755749403375,0.68153479276262,1.3944505761537807,1.0661110105890508,-0.5950148006298438,-1.1584737987772016,-0.3130835894571601,-0.14098197069439192,0.26631876367459967,0.04511113519215952,0.8776688359286644,-0.5545522720874289,-0.5043182353879917,-0.10854088096123153
B0056,25,0.6260986701365565,77,Degraded,-0.6675312478707217,1.5602871990178386,-0.8976900130999483,1.1229312720035238,1.244777928768519,0.6492009576259908,-0.4277142206704132,-1.0039287696885824,-0.12061042569292721,-0.257563524043097,0.018934679696645352,0.252395256607383,1.0086048490443837,-1.0281103903644455,1.0476387903457025,-0.03404127575835365
B0056,26,0.6139512850238692,76,Degraded,-0.6438099304744778,1.3196542664901338,-1.0771564365137662,0.9417856958751563,1.1587443286366368,0.2674772630187714,-0.31220597422339136,-0.8372075064256526,0.12527252933927885,-0.1790104155804313,0.33615843699311454,0.039934341201756915,0.42354153832337693,-1.1934066098394893,0.04967914467322776,-0.11580627705897426
B0056,27,0.5958585154473497,75,Degraded,-0.7879061932357962,1.4953168122557083,-1.0392058776577895,0.526370756490782,1.2690830830434083,0.6268615867654583,-0.4080140422195088,-0.8184112437562333,-0.04058185525569408,-0.17541842383128708,0.2852661622070485,0.13735221644447687,0.6514421040391798,-1.0742949376377904,0.10581258242893245,-0.09090905795174646
B0056,28,0.5929285120005503,74,Degraded,-0.8043802366425258,1.3445050342188278,-1.0864011904330024,0.43599155552336233,1.2934464813483417,0.3587500027286705,-0.3226040796837016,-0.7119589126348158,0.10350489501995151,-0.35269167291424647,0.3874278827612898,0.10374937710822506,0.32628417488363404,-1.2516538820455914,-0.09307015458217358,-0.11334841140314426
B0056,29,0.5920469143305714,73,Degraded,-0.7916060218525045,1.3508474967524475,-1.0551196827498333,0.4517016373948024,1.2996420516019969,0.4023498244936454,-0.3393666335591333,-0.7237897220448151,0.09368680548999837,-0.15850804879754096,0.3353129262732911,0.038017447891750294,0.44161946716565115,-1.22121472974242,-0.02783433668624211,-0.10623953085317266
B0056,30,0.6029914567958828,72,Degraded,-0.6320897492535459,1.253577491327953,-1.0512789725986658,0.35679935550079794,1.1302771363053574,0.06460077082997365,-0.21494668620857074,-0.5457511189797619,0.41275141934795617,-0.27102298218839127,0.2635251439287369,0.10735513735424591,0.44104575107219063,-1.7845513443377088,0.6838466569952314,-0.07902434791143954
B0056,31,0.5827142468396965,71,Degraded,-0.7873839461125921,1.516470026253353,-1.0607024003358945,0.543084356910423,1.345169565797428,0.6911996649285973,-0.4426706617763055,-0.9075214370682793,-0.0594054054289824,-0.11039745564204814,0.3272954672514102,0.18291402745238539,0.71777797048881,-0.8716154866695496,-0.03838016591548385,-0.09384658290414015
B0056,32,0.5895030306596929,70,Degraded,-0.6612121619371054,1.5253004732084994,-1.030700534961108,0.5420218286161693,1.2323830712265271,0.7331303812333639,-0.46728307700134886,-0.9116375356950129,0.05146146407094756,-0.1527165948654728,0.23586905325316382,0.24435057657408762,0.8768925017773993,-0.9414951589655941,0.24744341283282972,-0.07987741361747493
B0056,33,0.6006556873591576,69,Degraded,-0.8092122261349243,1.2973473673812759,-1.1443262119959892,0.5547323774184612,1.4105725661947321,0.7918109537807982,-0.5476984280235314,-1.16728656987468,0.03467858306330367,-0.30073441864451783,0.2589388902522545,0.04240458081716646,0.6725560013461782,-0.6629492128139131,-0.3558319024277573,-0.11044735920677475
B0056,34,0.582798901658716,68,Degraded,-0.706263552802381,1.5078518621117372,-1.17747604783946,1.1005717963003652,1.4126816788414767,0.8722883228384712,-0.5686808105814605,-1.278962011668547,-0.19128152562836,0.03830575872367874,0.338617604382021,0.07838898599911376,0.7384277536888687,-0.18908496171465988,-0.6834805833257465,-0.13291660700127453
B0056,35,0.590151667527501,67,Degraded,-0.6684674944341378,1.3293153170796774,-1.1175341805116144,0.9911618085449385,1.3940365703242021,0.41535549949324574,-0.396889224391711,-0.9832674704107073,0.07651211367278674,-0.07208634471270725,0.23612322095829869,0.01658143581922809,0.5250019900602305,-0.7976438557842526,-0.05979430737842912,-0.11120903798973636
B0056,36,0.5829067094847523,66,Degraded,-0.601835949854466,1.5421227755252136,-1.0258072775491696,0.5190244620229423,1.2109954396869236,0.6353628185466382,-0.4284721088247974,-0.8640850478669378,0.13842087605750739,-0.15488834147393443,0.23175953708030086,0.33844701738681315,0.8898357012763123,-1.0119157620792136,0.5089060942270771,-0.06530019166401937
B0056,37,0.588198025788688,65,Degraded,-0.6573647552975642,1.17364249439271,-1.074773945921506,0.35189570392873937,1.2719193912540279,0.07146074196938287,-0.24679238590618785,-0.6046710817839692,0.436457337588709,-0.18487888890649545,0.25661743335009723,0.04056362339710281,0.34219113246976296,-1.5409115012307912,0.424240451071318,-0.091023967657034
B0056,38,0.5729162756470383,64,Degraded,-0.8175390272422028,1.3928773990095338,-1.2209204099460764,0.5165982869878654,1.4395993023232754,0.7054408761213373,-0.4968175633394272,-1.0711325562825242,0.00381241611827568,-0.17660931307911096,0.44478227627436717,0.11668961523248335,0.48571616797990813,-0.5087544403212504,-0.741576498193652,-0.13425156764230217
B0056,39,0.583778879990148,63,Degraded,-0.6460560438095329,1.5113778701340752,-1.0759702661449764,0.5639763185439391,1.2975184509590536,0.8083137265866523,-0.5208210468628796,-1.028248171854701,0.08341174986384246,-0.0811572190442839,0.21868690251125703,0.25239349021828855,0.9379055917270311,-0.6866955882370527,0.09893931909957934,-0.08264670927334579
B0056,40,0.572818327355958,62,Degraded,-0.7634365630861901,1.2928777821081168,-1.1432298233316436,0.4424750342708597,1.4382549595461325,0.3793448611156406,-0.3698730881833713,-0.79100805245336,0.2154770893687311,-0.06383741382015695,0.3441273295033713,0.03695514546230891,0.42787403201070406,-0.9743439990604639,-0.34297122749388664,-0.12417050539485983
B0056,41,0.5721833501412222,61,Degraded,-0.6426054880546521,1.2531881701235361,-1.1885386836598173,0.38272798312999745,1.287957117574629,0.32999814241362374,-0.3611425507075163,-0.7741485427074052,0.3391483077081153,-0.04502494202923222,0.37648852192419413,0.01887802841317852,0.3597023117556966,-1.0110522666337218,-0.36454353683018753,-0.1313556275937148
B0056,42,0.5802588843194048,60,Degraded,-0.6260593645441762,1.500901497689027,-1.1335097492644162,0.5248447390724789,1.307208630591948,0.5870193903759614,-0.43202399846874623,-0.9068544531668628,0.21299932897315588,-0.10873345060885148,0.1923274097304752,0.2872208642854835,0.9011403791778163,-0.9434724741304662,0.3859548959581671,-0.0716279948547196
B0056,43,0.613600652130124,59,Degraded,-0.8187571062998424,1.454460392447796,-1.125148382465617,0.6538206895702742,1.3605675361675122,0.9554864536563565,-0.6079817688969313,-1.3858510272378726,-0.016070598898033417,-0.400909365110668,0.4014084929041436,0.4583113744041276,0.8524710485473931,-0.2626972332783676,-0.2913524666897159,-0.08983922412354733
B0056,44,0.6227398601022738,58,Degraded,-0.6185847916640085,1.108853234685248,-1.1533307173495968,0.9241652218965078,1.3055757732215045,0.14120911114712376,-0.3385483048990955,-0.9906643337638609,0.3915679587648727,-0.28841595969218475,0.2443701777597986,0.04905346338375342,0.35835027111175477,-0.9081148500384106,-0.03347529788162853,-0.1163824555267764
B0056,45,0.5861144424518614,57,Degraded,-0.6966467568013894,1.4152081101937004,-1.0552361296155177,0.4751276471090474,1.3607787773301288,0.34358574757248606,-0.33455658002277366,-0.7119621242749493,0.26781955655868334,-0.1264025710422509,0.24009192215756645,0.253310792808308,0.6232288675050234,-1.0630774698703467,0.2755965204820112,-0.083674277724291
B0056,46,0.5976757499972478,56,Degraded,-0.5076494739918411,1.4064822212336154,-1.0377128044919701,1.0015645395651265,1.3005649639202952,0.33914566397189416,-0.36907740108702614,-0.9015626384589898,0.2813651581489608,-0.09778933734372929,0.10485335780916721,0.2667768312228602,0.7756471843932601,-0.8630582734285179,0.5817226666093473,-0.0727525902210492
B0056,47,0.5959757358101962,55,Degraded,-0.7569470256853569,1.2215167185868092,-1.2723631403636015,0.5117423342547104,1.4266517912623409,0.6436857895804615,-0.5270121468228494,-1.1389832185250142,0.25441653375638246,0.0006781183349394102,0.3128568611263465,-0.04767274345668399,0.6073291441797842,-0.4871084541197672,-0.8805718999112317,-0.14500520397480515
B0056,48,0.6148111832626293,54,Degraded,-0.7488689501500374,0.8270188228287093,-1.2067140900174504,0.44286620979060254,1.453344488110737,0.32470668987319373,-0.48531467492554825,-1.3327268892179218,0.6227639741020201,-1.9282574751808619,0.06397350324533535,0.4987335815306443,0.27965724502196576,-0.833180234812427,0.7092775764458841,-0.04885205663389922
B0056,49,0.6387259709698494,53,Degraded,-0.9078513681478511,1.3065173129529206,-1.1188303130871846,0.7279133787469594,1.3116410313279805,1.100326394797464,-0.7088721436150216,-1.7773300295490924,-0.01576114917096119,-0.10142345856647497,0.5797667738009951,0.4245914479717551,0.9628084196512001,0.1363091346587065,-0.9097609427062399,-0.11303388305576106
B0056,50,0.6216939875834292,52,Degraded,-0.7491362753810852,1.0749665901429086,-1.0676500639723896,0.4595473233892984,1.3095031623310984,0.25371190934947774,-0.3707122124406887,-0.9005086798838036,0.4681492827006608,-0.10487430861271556,0.23481456522164013,0.016604682894961535,0.46541362914922574,-0.9821747003712288,-0.16622655116676,-0.11012301586439824
B0056,51,0.615401271456296,51,Degraded,-0.6818815232501682,1.0710498830157322,-1.0606897415715455,0.4250604012154184,1.2743782795145262,0.13237631951465423,-0.32070234255165025,-0.8177105277428849,0.5700663365523626,-0.13335826040636947,0.21102723988491065,0.08303507501480771,0.47655987816258094,-1.1804734183542838,0.16351794655836369,-0.09591758421499944
B0056,52,0.6081179267047332,50,Degraded,-0.6671265970916795,1.1311346296501956,-1.0698024825624626,0.4430612362447051,1.2817563522720568,0.18703747972659174,-0.33726326146765484,-0.8434178082202607,0.5443442411506912,-0.11124563969517466,0.2262030929943051,0.14673519216860784,0.5423125694978462,-1.1134783879693078,0.17768911785060362,-0.09273506022333043
B0056,53,0.6044167863249774,49,Degraded,-0.6300023992424715,1.1314147856298737,-1.1280723864857283,0.4063536721151983,1.2249320354991209,0.111720863229098,-0.30741939588998174,-0.7926701153064132,0.6030257089271376,-0.09652841482271368,0.2655664514893819,0.13093571982287572,0.4664072911666073,-1.1558775248898614,0.11944515096074616,-0.09942574998565193
B0056,54,0.5973090581120178,48,Degraded,-0.5068705667353957,1.213127337268655,-1.018814396987297,0.34806147981487623,1.1152858869358846,-0.13688972568532534,-0.17918074880057588,-0.5068698729257923,0.7449260416614357,-0.383016503826011,0.22884674533505753,0.41843984132266004,0.4085282169766128,-1.5725368175399521,0.9476116760055733,-0.06024852128623178
B0056,55,0.5867124067397496,47,Degraded,-0.49117934197305974,1.4661997525491004,-0.983243043242385,0.4803380950609779,1.1942792036673906,0.261860152257624,-0.3106773914237993,-0.6327025314315687,0.5264377153467921,-0.1801330582885373,0.06358102859917854,0.47070983851836207,0.8873835712335062,-1.212023710528703,1.04373235997973,-0.039255564360921494
B0056,56,0.5702298152956564,46,Degraded,-0.6427266045150624,1.2810412411146108,-1.087720755024286,0.3848387274227347,1.3630324732283168,-0.02086301166926441,-0.2187722262116127,-0.5013881415332497,0.5545059657155967,-0.09015990487440687,0.25309088568008836,0.2198676764478867,0.3802354032746817,-1.2347046548857876,0.22081375283930293,-0.09758129890467991
B0056,57,0.5910858203422994,45,Degraded,-0.5737743856501611,1.223615699199335,-1.1531094825999628,0.41874816628594647,1.251702227917057,0.13624157973260836,-0.3105757994087444,-0.7500065993049694,0.6224576549103423,-0.0797187992596717,0.1869029238949242,0.19657080257095955,0.5835913517290859,-1.1148807641324376,0.3057727375423848,-0.08701391745696221
B0056,58,0.5740331691027587,44,Degraded,-0.639441792732586,1.5897044250495325,-1.1098431892933647,0.6608141735924219,1.426823893718821,0.9256648513133033,-0.5989744395500924,-1.1551171461694598,0.1637515904329984,0.004667007945761249,0.14171062139681637,0.4119981993045205,1.1666596892470207,-0.1869995541503301,-0.12066999330262136,-0.0824724924160682
B0056,59,0.5912690967517076,43,Degraded,-0.6912138874152536,1.1899267220037868,-1.2091080551633508,0.5250311971900902,1.447609380240828,0.5169848830197707,-0.501031514381802,-1.1227534282964382,0.4473262928729267,-0.1949623085808753,0.18236689641831583,0.15509946933675017,0.6696336386277562,-0.4949217540758609,-0.3316250847328133,-0.10932257299583785
B0056,60,0.57760464314233,42,Degraded,-0.6852441310542045,1.4959917421086841,-1.179535191836793,0.6633912273602801,1.44274115256169,0.9893155301061531,-0.6503679072760783,-1.311730159660438,0.15043198755302303,0.09216982522929988,0.22971298644243207,0.3128254489379193,1.059572740152817,0.04716430311183638,-0.588711258290365,-0.10651393448792279
B0056,61,0.5608408356335848,41,Degraded,-0.6671119370734381,1.2301829988460717,-1.1820591876640025,0.39952171969284256,1.454893088591327,0.10044285909831722,-0.2983506629615326,-0.6537608109071977,0.5431435124359862,-0.001781975528279761,0.29891261730572605,0.1265584768802177,0.34696835184007063,-0.871722452344943,-0.3682957344902203,-0.12798008350219597
B0056,62,0.5813331312807285,40,Degraded,-0.664257080089333,1.3259422692331861,-1.2483100408431098,0.5726628423648386,1.4339514876165407,0.6958112454646113,-0.5591122071865495,-1.183958977423543,0.3604186435690709,0.07445664490725967,0.2032673165360425,0.16373679965052135,0.8517676168880578,-0.23878532201195452,-0.5643816930015055,-0.11635984389849074
B0056,63,0.562347807872463,39,Degraded,-0.6159783137259003,1.3617855738128872,-1.2230801393919286,0.508526126991092,1.4238798730293272,0.5483859240068636,-0.4859918030976199,-0.9812362748447734,0.40766325204162607,0.05988363119126514,0.27135972174766554,0.20649904579841505,0.6961869401993461,-0.3358932656271021,-0.6144910779910637,-0.12712153301292328
B0056,64,0.5832088974398966,38,Degraded,-0.5271394084582481,1.406716393254017,-1.1556839642180348,0.5239720896905417,1.3219330405081,0.3871672125616108,-0.40893994648899784,-0.9261091406833554,0.56183016616883,-0.25729201286647607,0.05161976626357942,0.46469472595710837,0.9372730431441435,-0.795040850874127,0.7221498168743784,-0.04704208764014075
B0056,65,0.5673372578189732,37,Degraded,-0.5329047184512643,1.3559810191299884,-1.1228875973267527,0.46540823888082744,1.3393473870554617,0.261890138085313,-0.35750632518628694,-0.7716370450203623,0.5875974708199403,-0.021881618218249434,0.19410730373887614,0.3782675841888327,0.7170525561347074,-0.8244449639323077,0.24634360395400004,-0.08442876436421033
B0056,66,0.5506115658546378,36,Degraded,-0.4373813119255398,1.3019370283728808,-1.1411931776210498,0.8489846101019582,1.4127962139967825,-0.24515625513243247,-0.1679042685299569,-0.511726648080054,0.6694327603437769,-0.005511497681276566,0.20463758300983056,0.2778021577569433,0.35438310178254767,-1.0004179989987565,0.2505741150119596,-0.10911088993065003
B0056,67,0.5780366974236416,35,Degraded,-0.5330734092456462,1.281718757020357,-1.1210228978511974,0.49445877071106425,1.3818565058928056,0.31194596463546276,-0.39938721169957536,-0.9037975709039205,0.622831104792478,-0.04572277249421927,0.031108818322921294,0.31071788741525264,0.8701604198827952,-0.7868690669418984,0.557586583589774,-0.0593435355627451
B0056,68,0.5692804949382001,34,Degraded,-0.5706815558561302,1.2339751728839092,-1.1915370571232906,0.4573271823817984,1.366138399499538,0.2974998580674347,-0.4050840095334966,-0.9168945789268407,0.6123691019826567,0.06836561857976907,0.29694791974815626,0.27607501752995184,0.5911672006266163,-0.5943086673054133,-0.30144817922112593,-0.11537874085984276
B0056,69,0.5878632724386853,33,Degraded,-0.5365574057092285,1.3195528365910596,-1.1632541768610603,0.5114383485142434,1.3041889756610063,0.4081031318341369,-0.4468637077446166,-1.0217590060710735,0.6130976429529247,-0.38809074626634865,0.21750110804358494,0.5397713193594678,0.7526663917640467,-0.5114241986134196,0.17134655883003153,-0.07892292347799597
B0056,70,0.5984692816226278,32,Degraded,-0.5719682814322641,1.260358928876383,-1.1915928305662133,0.5074948956436821,1.3232159952595317,0.33304761753158285,-0.42341193962982543,-0.9992910955606192,0.6490288670040696,-0.20499058713123214,0.14726275940650269,0.37859401739446064,0.758816600654863,-0.6030547901868314,0.15600414202756613,-0.0809654901216034
B0056,71,0.5633728994363133,31,Degraded,-0.6027339778413401,1.3379728377182016,-1.1869391483930805,0.49404201135139014,1.520166866870497,0.36578909708445667,-0.42339682468456097,-0.8455478841104653,0.5476425586939098,0.01812306867536521,0.17202622547346638,0.26674208761218315,0.7117643171180968,-0.44591269280260876,-0.3507368932636094,-0.11412344208908466
B0056,72,0.5800515684279766,30,Degraded,-0.443208896894582,1.2578982542801183,-1.0478472515001844,0.4158277070356943,1.2771719517758566,-0.011230926806493454,-0.26427642248733657,-0.6254897884044551,0.8405335061680973,-0.06678025206845736,0.0737236211904857,0.44311958401904317,0.716468846352242,-1.1329258864330638,0.861043196566784,-0.054115183067352385
B0056,73,0.5680729364845138,29,Degraded,-0.6526133390258957,1.2663063894981645,-1.1797328641981808,0.5357685718020058,1.575837058630218,0.42613961605773126,-0.4676958190143357,-0.9980277563772408,0.5375367373341131,0.04926372898441722,0.13161920644857605,0.2341954238491566,0.7769434330645646,-0.3448114574462338,-0.3241748637848654,-0.105571526672168
B0056,74,0.5698626947130938,28,Degraded,-0.5089679066276718,1.3844645337868042,-1.1512629983788627,0.5256664158751446,1.3629669238771365,0.40817212332899355,-0.437208418921491,-0.9425171200441688,0.6096573769397684,0.05794139543510304,0.1518403247750014,0.452936413990057,0.8850923281562427,-0.4961334013952167,0.18815443610453,-0.0776226833743941
B0056,75,0.5780005012383788,27,Degraded,-0.4990463811158197,1.1236640562430058,-1.2390433599758934,0.3786314049849315,1.3478062272261533,-0.06647268193445369,-0.2846558217051745,-0.739126983074147,0.9169331835477649,-0.21971037099957902,0.1697051490398715,0.3205623441658578,0.47671545432342227,-0.9509702434733542,0.2089025532622815,-0.09474568244629315
B0056,76,0.5634093095134175,26,Degraded,-0.4620963523628222,1.3266808099231355,-1.1456857208467772,0.4436724154964349,1.3471550939368404,0.12981065595909352,-0.32622332995899145,-0.7150264011170403,0.768202488102907,0.0043765710221494725,0.1389404035553478,0.4379591686489137,0.7234421812146038,-0.7890024394023208,0.3663338649686256,-0.07817959428018252
B0056,77,0.558344177840197,25,Degraded,-0.4854014511615218,1.1579711962838022,-1.1228115471374647,0.32711010074691393,1.405328926166798,-0.32155589897364883,-0.15441152673392042,-0.4286075226249724,0.961947915141918,-0.05755036639058261,0.12134669372739196,0.32333886112915344,0.4088732781872125,-1.2557110350930951,0.6223483218725298,-0.07625991770077806
B0056,78,0.5665306598833423,24,Degraded,-0.5566342661664297,1.4379836481487147,-1.186773126566693,0.625250753353582,1.4817831546682039,0.7340597394571116,-0.5844682769105665,-1.207579218086131,0.4712225291694744,0.13310796849449033,0.10012730216927442,0.4368341916094808,1.10393720162429,0.0052859448036533556,-0.15034794196550208,-0.08249516537848083
B0056,79,0.5446919948997986,23,Degraded,-0.6390214006391249,1.427630827537277,-1.2354221913863646,0.5692149424022412,1.6353298657299815,0.5380905296645948,-0.4997964116235948,-1.000718276792195,0.46616318775297844,0.12951086013293983,0.1703695929271278,0.33321612020918795,0.856044620866777,-0.04548173686043048,-0.5599794495575072,-0.11335539460241792
B0056,80,0.5560418229629684,22,Degraded,-0.4958309987507631,1.309116557355703,-1.2539906873744946,0.46542117390456794,1.429179995456484,0.25299337558304896,-0.40135637875363417,-0.8747152335543381,0.7401239688027804,-0.08172353182637676,0.19159021184726743,0.4255118927943118,0.6622261974138861,-0.44313930043517263,-0.1342540994093733,-0.10294097868589838
B0056,81,0.5639975127324168,21,Degraded,-0.5273893200721927,1.2885932180703827,-1.154748633608453,0.5141697871096642,1.5067881040827358,0.2869752184057944,-0.4158552206145335,-0.9220282062700383,0.7153022704211398,0.034257132811918355,0.016341957731286227,0.37009896390132785,0.8914441814058888,-0.48168052709635634,0.31200255564964835,-0.06800967415996106
B0056,82,0.5693387282512089,20,Degraded,-0.5308249549915894,1.357749503873049,-1.2097441454092062,0.5929447870987073,1.480229689715736,0.5674586572100657,-0.535258103366326,-1.18588711031252,0.6164588058530357,0.09217364416988934,0.06499023774472401,0.44342853896922346,1.0871825851634482,-0.13720886042890432,0.06689685079304661,-0.07227180259055573
B0056,83,0.5635568481100321,19,Degraded,-0.4946552238537923,1.2617838017347631,-1.2515854543391611,0.478628431784119,1.4352683016376082,0.20518532497441747,-0.39455841434612676,-0.9183175087404515,0.8146059109995032,0.0707578618779725,0.13427455169342192,0.38312135136972025,0.7927771509448047,-0.5078814012303355,0.03077786659508174,-0.09075264788697843
B0056,84,0.5550754434826874,18,Degraded,-0.4793772980251165,1.3291781670360148,-1.2186321703038392,0.4964615296666058,1.4438341087309994,0.2992447048856182,-0.4230487623047032,-0.9047552241426263,0.7519385395720549,0.09820622976179857,0.12456051868749021,0.4178776236721201,0.806637753107245,-0.3715338445637996,-0.006154675976233773,-0.0902654675715408
B0056,85,0.5672316130211232,17,Degraded,-0.7247395631445793,0.9996046329996302,-1.4035531614315928,1.337099637993343,2.80190596785735,7.60629263311043,14.007483254951913,-2.7467645973126626,4.037736555611388,0.0468939696244038,0.11005205430268841,-0.10630951501905186,0.23272085972401532,-0.33752625582343965,-1.7086057900622889,16.361214007706078
B0056,86,0.5542293781514315,16,Degraded,-0.4328097604394041,1.1921795722867594,-1.2368771369887992,0.38773595695449203,1.3848069768810858,-0.03079687007034347,-0.30429722021886324,-0.7018646906833594,0.9588513209998895,0.069981459392352,0.16978732645756173,0.3529524424468114,0.5341152648938624,-0.6825661105671269,0.022152288739129652,-0.10234482017607961
B0056,87,0.5384110435107422,15,Degraded,-0.5187505151650013,1.4607565825697741,-1.1783256908825963,0.5158007234216588,1.5735634176751636,0.22814614563875965,-0.3663752526454439,-0.7547697368025771,0.6913543355835108,0.08160040280198853,0.0668355137788942,0.5102847938975553,0.8758280391729046,-0.40522194438994485,0.23209933367167732,-0.07314240166490403
B0056,88,0.5641991064599085,14,Degraded,-0.45756908694113907,1.2800407120197448,-1.2424990760864807,0.5082947870096244,1.4513263206996372,0.24662820480022743,-0.4196767996407432,-0.9726327715684668,0.855850200817597,0.07120563340837337,0.015148308426092919,0.42345704053295335,0.9507684283532951,-0.43233082487506147,0.30776896159224815,-0.06883533751817511
B0056,89,0.5533175173265684,13,Degraded,-0.4451318446244567,1.254793786796679,-1.2512780105097434,0.44680610343951416,1.4371525236262193,0.1422905132353732,-0.3776897529611277,-0.8556522845900871,0.8881220889769982,0.12709870642348348,0.17971678808219804,0.4314306429294062,0.6901887447550412,-0.4263795932004391,-0.0714502051814647,-0.09935632057472363
B0056,90,0.6358045361086595,12,Degraded,-0.735907894601023,1.1358897672340071,-1.231998104930134,0.7255306281914237,1.4431270645709788,0.8904712220909782,-0.7421271540323298,-1.8543369581425286,0.5695271841367778,-0.23462270178492547,0.3281811648114215,0.6156209720114416,1.0654880834615734,0.6704788068343175,-0.8784581019621037,-0.10366292658327927
B0056,91,0.6207883587688984,11,Degraded,-0.5857030279560798,0.9342132647704854,-1.2332117793205826,0.42424033366715475,1.3913325238642429,-0.11898363872328113,-0.32389535522975155,-0.9281654778571949,1.0793775937903989,-0.18693815803701222,0.14843343044263613,0.2918824409063622,0.45944457654005266,-0.5959096205753499,-0.19707379472004222,-0.1090847408992565
B0056,92,0.587326452211407,10,Degraded,-0.2469214382302915,1.228092946755305,-1.0612600247944808,0.8390156928288638,1.261938259369472,-0.6037393886685009,-0.0699317147254718,-0.3752802685682696,1.1850973853913935,-0.07570829388231765,-0.009273649005562594,0.5738268775893244,0.5204128827268897,-1.1527372195310444,1.1173719076447348,-0.05816193492126905
B0056,93,0.5994694942593881,9,Degraded,-0.47662251828305263,1.0459483218653964,-1.1638098013346094,0.41787973203673523,1.3910339668354943,-0.16500278200047847,-0.2821243309421164,-0.7429703460057366,1.1241036600823455,-0.004564974023457968,-0.01036085239126013,0.3216173301184541,0.6440727174503831,-0.7891089288270635,0.36830302990704605,-0.07836156294372977
B0056,94,0.5730699482594283,8,Degraded,-0.5941539614496062,1.2570090825322056,-1.2216052639224215,0.5350011222181301,1.5638610646632585,0.27361918266338114,-0.44090156898399097,-0.9621364553424586,0.7812552865631017,0.1298878680975003,0.14244780766119997,0.36451685600485634,0.764892472061081,-0.05919392030907761,-0.5299300483568037,-0.11306693260747583
B0056,95,0.5646121893359425,7,Degraded,-0.451988722859785,1.2432553978744216,-1.2148246573179593,0.4369025790136998,1.4403109189383014,-0.00292679321977416,-0.32321450058924023,-0.6966456969216338,0.9938061850468128,0.09366389550216238,0.12364246363542337,0.42002464054853866,0.6503779318894425,-0.46774248698247456,-0.14608562050401297,-0.10664959619725353
B0056,96,0.5551716444009956,6,Degraded,-0.5073261361773452,1.2322953229349016,-1.258790303540573,0.4374608802955042,1.550342459216048,0.01357622081690899,-0.33882149149056345,-0.7292684209457814,0.9517394768986794,-0.0726655925723085,0.15725738851518062,0.41825311020520173,0.5558778410439047,-0.3076799087123471,-0.4269717891300767,-0.12097113547064056
B0056,97,0.5769547364487375,5,Degraded,-0.44186379780191143,1.2050860716652252,-1.1969413431117397,0.4757679621496894,1.4038100617733489,0.08701819780450198,-0.373945919379207,-0.8487803472632085,1.0080609074348728,0.12579880694815387,0.089751454305414,0.457590854388595,0.7576214978578304,-0.38691588314462144,0.004748760297401818,-0.09236734457207271
B0056,98,0.5651095727670069,4,Degraded,-0.6370823889105736,1.4682356596205626,-1.2432929118136993,0.7324733085054401,1.7405043957233655,0.8704076403366533,-0.6819537865031704,-1.3537580461086551,0.5030434570818411,0.214264787019991,-0.030751446632420982,0.44234266776076375,1.2946059211965613,0.6420272193592726,-0.6664164654086658,-0.09599555839608738
B0056,99,0.5629359704017048,3,Degraded,-0.40912130021042764,1.4624195071101407,-1.253715619385755,1.1363442390825018,1.5779589107626106,0.46395212337409486,-0.5303523841800538,-1.2104903839602545,0.6527184896695767,0.24168979423986134,0.00320215721927302,0.5312457946851833,1.0803350237243938,0.41297624960290585,-0.2628467272178402,-0.09665432207088782
B0056,100,0.5715054141960484,2,Degraded,-0.5084958381590378,1.2112936583503748,-1.2337465502446578,0.5502963816196271,1.5779783936868423,0.2815026660971782,-0.4711014245575224,-1.047688000301417,0.9189053602110896,0.12649023528381093,-0.025022768702527603,0.39422700017837553,0.9525824358930767,-0.07534391820001886,-0.12530886429912724,-0.08791828602647958
B0056,101,0.5686365887655146,1,Degraded,-0.5996659266839439,1.2686027151326111,-1.305255699995628,0.6282937535476573,1.6678971689743738,0.569208777719933,-0.5964489408047522,-1.3239902036175606,0.737088237942627,0.025584767934972084,0.09807330693146389,0.47006277918100564,0.9742036711410428,0.43465922354412884,-0.682243245668965,-0.10738310402530485
B0056,102,0.5645295068889752,0,Degraded,-0.453529066760445,1.3130684758340156,-1.2500264861935877,0.5398824281436112,1.4735380051969844,0.2822181224895822,-0.45323318984180916,-0.9907253116861403,0.9171425092468853,0.19443578742899734,0.10301032064213106,0.5324195879523836,0.9025850149706968,-0.029525555945904353,-0.216484917886671,-0.09514915080976319
